id	assigned_topic	topic_label	lang
Erb_1809	101	101_little maiden_golden maiden_little dove_farmer wife	cs
Erb_1811	124	124_horse god_little horse_altar_wife little	cs
Erb_1814	124	124_horse god_little horse_altar_wife little	cs
Erb_1815	75	75_maidens young_honzíček_men maidens_roses	cs
Erb_1816	130	130_mourn_hurts mother_little soldier_thorns	cs
Erb_1817	115	115_joyful wedding_dear mother_little horses_mother gave	cs
Erb_1818	0	0_midsummer_mother grave_hay_rise dear	cs
Erb_1819	0	0_midsummer_mother grave_hay_rise dear	cs
Erb_1820	137	137_horses_rye_buns_buy horse	cs
Erb_1821	57	57_dear jeníček_scripture_marries_harshly	cs
Erb_1823	124	124_horse god_little horse_altar_wife little	cs
Erb_1824	0	0_midsummer_mother grave_hay_rise dear	cs
Erb_1827	85	85_violet_comfort heart_peacock feathers_little heart	cs
Erb_1828	0	0_midsummer_mother grave_hay_rise dear	cs
Erb_1829	0	0_midsummer_mother grave_hay_rise dear	cs
Erb_1831	57	57_dear jeníček_scripture_marries_harshly	cs
Erb_1833	133	133_little horses_whip_poppy_love little	cs
Erb_1834	57	57_dear jeníček_scripture_marries_harshly	cs
Erb_1836	75	75_maidens young_honzíček_men maidens_roses	cs
Erb_1838	0	0_midsummer_mother grave_hay_rise dear	cs
Erb_1839	0	0_midsummer_mother grave_hay_rise dear	cs
Erb_1840	142	142_little bouquet_dear ones_soldiers_little feet	cs
Erb_1843	0	0_midsummer_mother grave_hay_rise dear	cs
Erb_1844	0	0_midsummer_mother grave_hay_rise dear	cs
Erb_1848	85	85_violet_comfort heart_peacock feathers_little heart	cs
Erb_1858	142	142_little bouquet_dear ones_soldiers_little feet	cs
Erb_1860	60	60_bridesmaid_bridesmaids_farewell dear_little wine	cs
Erb_1861	124	124_horse god_little horse_altar_wife little	cs
Erb_1864	140	140_hay_pasture_little grandmother_grass little	cs
Erb_1865	124	124_horse god_little horse_altar_wife little	cs
Erb_1866	115	115_joyful wedding_dear mother_little horses_mother gave	cs
Erb_1867	115	115_joyful wedding_dear mother_little horses_mother gave	cs
Erb_1868	115	115_joyful wedding_dear mother_little horses_mother gave	cs
Erb_1872	88	88_mother poor_poor mother_dear parents_mother raised	cs
Erb_1873	93	93_poor maiden_fair maiden_white maiden_wove wreath	cs
Erb_1874	17	17_dear maiden_joy sorrow_lordly_duty	cs
Erb_1875	88	88_mother poor_poor mother_dear parents_mother raised	cs
Erb_1876	0	0_midsummer_mother grave_hay_rise dear	cs
Erb_1877	120	120_gentle little_dear brothers_fly little_dear daddy	cs
Erb_1878	124	124_horse god_little horse_altar_wife little	cs
Erb_1879	57	57_dear jeníček_scripture_marries_harshly	cs
Erb_1882	124	124_horse god_little horse_altar_wife little	cs
Erb_1883	129	129_beloved dear_loved faithfully_silent dear_dear andulka	cs
Erb_1884	0	0_midsummer_mother grave_hay_rise dear	cs
Erb_1887	93	93_poor maiden_fair maiden_white maiden_wove wreath	cs
Erb_1890	124	124_horse god_little horse_altar_wife little	cs
Erb_1893	101	101_little maiden_golden maiden_little dove_farmer wife	cs
Erb_1894	105	105_beautiful hay_hay cutter_washed head_wool	cs
Erb_1895	57	57_dear jeníček_scripture_marries_harshly	cs
Erb_1896	85	85_violet_comfort heart_peacock feathers_little heart	cs
Erb_1897	115	115_joyful wedding_dear mother_little horses_mother gave	cs
Erb_1898	115	115_joyful wedding_dear mother_little horses_mother gave	cs
Erb_1905	53	53_rice field_yangsan_weed field_weed fields	cs
Erb_1907	133	133_little horses_whip_poppy_love little	cs
Erb_1909	72	72_sail sea_sail_sailor_sailed	cs
Erb_1910	118	118_golden maiden_little wreath_nightingale_dove dear	cs
Erb_1915	85	85_violet_comfort heart_peacock feathers_little heart	cs
Erb_1917	139	139_tree apple_apple tree_tree seen_barley field	cs
Erb_1918	134	134_ran away_nanynka_chasing_wounds	cs
Erb_1924	133	133_little horses_whip_poppy_love little	cs
Erb_1928	129	129_beloved dear_loved faithfully_silent dear_dear andulka	cs
Erb_1929	101	101_little maiden_golden maiden_little dove_farmer wife	cs
Erb_1930	75	75_maidens young_honzíček_men maidens_roses	cs
Erb_1931	115	115_joyful wedding_dear mother_little horses_mother gave	cs
Erb_1932	57	57_dear jeníček_scripture_marries_harshly	cs
Erb_1934	103	103_dog went_went herd_whistled_nest forest	cs
Erb_1940	133	133_little horses_whip_poppy_love little	cs
Erb_1942	129	129_beloved dear_loved faithfully_silent dear_dear andulka	cs
Erb_1943	75	75_maidens young_honzíček_men maidens_roses	cs
Erb_1944	123	123_praise joyful_joyful spirit_joy rejoice_celebration	cs
Erb_1945	115	115_joyful wedding_dear mother_little horses_mother gave	cs
Erb_1946	124	124_horse god_little horse_altar_wife little	cs
Erb_1948	115	115_joyful wedding_dear mother_little horses_mother gave	cs
Erb_1950	115	115_joyful wedding_dear mother_little horses_mother gave	cs
Erb_1951	0	0_midsummer_mother grave_hay_rise dear	cs
Erb_1952	133	133_little horses_whip_poppy_love little	cs
Erb_1955	124	124_horse god_little horse_altar_wife little	cs
Erb_1957	124	124_horse god_little horse_altar_wife little	cs
Erb_1958	0	0_midsummer_mother grave_hay_rise dear	cs
Erb_1959	124	124_horse god_little horse_altar_wife little	cs
Erb_1967	115	115_joyful wedding_dear mother_little horses_mother gave	cs
Erb_1968	124	124_horse god_little horse_altar_wife little	cs
Erb_1969	133	133_little horses_whip_poppy_love little	cs
Erb_1970	133	133_little horses_whip_poppy_love little	cs
Erb_1972	0	0_midsummer_mother grave_hay_rise dear	cs
Erb_1973	124	124_horse god_little horse_altar_wife little	cs
Erb_1974	130	130_mourn_hurts mother_little soldier_thorns	cs
Erb_1978	0	0_midsummer_mother grave_hay_rise dear	cs
Erb_1979	115	115_joyful wedding_dear mother_little horses_mother gave	cs
Erb_1980	124	124_horse god_little horse_altar_wife little	cs
Erb_1981	142	142_little bouquet_dear ones_soldiers_little feet	cs
Erb_1982	93	93_poor maiden_fair maiden_white maiden_wove wreath	cs
Erb_1984	142	142_little bouquet_dear ones_soldiers_little feet	cs
Erb_1987	115	115_joyful wedding_dear mother_little horses_mother gave	cs
Erb_1988	115	115_joyful wedding_dear mother_little horses_mother gave	cs
Erb_1989	0	0_midsummer_mother grave_hay_rise dear	cs
Erb_1991	0	0_midsummer_mother grave_hay_rise dear	cs
Erb_1992	57	57_dear jeníček_scripture_marries_harshly	cs
Erb_1993	0	0_midsummer_mother grave_hay_rise dear	cs
Erb_1994	115	115_joyful wedding_dear mother_little horses_mother gave	cs
Erb_1995	124	124_horse god_little horse_altar_wife little	cs
Erb_1997	133	133_little horses_whip_poppy_love little	cs
Erb_1999	85	85_violet_comfort heart_peacock feathers_little heart	cs
Erb_2003	130	130_mourn_hurts mother_little soldier_thorns	cs
Erb_2004	133	133_little horses_whip_poppy_love little	cs
Erb_2005	115	115_joyful wedding_dear mother_little horses_mother gave	cs
Erb_2009	85	85_violet_comfort heart_peacock feathers_little heart	cs
Erb_2013	120	120_gentle little_dear brothers_fly little_dear daddy	cs
Erb_2016	0	0_midsummer_mother grave_hay_rise dear	cs
Erb_2017	0	0_midsummer_mother grave_hay_rise dear	cs
Erb_2018	142	142_little bouquet_dear ones_soldiers_little feet	cs
Erb_2020	115	115_joyful wedding_dear mother_little horses_mother gave	cs
Erb_2022	99	99_beloved little_beloved girl_lord little_dear andulka	cs
Erb_2023	85	85_violet_comfort heart_peacock feathers_little heart	cs
Erb_2024	60	60_bridesmaid_bridesmaids_farewell dear_little wine	cs
Erb_2025	0	0_midsummer_mother grave_hay_rise dear	cs
Erb_2026	0	0_midsummer_mother grave_hay_rise dear	cs
Erb_2027	120	120_gentle little_dear brothers_fly little_dear daddy	cs
Erb_2034	129	129_beloved dear_loved faithfully_silent dear_dear andulka	cs
Erb_2036	107	107_confess_nuns_love girl_wounds	cs
Erb_2039	133	133_little horses_whip_poppy_love little	cs
Erb_2040	0	0_midsummer_mother grave_hay_rise dear	cs
Erb_2041	0	0_midsummer_mother grave_hay_rise dear	cs
Erb_2044	0	0_midsummer_mother grave_hay_rise dear	cs
Erb_2048	129	129_beloved dear_loved faithfully_silent dear_dear andulka	cs
Erb_2049	0	0_midsummer_mother grave_hay_rise dear	cs
Erb_2051	0	0_midsummer_mother grave_hay_rise dear	cs
Erb_2052	142	142_little bouquet_dear ones_soldiers_little feet	cs
Erb_2054	0	0_midsummer_mother grave_hay_rise dear	cs
Erb_2055	105	105_beautiful hay_hay cutter_washed head_wool	cs
Erb_2056	105	105_beautiful hay_hay cutter_washed head_wool	cs
Erb_2057	124	124_horse god_little horse_altar_wife little	cs
Erb_2058	120	120_gentle little_dear brothers_fly little_dear daddy	cs
Erb_2059	105	105_beautiful hay_hay cutter_washed head_wool	cs
Erb_2060	118	118_golden maiden_little wreath_nightingale_dove dear	cs
Erb_2061	139	139_tree apple_apple tree_tree seen_barley field	cs
Erb_2062	133	133_little horses_whip_poppy_love little	cs
Erb_2063	60	60_bridesmaid_bridesmaids_farewell dear_little wine	cs
Erb_2065	124	124_horse god_little horse_altar_wife little	cs
Erb_2067	0	0_midsummer_mother grave_hay_rise dear	cs
Erb_2068	133	133_little horses_whip_poppy_love little	cs
Erb_2069	0	0_midsummer_mother grave_hay_rise dear	cs
Erb_2070	105	105_beautiful hay_hay cutter_washed head_wool	cs
Erb_2072	105	105_beautiful hay_hay cutter_washed head_wool	cs
Erb_2074	118	118_golden maiden_little wreath_nightingale_dove dear	cs
Erb_2075	85	85_violet_comfort heart_peacock feathers_little heart	cs
Erb_2077	0	0_midsummer_mother grave_hay_rise dear	cs
Erb_2082	137	137_horses_rye_buns_buy horse	cs
Erb_2083	133	133_little horses_whip_poppy_love little	cs
Erb_2084	144	144_horseback_farmer_emperor_bowing	cs
Erb_2086	60	60_bridesmaid_bridesmaids_farewell dear_little wine	cs
Erb_2088	133	133_little horses_whip_poppy_love little	cs
Erb_2089	0	0_midsummer_mother grave_hay_rise dear	cs
Erb_2090	0	0_midsummer_mother grave_hay_rise dear	cs
Erb_2091	120	120_gentle little_dear brothers_fly little_dear daddy	cs
Erb_2092	115	115_joyful wedding_dear mother_little horses_mother gave	cs
Erb_2093	78	78_beloved girl_wife beautiful_heartfelt_making love	cs
Erb_2095	85	85_violet_comfort heart_peacock feathers_little heart	cs
Erb_2097	0	0_midsummer_mother grave_hay_rise dear	cs
Erb_2099	62	62_delights_love faithfulness_bride bridegroom_love beloved	cs
Erb_2100	115	115_joyful wedding_dear mother_little horses_mother gave	cs
Erb_2102	134	134_ran away_nanynka_chasing_wounds	cs
Erb_2104	139	139_tree apple_apple tree_tree seen_barley field	cs
Erb_2106	142	142_little bouquet_dear ones_soldiers_little feet	cs
Erb_2107	0	0_midsummer_mother grave_hay_rise dear	cs
Erb_2108	115	115_joyful wedding_dear mother_little horses_mother gave	cs
Erb_2109	0	0_midsummer_mother grave_hay_rise dear	cs
Erb_2110	133	133_little horses_whip_poppy_love little	cs
Erb_2112	0	0_midsummer_mother grave_hay_rise dear	cs
Erb_2113	23	23_welcome wedding_dear bride_wedding celebration_wedding	cs
Erb_2114	124	124_horse god_little horse_altar_wife little	cs
Erb_2116	120	120_gentle little_dear brothers_fly little_dear daddy	cs
Erb_2117	0	0_midsummer_mother grave_hay_rise dear	cs
Erb_2119	0	0_midsummer_mother grave_hay_rise dear	cs
Erb_2120	0	0_midsummer_mother grave_hay_rise dear	cs
Erb_2121	0	0_midsummer_mother grave_hay_rise dear	cs
Erb_2124	133	133_little horses_whip_poppy_love little	cs
Erb_2126	115	115_joyful wedding_dear mother_little horses_mother gave	cs
Erb_2127	0	0_midsummer_mother grave_hay_rise dear	cs
Erb_2128	0	0_midsummer_mother grave_hay_rise dear	cs
Erb_2130	0	0_midsummer_mother grave_hay_rise dear	cs
Erb_2131	60	60_bridesmaid_bridesmaids_farewell dear_little wine	cs
Erb_2134	133	133_little horses_whip_poppy_love little	cs
Erb_2135	133	133_little horses_whip_poppy_love little	cs
Erb_2137	134	134_ran away_nanynka_chasing_wounds	cs
Erb_2138	120	120_gentle little_dear brothers_fly little_dear daddy	cs
Erb_2141	120	120_gentle little_dear brothers_fly little_dear daddy	cs
Erb_2143	120	120_gentle little_dear brothers_fly little_dear daddy	cs
Erb_2145	129	129_beloved dear_loved faithfully_silent dear_dear andulka	cs
Erb_2146	85	85_violet_comfort heart_peacock feathers_little heart	cs
Erb_2150	137	137_horses_rye_buns_buy horse	cs
Erb_2151	118	118_golden maiden_little wreath_nightingale_dove dear	cs
Erb_2153	130	130_mourn_hurts mother_little soldier_thorns	cs
Erb_2154	0	0_midsummer_mother grave_hay_rise dear	cs
Erb_2159	94	94_little roses_bells_little lady_ran away	cs
Erb_2160	0	0_midsummer_mother grave_hay_rise dear	cs
Erb_2163	60	60_bridesmaid_bridesmaids_farewell dear_little wine	cs
Erb_2166	73	73_bagpipes_maids_home wife_men little	cs
Erb_2169	126	126_poor maiden_orphans_dear andulka_garden little	cs
Erb_2170	142	142_little bouquet_dear ones_soldiers_little feet	cs
Erb_2171	127	127_candle_candles_naughty_home morning	cs
Erb_2175	73	73_bagpipes_maids_home wife_men little	cs
Erb_2177	120	120_gentle little_dear brothers_fly little_dear daddy	cs
Erb_2180	73	73_bagpipes_maids_home wife_men little	cs
THB_40	100	100_did spruce_spruce old_dry spruce_forest dry	cs
THB_100	75	75_maidens young_honzíček_men maidens_roses	cs
THB_101	57	57_dear jeníček_scripture_marries_harshly	cs
THB_102	0	0_midsummer_mother grave_hay_rise dear	cs
THB_103	139	139_tree apple_apple tree_tree seen_barley field	cs
THB_104	129	129_beloved dear_loved faithfully_silent dear_dear andulka	cs
THB_105	125	125_joy sorrow_melody unknown_comfort heart_grant happiness	cs
h21305000012	112	112_tended herd_plow_slave tended_manor	et
e000151070015	124	124_horse god_little horse_altar_wife little	et
eys0617770000	140	140_hay_pasture_little grandmother_grass little	et
eys0617830287	86	86_little stars_little honzík_little sun_ladybug	et
h21304930008	140	140_hay_pasture_little grandmother_grass little	et
e000076970008	0	0_midsummer_mother grave_hay_rise dear	et
eys0807390339	101	101_little maiden_golden maiden_little dove_farmer wife	et
h21305400049	136	136_barking_young maiden_flea_little bell	et
e000093390023	140	140_hay_pasture_little grandmother_grass little	et
e000099700006	78	78_beloved girl_wife beautiful_heartfelt_making love	et
e000138100007	0	0_midsummer_mother grave_hay_rise dear	et
eys0910530166	101	101_little maiden_golden maiden_little dove_farmer wife	et
h21400660083	139	139_tree apple_apple tree_tree seen_barley field	et
eks1500010001	60	60_bridesmaid_bridesmaids_farewell dear_little wine	et
h31703830047	0	0_midsummer_mother grave_hay_rise dear	et
e000093890060	100	100_did spruce_spruce old_dry spruce_forest dry	et
e000123260005	101	101_little maiden_golden maiden_little dove_farmer wife	et
e000598850000	136	136_barking_young maiden_flea_little bell	et
e000613860003	136	136_barking_young maiden_flea_little bell	et
ea00006930012	78	78_beloved girl_wife beautiful_heartfelt_making love	et
eks1500040003	0	0_midsummer_mother grave_hay_rise dear	et
ekse00380000	84	84_forest dear_little birds_alder forest_maidens	et
era200101440001	0	0_midsummer_mother grave_hay_rise dear	et
era201101840004	84	84_forest dear_little birds_alder forest_maidens	et
era201103470003	81	81_candles_generous evening_solemnly_father dear	et
era201400770017	0	0_midsummer_mother grave_hay_rise dear	et
era201402870024	0	0_midsummer_mother grave_hay_rise dear	et
era202401570002	137	137_horses_rye_buns_buy horse	et
era202403540008	0	0_midsummer_mother grave_hay_rise dear	et
era202403770004	0	0_midsummer_mother grave_hay_rise dear	et
era203201730004	100	100_did spruce_spruce old_dry spruce_forest dry	et
estk4000600094	101	101_little maiden_golden maiden_little dove_farmer wife	et
eys0506170036	139	139_tree apple_apple tree_tree seen_barley field	et
eys0506300060	139	139_tree apple_apple tree_tree seen_barley field	et
eys0610680228	0	0_midsummer_mother grave_hay_rise dear	et
eys0614410114	0	0_midsummer_mother grave_hay_rise dear	et
eys0614660155	0	0_midsummer_mother grave_hay_rise dear	et
eys0614760170	0	0_midsummer_mother grave_hay_rise dear	et
eys0614860183	0	0_midsummer_mother grave_hay_rise dear	et
eys0615110244	103	103_dog went_went herd_whistled_nest forest	et
eys0616190047	101	101_little maiden_golden maiden_little dove_farmer wife	et
eys0706630026	0	0_midsummer_mother grave_hay_rise dear	et
eys0706800056	65	65_saint nicholas_nicholas saint_nicholas good_bring little	et
eys0715340010	0	0_midsummer_mother grave_hay_rise dear	et
eys0715460027	0	0_midsummer_mother grave_hay_rise dear	et
eys0715690076	86	86_little stars_little honzík_little sun_ladybug	et
eys0715960116	139	139_tree apple_apple tree_tree seen_barley field	et
eys0716160145	103	103_dog went_went herd_whistled_nest forest	et
eys0716980268	86	86_little stars_little honzík_little sun_ladybug	et
eys0716980269	0	0_midsummer_mother grave_hay_rise dear	et
eys0717540369	0	0_midsummer_mother grave_hay_rise dear	et
eys0717550372	101	101_little maiden_golden maiden_little dove_farmer wife	et
eys0722820026	0	0_midsummer_mother grave_hay_rise dear	et
eys0722910041	0	0_midsummer_mother grave_hay_rise dear	et
eys0722920043	101	101_little maiden_golden maiden_little dove_farmer wife	et
eys0723140094	0	0_midsummer_mother grave_hay_rise dear	et
eys0723150096	0	0_midsummer_mother grave_hay_rise dear	et
eys0805580059	133	133_little horses_whip_poppy_love little	et
eys0805620068	0	0_midsummer_mother grave_hay_rise dear	et
eys0806100140	144	144_horseback_farmer_emperor_bowing	et
eys0806530216	101	101_little maiden_golden maiden_little dove_farmer wife	et
eys0806880268	0	0_midsummer_mother grave_hay_rise dear	et
eys0808150447	0	0_midsummer_mother grave_hay_rise dear	et
eys0808210454	0	0_midsummer_mother grave_hay_rise dear	et
eys0808360479	0	0_midsummer_mother grave_hay_rise dear	et
eys080837480b	0	0_midsummer_mother grave_hay_rise dear	et
eys0811530008	0	0_midsummer_mother grave_hay_rise dear	et
eys0811780054	112	112_tended herd_plow_slave tended_manor	et
eys0909490011	0	0_midsummer_mother grave_hay_rise dear	et
eys0910020091	0	0_midsummer_mother grave_hay_rise dear	et
eys0922830094	99	99_beloved little_beloved girl_lord little_dear andulka	et
eys1022430016	0	0_midsummer_mother grave_hay_rise dear	et
eys1022630061	101	101_little maiden_golden maiden_little dove_farmer wife	et
eys1022780086	103	103_dog went_went herd_whistled_nest forest	et
eys1022880100	101	101_little maiden_golden maiden_little dove_farmer wife	et
eys1029050081	134	134_ran away_nanynka_chasing_wounds	et
h10100180002	142	142_little bouquet_dear ones_soldiers_little feet	et
h10101990032	135	135_slave_little hop_child lullaby_sisters	et
h10102020037	124	124_horse god_little horse_altar_wife little	et
h10102450128	41	41_ilgwangdan_namsan_hyeo_diyeocha	et
h10700370019	122	122_mocking_squirrel_laughed_don laugh	et
h10700600059	0	0_midsummer_mother grave_hay_rise dear	et
h20102850423	139	139_tree apple_apple tree_tree seen_barley field	et
h20102880426	103	103_dog went_went herd_whistled_nest forest	et
h21109540011	101	101_little maiden_golden maiden_little dove_farmer wife	et
h21300830027	101	101_little maiden_golden maiden_little dove_farmer wife	et
h21301290022	0	0_midsummer_mother grave_hay_rise dear	et
h21304900006	118	118_golden maiden_little wreath_nightingale_dove dear	et
h21304960009	60	60_bridesmaid_bridesmaids_farewell dear_little wine	et
h21306030003	122	122_mocking_squirrel_laughed_don laugh	et
h21403410004	101	101_little maiden_golden maiden_little dove_farmer wife	et
h22609160021	138	138_korean folk_white feathers_home bowed_raft	et
h24000901036	0	0_midsummer_mother grave_hay_rise dear	et
h24607080020	122	122_mocking_squirrel_laughed_don laugh	et
h25706320016	0	0_midsummer_mother grave_hay_rise dear	et
h30101360004	144	144_horseback_farmer_emperor_bowing	et
h30101400008	0	0_midsummer_mother grave_hay_rise dear	et
h30400830001	139	139_tree apple_apple tree_tree seen_barley field	et
h31708530008	0	0_midsummer_mother grave_hay_rise dear	et
goheung-0512	115	115_joyful wedding_dear mother_little horses_mother gave	ko
yeongdong-0104	0	0_midsummer_mother grave_hay_rise dear	ko
hwacheon-0217	38	38_dear jeníček_dove little_rye little_grove dear	ko
gn.goseong-0107	0	0_midsummer_mother grave_hay_rise dear	ko
hampyeong-0402	44	44_sister law_brother married_brother law_life married	ko
yeongam-0423	115	115_joyful wedding_dear mother_little horses_mother gave	ko
icheon-0412	76	76_sister law_married life_law mother_mother law	ko
jindo-0543	0	0_midsummer_mother grave_hay_rise dear	ko
cheolwon-0310	44	44_sister law_brother married_brother law_life married	ko
namhae-0205	116	116_lullaby_lullaby lullaby_lullaby baby_child lullaby	ko
nonsan-0106	87	87_chinese characters_seven characters_characters_looking characters	ko
ulsan-0919	143	143_crow_fate life_fate_good fate	ko
gochang-0712	44	44_sister law_brother married_brother law_life married	ko
yangyang-1208	64	64_law mother_sister law_daughter law_brother law	ko
muju-0508	143	143_crow_fate life_fate_good fate	ko
yanggu-0929	44	44_sister law_brother married_brother law_life married	ko
hwacheon-0208	44	44_sister law_brother married_brother law_life married	ko
gangjin-0309	55	55_jinju_mandarin ducks_mandarin_geogyeo body	ko
dalseong-0119	44	44_sister law_brother married_brother law_life married	ko
hampyeong-0404	0	0_midsummer_mother grave_hay_rise dear	ko
yeonggwang-0136	0	0_midsummer_mother grave_hay_rise dear	ko
hampyeong-0403	0	0_midsummer_mother grave_hay_rise dear	ko
gwangjusi-0235	41	41_ilgwangdan_namsan_hyeo_diyeocha	ko
andong-0223	64	64_law mother_sister law_daughter law_brother law	ko
haenam-0523	24	24_lullaby lullaby_lullaby sleep_sleeps lullaby_sleep lullaby	ko
namhae-0206	137	137_horses_rye_buns_buy horse	ko
mungyeong-0513	0	0_midsummer_mother grave_hay_rise dear	ko
yeonggwang-0225	41	41_ilgwangdan_namsan_hyeo_diyeocha	ko
seosan-0204	0	0_midsummer_mother grave_hay_rise dear	ko
sinan-0721	115	115_joyful wedding_dear mother_little horses_mother gave	ko
inje-0209	117	117_husband house_brother law_law mother_son law	ko
yeonggwang-0411	0	0_midsummer_mother grave_hay_rise dear	ko
yeongcheon-0223	64	64_law mother_sister law_daughter law_brother law	ko
muju-0713	0	0_midsummer_mother grave_hay_rise dear	ko
damyang-0417	44	44_sister law_brother married_brother law_life married	ko
hwacheon-0917	44	44_sister law_brother married_brother law_life married	ko
dalseong-0308	106	106_cuckoos_cuckoo cuckoos_little cuckoo_cuckoo little	ko
dalseong-0213	44	44_sister law_brother married_brother law_life married	ko
eumseong-0512	44	44_sister law_brother married_brother law_life married	ko
sancheong-0118	92	92_nang river_nang_hanyang seoul_oyo uyu	ko
gwangyang-0108	133	133_little horses_whip_poppy_love little	ko
chilgok-0403	127	127_candle_candles_naughty_home morning	ko
cheongsong-0228	44	44_sister law_brother married_brother law_life married	ko
gyeongsan-0703	44	44_sister law_brother married_brother law_life married	ko
yeocheon-0231	137	137_horses_rye_buns_buy horse	ko
hongcheon-1312	44	44_sister law_brother married_brother law_life married	ko
wando-0233	112	112_tended herd_plow_slave tended_manor	ko
gimje-0508	0	0_midsummer_mother grave_hay_rise dear	ko
gyeongju-0210	142	142_little bouquet_dear ones_soldiers_little feet	ko
damyang-0419	44	44_sister law_brother married_brother law_life married	ko
yeonggwang-0519	38	38_dear jeníček_dove little_rye little_grove dear	ko
gn.goseong-0602	76	76_sister law_married life_law mother_mother law	ko
jinan-0605	144	144_horseback_farmer_emperor_bowing	ko
milyang-1008	44	44_sister law_brother married_brother law_life married	ko
pyeongchang-1112	44	44_sister law_brother married_brother law_life married	ko
goheung-0114	144	144_horseback_farmer_emperor_bowing	ko
wando-0520	64	64_law mother_sister law_daughter law_brother law	ko
goesan-0120	118	118_golden maiden_little wreath_nightingale_dove dear	ko
yangyang-2207	0	0_midsummer_mother grave_hay_rise dear	ko
jeongseon-1406	44	44_sister law_brother married_brother law_life married	ko
namwon-0313	115	115_joyful wedding_dear mother_little horses_mother gave	ko
yeongyang-0120	64	64_law mother_sister law_daughter law_brother law	ko
geochang-0222	73	73_bagpipes_maids_home wife_men little	ko
sangju-1409	83	83_lament fate_precious time_school song_door mother	ko
seongju-0303	0	0_midsummer_mother grave_hay_rise dear	ko
gokseong-0106	144	144_horseback_farmer_emperor_bowing	ko
bonghwa-0204	64	64_law mother_sister law_daughter law_brother law	ko
hwacheon-0216	144	144_horseback_farmer_emperor_bowing	ko
yeonggwang-0420	115	115_joyful wedding_dear mother_little horses_mother gave	ko
yeongwol-0306	44	44_sister law_brother married_brother law_life married	ko
ulreung-0223	64	64_law mother_sister law_daughter law_brother law	ko
icheon-0410	0	0_midsummer_mother grave_hay_rise dear	ko
bonghwa-0707	0	0_midsummer_mother grave_hay_rise dear	ko
bonghwa-0720	64	64_law mother_sister law_daughter law_brother law	ko
yeongil-0332	64	64_law mother_sister law_daughter law_brother law	ko
jindo-0545	101	101_little maiden_golden maiden_little dove_farmer wife	ko
cheolwon-0813	76	76_sister law_married life_law mother_mother law	ko
muju-0441	103	103_dog went_went herd_whistled_nest forest	ko
jeongseon-1316	117	117_husband house_brother law_law mother_son law	ko
hampyeong-0439	115	115_joyful wedding_dear mother_little horses_mother gave	ko
seongju-0336	0	0_midsummer_mother grave_hay_rise dear	ko
cheolwon-1212	64	64_law mother_sister law_daughter law_brother law	ko
hampyeong-0428	115	115_joyful wedding_dear mother_little horses_mother gave	ko
jangheung-0229	103	103_dog went_went herd_whistled_nest forest	ko
goheung-0113	115	115_joyful wedding_dear mother_little horses_mother gave	ko
eumseong-0528	0	0_midsummer_mother grave_hay_rise dear	ko
hampyeong-0602	116	116_lullaby_lullaby lullaby_lullaby baby_child lullaby	ko
yecheon-0704	64	64_law mother_sister law_daughter law_brother law	ko
imsil-0520	64	64_law mother_sister law_daughter law_brother law	ko
sangju-0820	144	144_horseback_farmer_emperor_bowing	ko
yeongdeok-0333	44	44_sister law_brother married_brother law_life married	ko
cheongsong-0521	44	44_sister law_brother married_brother law_life married	ko
bonghwa-0706	115	115_joyful wedding_dear mother_little horses_mother gave	ko
dalseong-0531	44	44_sister law_brother married_brother law_life married	ko
seocheon-0202	130	130_mourn_hurts mother_little soldier_thorns	ko
gimje-0518	137	137_horses_rye_buns_buy horse	ko
yanggu-0716	44	44_sister law_brother married_brother law_life married	ko
seungju-0203	44	44_sister law_brother married_brother law_life married	ko
wando-0523	64	64_law mother_sister law_daughter law_brother law	ko
goheung-0408	115	115_joyful wedding_dear mother_little horses_mother gave	ko
bonghwa-0614	144	144_horseback_farmer_emperor_bowing	ko
gochang-0525	127	127_candle_candles_naughty_home morning	ko
seongju-0629	104	104_silver child_child silver_child lullaby_lullaby baby	ko
yeonggwang-0614	115	115_joyful wedding_dear mother_little horses_mother gave	ko
gw.goseong-0516	76	76_sister law_married life_law mother_mother law	ko
yangyang-0511	44	44_sister law_brother married_brother law_life married	ko
geumreung-0135	76	76_sister law_married life_law mother_mother law	ko
uljin-1002	0	0_midsummer_mother grave_hay_rise dear	ko
naju-0219	0	0_midsummer_mother grave_hay_rise dear	ko
buan-0615	0	0_midsummer_mother grave_hay_rise dear	ko
geumsan-0806	140	140_hay_pasture_little grandmother_grass little	ko
muan-0704	115	115_joyful wedding_dear mother_little horses_mother gave	ko
hampyeong-0408	96	96_god born_sailing sea_miracle_bethlehem	ko
hoengseong-0425	44	44_sister law_brother married_brother law_life married	ko
jindo-0523	134	134_ran away_nanynka_chasing_wounds	ko
bonghwa-0403	44	44_sister law_brother married_brother law_life married	ko
pyeongchang-0806	44	44_sister law_brother married_brother law_life married	ko
yeongdeok-0208	123	123_praise joyful_joyful spirit_joy rejoice_celebration	ko
sinan-1013	0	0_midsummer_mother grave_hay_rise dear	ko
sinan-0314	134	134_ran away_nanynka_chasing_wounds	ko
yeongdeok-0207	76	76_sister law_married life_law mother_mother law	ko
samcheok-1207	124	124_horse god_little horse_altar_wife little	ko
yecheon-0422	83	83_lament fate_precious time_school song_door mother	ko
gangjin-0601	44	44_sister law_brother married_brother law_life married	ko
sinan-0427	115	115_joyful wedding_dear mother_little horses_mother gave	ko
seungju-0304	129	129_beloved dear_loved faithfully_silent dear_dear andulka	ko
tongyeong-0413	44	44_sister law_brother married_brother law_life married	ko
yeongam-0224	142	142_little bouquet_dear ones_soldiers_little feet	ko
gangjin-0602	44	44_sister law_brother married_brother law_life married	ko
samcheok-1104	44	44_sister law_brother married_brother law_life married	ko
jungwon-0334	0	0_midsummer_mother grave_hay_rise dear	ko
haenam-0127	115	115_joyful wedding_dear mother_little horses_mother gave	ko
geumreung-0433	103	103_dog went_went herd_whistled_nest forest	ko
muju-0704	107	107_confess_nuns_love girl_wounds	ko
gn.goseong-0519	127	127_candle_candles_naughty_home morning	ko
geochang-0315	0	0_midsummer_mother grave_hay_rise dear	ko
jinan-0603	144	144_horseback_farmer_emperor_bowing	ko
gangjin-0618	44	44_sister law_brother married_brother law_life married	ko
gangjin-0716	45	45_barking_sheep wolf_shepherdess_shepherd	ko
yeocheon-0327	115	115_joyful wedding_dear mother_little horses_mother gave	ko
bonghwa-0311	95	95_lullaby lullaby_lullaby_lullaby sleeping_sleeps lullaby	ko
gangjin-0312	116	116_lullaby_lullaby lullaby_lullaby baby_child lullaby	ko
yeonggwang-0609	115	115_joyful wedding_dear mother_little horses_mother gave	ko
hapcheon-0516	138	138_korean folk_white feathers_home bowed_raft	ko
gangjin-0626	115	115_joyful wedding_dear mother_little horses_mother gave	ko
tongyeong-0304	115	115_joyful wedding_dear mother_little horses_mother gave	ko
damyang-0122	125	125_joy sorrow_melody unknown_comfort heart_grant happiness	ko
haenam-0411	144	144_horseback_farmer_emperor_bowing	ko
muan-0155	0	0_midsummer_mother grave_hay_rise dear	ko
gangjin-0212	124	124_horse god_little horse_altar_wife little	ko
yeongil-0524	76	76_sister law_married life_law mother_mother law	ko
geumreung-0206	44	44_sister law_brother married_brother law_life married	ko
gyeongju-0211	64	64_law mother_sister law_daughter law_brother law	ko
samcheok-1012	44	44_sister law_brother married_brother law_life married	ko
chilgok-0606	64	64_law mother_sister law_daughter law_brother law	ko
uljin-0115	44	44_sister law_brother married_brother law_life married	ko
inje-0105	64	64_law mother_sister law_daughter law_brother law	ko
gimhae-0212	104	104_silver child_child silver_child lullaby_lullaby baby	ko
jeongseon-0724	116	116_lullaby_lullaby lullaby_lullaby baby_child lullaby	ko
hoengseong-0107	117	117_husband house_brother law_law mother_son law	ko
chilgok-0471	143	143_crow_fate life_fate_good fate	ko
naju-0319	133	133_little horses_whip_poppy_love little	ko
boeun-0211	115	115_joyful wedding_dear mother_little horses_mother gave	ko
yeongam-0512	117	117_husband house_brother law_law mother_son law	ko
ulreung-0209	44	44_sister law_brother married_brother law_life married	ko
seongju-0313	41	41_ilgwangdan_namsan_hyeo_diyeocha	ko
tongyeong-0713	140	140_hay_pasture_little grandmother_grass little	ko
geoje-0521	0	0_midsummer_mother grave_hay_rise dear	ko
yeocheon-0227	130	130_mourn_hurts mother_little soldier_thorns	ko
yeongdeok-0309	44	44_sister law_brother married_brother law_life married	ko
yeonggwang-0142	115	115_joyful wedding_dear mother_little horses_mother gave	ko
gn.goseong-0531	127	127_candle_candles_naughty_home morning	ko
yeongdeok-0204	44	44_sister law_brother married_brother law_life married	ko
hadong-0136	103	103_dog went_went herd_whistled_nest forest	ko
jangsu-0233	55	55_jinju_mandarin ducks_mandarin_geogyeo body	ko
yecheon-0503	44	44_sister law_brother married_brother law_life married	ko
jeongseon-1111	60	60_bridesmaid_bridesmaids_farewell dear_little wine	ko
chilgok-0402	120	120_gentle little_dear brothers_fly little_dear daddy	ko
sancheong-0509	118	118_golden maiden_little wreath_nightingale_dove dear	ko
wando-0718	115	115_joyful wedding_dear mother_little horses_mother gave	ko
wando-0408	115	115_joyful wedding_dear mother_little horses_mother gave	ko
iksan-0206	44	44_sister law_brother married_brother law_life married	ko
jangsu-0342	0	0_midsummer_mother grave_hay_rise dear	ko
sancheong-0443	137	137_horses_rye_buns_buy horse	ko
wanju-0523	55	55_jinju_mandarin ducks_mandarin_geogyeo body	ko
daejeon-0510	44	44_sister law_brother married_brother law_life married	ko
seungju-0307	9	9_path afterlife_afterlife long_afterlife far_gate afterlife	ko
samcheok-1209	134	134_ran away_nanynka_chasing_wounds	ko
jinyang-0907	44	44_sister law_brother married_brother law_life married	ko
jungwon-0336	0	0_midsummer_mother grave_hay_rise dear	ko
jinan-0626	0	0_midsummer_mother grave_hay_rise dear	ko
eumseong-0518	115	115_joyful wedding_dear mother_little horses_mother gave	ko
yeongyang-0118	129	129_beloved dear_loved faithfully_silent dear_dear andulka	ko
milyang-1009	143	143_crow_fate life_fate_good fate	ko
uljin-0613	0	0_midsummer_mother grave_hay_rise dear	ko
sinan-0117	107	107_confess_nuns_love girl_wounds	ko
sancheong-0527	143	143_crow_fate life_fate_good fate	ko
jangheung-0514	115	115_joyful wedding_dear mother_little horses_mother gave	ko
cheongdo-0111	117	117_husband house_brother law_law mother_son law	ko
seongju-0143	0	0_midsummer_mother grave_hay_rise dear	ko
yeocheon-0326	124	124_horse god_little horse_altar_wife little	ko
yangyang-1805	134	134_ran away_nanynka_chasing_wounds	ko
jeongseon-0723	87	87_chinese characters_seven characters_characters_looking characters	ko
uljin-0719	44	44_sister law_brother married_brother law_life married	ko
gunwi-0238	124	124_horse god_little horse_altar_wife little	ko
goheung-0221	60	60_bridesmaid_bridesmaids_farewell dear_little wine	ko
yanggu-0408	64	64_law mother_sister law_daughter law_brother law	ko
samcheok-1017	44	44_sister law_brother married_brother law_life married	ko
imsil-0208	55	55_jinju_mandarin ducks_mandarin_geogyeo body	ko
hwacheon-0209	44	44_sister law_brother married_brother law_life married	ko
yeonggwang-0612	64	64_law mother_sister law_daughter law_brother law	ko
cheolwon-1201	44	44_sister law_brother married_brother law_life married	ko
dalseong-0335	127	127_candle_candles_naughty_home morning	ko
jeongseon-0726	144	144_horseback_farmer_emperor_bowing	ko
yeongcheon-0120	64	64_law mother_sister law_daughter law_brother law	ko
milyang-1711	76	76_sister law_married life_law mother_mother law	ko
nonsan-0201	144	144_horseback_farmer_emperor_bowing	ko
haman-0128	144	144_horseback_farmer_emperor_bowing	ko
bonghwa-0712	44	44_sister law_brother married_brother law_life married	ko
bonghwa-0312	95	95_lullaby lullaby_lullaby_lullaby sleeping_sleeps lullaby	ko
jangseong-0228	70	70_pines wet_wet pines_pines dry_water cattle	ko
goheung-0220	53	53_rice field_yangsan_weed field_weed fields	ko
gokseong-0413	78	78_beloved girl_wife beautiful_heartfelt_making love	ko
cheolwon-1214	100	100_did spruce_spruce old_dry spruce_forest dry	ko
hampyeong-0603	70	70_pines wet_wet pines_pines dry_water cattle	ko
euiryeong-0508	44	44_sister law_brother married_brother law_life married	ko
inje-0208	44	44_sister law_brother married_brother law_life married	ko
gangjin-0714	76	76_sister law_married life_law mother_mother law	ko
chilgok-0318	0	0_midsummer_mother grave_hay_rise dear	ko
bukjeju-1512	44	44_sister law_brother married_brother law_life married	ko
bonghwa-0713	44	44_sister law_brother married_brother law_life married	ko
jangheung-0219	0	0_midsummer_mother grave_hay_rise dear	ko
jangseong-0235	64	64_law mother_sister law_daughter law_brother law	ko
seosan-0706	143	143_crow_fate life_fate_good fate	ko
gw.goseong-1210	64	64_law mother_sister law_daughter law_brother law	ko
gw.goseong-0607	29	29_rice field_seedling_plant seedlings_seedlings	ko
yeongdeok-0202	64	64_law mother_sister law_daughter law_brother law	ko
sancheong-0422	38	38_dear jeníček_dove little_rye little_grove dear	ko
dalseong-0214	44	44_sister law_brother married_brother law_life married	ko
chuncheon-0313	44	44_sister law_brother married_brother law_life married	ko
boeun-0412	0	0_midsummer_mother grave_hay_rise dear	ko
gangjin-0319	115	115_joyful wedding_dear mother_little horses_mother gave	ko
boseong-0135	76	76_sister law_married life_law mother_mother law	ko
wanju-0424	70	70_pines wet_wet pines_pines dry_water cattle	ko
seongju-0833	104	104_silver child_child silver_child lullaby_lullaby baby	ko
hamyang-0328	101	101_little maiden_golden maiden_little dove_farmer wife	ko
yanggu-0302	44	44_sister law_brother married_brother law_life married	ko
yeonggwang-0611	115	115_joyful wedding_dear mother_little horses_mother gave	ko
muju-0703	0	0_midsummer_mother grave_hay_rise dear	ko
yeongam-0520	137	137_horses_rye_buns_buy horse	ko
jeongeup-0462	0	0_midsummer_mother grave_hay_rise dear	ko
hwasun-0312	44	44_sister law_brother married_brother law_life married	ko
yangyang-1206	44	44_sister law_brother married_brother law_life married	ko
jungwon-0335	115	115_joyful wedding_dear mother_little horses_mother gave	ko
gn.goseong-0211	38	38_dear jeníček_dove little_rye little_grove dear	ko
dalseong-0302	64	64_law mother_sister law_daughter law_brother law	ko
ulreung-0224	44	44_sister law_brother married_brother law_life married	ko
haman-0616	44	44_sister law_brother married_brother law_life married	ko
nonsan-0101	44	44_sister law_brother married_brother law_life married	ko
mungyeong-0317	64	64_law mother_sister law_daughter law_brother law	ko
jangheung-0411	115	115_joyful wedding_dear mother_little horses_mother gave	ko
gimje-0310	0	0_midsummer_mother grave_hay_rise dear	ko
naju-0332	0	0_midsummer_mother grave_hay_rise dear	ko
yeongil-0616	104	104_silver child_child silver_child lullaby_lullaby baby	ko
seungju-0319	144	144_horseback_farmer_emperor_bowing	ko
sangju-0817	143	143_crow_fate life_fate_good fate	ko
gwangjusi-0140	115	115_joyful wedding_dear mother_little horses_mother gave	ko
gangjin-0711	143	143_crow_fate life_fate_good fate	ko
geumsan-1106	131	131_good harvest_harvest_seedlings rice_field harvest	ko
milyang-0606	92	92_nang river_nang_hanyang seoul_oyo uyu	ko
sancheong-0441	0	0_midsummer_mother grave_hay_rise dear	ko
jangheung-0515	115	115_joyful wedding_dear mother_little horses_mother gave	ko
haenam-0128	131	131_good harvest_harvest_seedlings rice_field harvest	ko
yanggu-0435	38	38_dear jeníček_dove little_rye little_grove dear	ko
jindo-0108	115	115_joyful wedding_dear mother_little horses_mother gave	ko
hadong-0409	38	38_dear jeníček_dove little_rye little_grove dear	ko
hapcheon-0510	38	38_dear jeníček_dove little_rye little_grove dear	ko
milyang-0604	133	133_little horses_whip_poppy_love little	ko
hwasun-0311	115	115_joyful wedding_dear mother_little horses_mother gave	ko
muan-0705	115	115_joyful wedding_dear mother_little horses_mother gave	ko
seungju-0340	121	121_hymn_praise honor_heaven blessing_charms	ko
pyeongchang-1114	135	135_slave_little hop_child lullaby_sisters	ko
yangyang-2101	44	44_sister law_brother married_brother law_life married	ko
jangheung-0228	90	90_crows_little goose_kite_lines	ko
geochang-0509	0	0_midsummer_mother grave_hay_rise dear	ko
imsil-0510	144	144_horseback_farmer_emperor_bowing	ko
chilgok-0301	0	0_midsummer_mother grave_hay_rise dear	ko
yanggu-0110	64	64_law mother_sister law_daughter law_brother law	ko
seongju-0641	103	103_dog went_went herd_whistled_nest forest	ko
jeongseon-0811	44	44_sister law_brother married_brother law_life married	ko
namhae-0110	75	75_maidens young_honzíček_men maidens_roses	ko
ulsan-0409	41	41_ilgwangdan_namsan_hyeo_diyeocha	ko
wando-0407	115	115_joyful wedding_dear mother_little horses_mother gave	ko
seungju-0342	101	101_little maiden_golden maiden_little dove_farmer wife	ko
naju-0311	143	143_crow_fate life_fate_good fate	ko
hampyeong-0139	115	115_joyful wedding_dear mother_little horses_mother gave	ko
bonghwa-0705	0	0_midsummer_mother grave_hay_rise dear	ko
hampyeong-0612	115	115_joyful wedding_dear mother_little horses_mother gave	ko
euiryeong-0326	103	103_dog went_went herd_whistled_nest forest	ko
namwon-0713	64	64_law mother_sister law_daughter law_brother law	ko
goryeong-0614	83	83_lament fate_precious time_school song_door mother	ko
yeongdeok-0138	44	44_sister law_brother married_brother law_life married	ko
jangheung-0225	103	103_dog went_went herd_whistled_nest forest	ko
yeongam-0218	115	115_joyful wedding_dear mother_little horses_mother gave	ko
chilgok-0316	0	0_midsummer_mother grave_hay_rise dear	ko
euiseong-0721	144	144_horseback_farmer_emperor_bowing	ko
sancheong-0523	44	44_sister law_brother married_brother law_life married	ko
sacheon-0110	125	125_joy sorrow_melody unknown_comfort heart_grant happiness	ko
boseong-0138	55	55_jinju_mandarin ducks_mandarin_geogyeo body	ko
uljin-1003	143	143_crow_fate life_fate_good fate	ko
ganghwa-0702	44	44_sister law_brother married_brother law_life married	ko
incheon-0102	100	100_did spruce_spruce old_dry spruce_forest dry	ko
goheung-0230	0	0_midsummer_mother grave_hay_rise dear	ko
yangyang-0314	59	59_thought manor_horse brought_sheep went_brother coming	ko
cheolwon-0812	44	44_sister law_brother married_brother law_life married	ko
yecheon-0504	44	44_sister law_brother married_brother law_life married	ko
naju-0411	143	143_crow_fate life_fate_good fate	ko
yecheon-0423	0	0_midsummer_mother grave_hay_rise dear	ko
yeonggwang-0433	115	115_joyful wedding_dear mother_little horses_mother gave	ko
yangyang-1502	118	118_golden maiden_little wreath_nightingale_dove dear	ko
naju-0212	0	0_midsummer_mother grave_hay_rise dear	ko
yeongwol-0106	44	44_sister law_brother married_brother law_life married	ko
euiseong-0231	44	44_sister law_brother married_brother law_life married	ko
euiryeong-0214	0	0_midsummer_mother grave_hay_rise dear	ko
jangheung-0221	144	144_horseback_farmer_emperor_bowing	ko
goheung-0112	0	0_midsummer_mother grave_hay_rise dear	ko
wando-0223	142	142_little bouquet_dear ones_soldiers_little feet	ko
hamyang-0140	138	138_korean folk_white feathers_home bowed_raft	ko
yecheon-0424	0	0_midsummer_mother grave_hay_rise dear	ko
chilgok-0317	0	0_midsummer_mother grave_hay_rise dear	ko
gw.goseong-0604	0	0_midsummer_mother grave_hay_rise dear	ko
goryeong-0529	44	44_sister law_brother married_brother law_life married	ko
haenam-0130	0	0_midsummer_mother grave_hay_rise dear	ko
sangju-1008	92	92_nang river_nang_hanyang seoul_oyo uyu	ko
yangsan-0214	137	137_horses_rye_buns_buy horse	ko
boseong-0126	0	0_midsummer_mother grave_hay_rise dear	ko
haenam-0409	55	55_jinju_mandarin ducks_mandarin_geogyeo body	ko
sinan-0614	115	115_joyful wedding_dear mother_little horses_mother gave	ko
boseong-0134	29	29_rice field_seedling_plant seedlings_seedlings	ko
yangyang-2103	144	144_horseback_farmer_emperor_bowing	ko
sangju-1039	44	44_sister law_brother married_brother law_life married	ko
boseong-0142	143	143_crow_fate life_fate_good fate	ko
ulreung-0325	0	0_midsummer_mother grave_hay_rise dear	ko
gwangyang-0114	144	144_horseback_farmer_emperor_bowing	ko
wando-0423	115	115_joyful wedding_dear mother_little horses_mother gave	ko
seongju-0827	0	0_midsummer_mother grave_hay_rise dear	ko
haenam-0414	115	115_joyful wedding_dear mother_little horses_mother gave	ko
hoengseong-0424	44	44_sister law_brother married_brother law_life married	ko
boseong-0123	44	44_sister law_brother married_brother law_life married	ko
goheung-0115	0	0_midsummer_mother grave_hay_rise dear	ko
samcheok-1001	44	44_sister law_brother married_brother law_life married	ko
gokseong-0409	95	95_lullaby lullaby_lullaby_lullaby sleeping_sleeps lullaby	ko
yeongam-0514	0	0_midsummer_mother grave_hay_rise dear	ko
geochang-0510	115	115_joyful wedding_dear mother_little horses_mother gave	ko
geumsan-0920	0	0_midsummer_mother grave_hay_rise dear	ko
cheolwon-1019	44	44_sister law_brother married_brother law_life married	ko
geumsan-0917	0	0_midsummer_mother grave_hay_rise dear	ko
yeongam-0424	0	0_midsummer_mother grave_hay_rise dear	ko
gw.goseong-0708	44	44_sister law_brother married_brother law_life married	ko
changwon-0208	38	38_dear jeníček_dove little_rye little_grove dear	ko
gimhae-0304	103	103_dog went_went herd_whistled_nest forest	ko
cheolwon-1051	64	64_law mother_sister law_daughter law_brother law	ko
gunwi-0239	117	117_husband house_brother law_law mother_son law	ko
imsil-0218	133	133_little horses_whip_poppy_love little	ko
hampyeong-0443	91	91_autumn_summer autumn_weary_autumn winter	ko
jinyang-0911	113	113_seedlings han_concubine house_concubine room_concubine	ko
geoje-0618	124	124_horse god_little horse_altar_wife little	ko
cheongdo-0515	99	99_beloved little_beloved girl_lord little_dear andulka	ko
yeongwol-0107	44	44_sister law_brother married_brother law_life married	ko
seungju-0346	131	131_good harvest_harvest_seedlings rice_field harvest	ko
yeocheon-0225	143	143_crow_fate life_fate_good fate	ko
seocheon-0720	64	64_law mother_sister law_daughter law_brother law	ko
gimhae-0110	44	44_sister law_brother married_brother law_life married	ko
namwon-0312	144	144_horseback_farmer_emperor_bowing	ko
yeongdeok-0203	64	64_law mother_sister law_daughter law_brother law	ko
hongcheon-0411	142	142_little bouquet_dear ones_soldiers_little feet	ko
bonghwa-0711	44	44_sister law_brother married_brother law_life married	ko
tongyeong-0710	0	0_midsummer_mother grave_hay_rise dear	ko
imsil-0209	121	121_hymn_praise honor_heaven blessing_charms	ko
goheung-0110	115	115_joyful wedding_dear mother_little horses_mother gave	ko
cheongdo-0705	44	44_sister law_brother married_brother law_life married	ko
hapcheon-0509	64	64_law mother_sister law_daughter law_brother law	ko
wando-0207	144	144_horseback_farmer_emperor_bowing	ko
jangsu-0223	118	118_golden maiden_little wreath_nightingale_dove dear	ko
gunwi-0240	129	129_beloved dear_loved faithfully_silent dear_dear andulka	ko
goheung-0119	115	115_joyful wedding_dear mother_little horses_mother gave	ko
damyang-0124	44	44_sister law_brother married_brother law_life married	ko
sinan-0805	115	115_joyful wedding_dear mother_little horses_mother gave	ko
yeongil-0512	44	44_sister law_brother married_brother law_life married	ko
yecheon-0821	138	138_korean folk_white feathers_home bowed_raft	ko
wonju-0222	0	0_midsummer_mother grave_hay_rise dear	ko
damyang-0115	76	76_sister law_married life_law mother_mother law	ko
hadong-0410	76	76_sister law_married life_law mother_mother law	ko
hampyeong-0522	44	44_sister law_brother married_brother law_life married	ko
mungyeong-0510	143	143_crow_fate life_fate_good fate	ko
sinan-1121	115	115_joyful wedding_dear mother_little horses_mother gave	ko
seungju-0112	144	144_horseback_farmer_emperor_bowing	ko
jeongseon-0810	44	44_sister law_brother married_brother law_life married	ko
hongcheon-0406	44	44_sister law_brother married_brother law_life married	ko
chilgok-0314	115	115_joyful wedding_dear mother_little horses_mother gave	ko
cheolwon-1205	117	117_husband house_brother law_law mother_son law	ko
goesan-0315	118	118_golden maiden_little wreath_nightingale_dove dear	ko
yecheon-0809	64	64_law mother_sister law_daughter law_brother law	ko
yeonggwang-0238	122	122_mocking_squirrel_laughed_don laugh	ko
haenam-0511	0	0_midsummer_mother grave_hay_rise dear	ko
boryeong-0231	143	143_crow_fate life_fate_good fate	ko
jangsu-0113	79	79_altars_dear life_wretched_beloved comes	ko
dalseong-0307	44	44_sister law_brother married_brother law_life married	ko
yangyang-1714	29	29_rice field_seedling_plant seedlings_seedlings	ko
cheolwon-1203	64	64_law mother_sister law_daughter law_brother law	ko
yangyang-2102	118	118_golden maiden_little wreath_nightingale_dove dear	ko
namhae-0219	143	143_crow_fate life_fate_good fate	ko
naju-0511	118	118_golden maiden_little wreath_nightingale_dove dear	ko
seungju-0339	55	55_jinju_mandarin ducks_mandarin_geogyeo body	ko
muju-0401	144	144_horseback_farmer_emperor_bowing	ko
naju-0331	0	0_midsummer_mother grave_hay_rise dear	ko
sinan-0118	0	0_midsummer_mother grave_hay_rise dear	ko
daejeon-0501	44	44_sister law_brother married_brother law_life married	ko
jungwon-0337	83	83_lament fate_precious time_school song_door mother	ko
sacheon-0210	0	0_midsummer_mother grave_hay_rise dear	ko
namhae-0315	0	0_midsummer_mother grave_hay_rise dear	ko
bukjeju-0219	44	44_sister law_brother married_brother law_life married	ko
geoje-0409	125	125_joy sorrow_melody unknown_comfort heart_grant happiness	ko
hampyeong-0518	116	116_lullaby_lullaby lullaby_lullaby baby_child lullaby	ko
jangheung-0509	134	134_ran away_nanynka_chasing_wounds	ko
haenam-0433	143	143_crow_fate life_fate_good fate	ko
boryeong-0232	143	143_crow_fate life_fate_good fate	ko
gangjin-0310	124	124_horse god_little horse_altar_wife little	ko
geoje-0417	44	44_sister law_brother married_brother law_life married	ko
seungju-0347	115	115_joyful wedding_dear mother_little horses_mother gave	ko
chilgok-0514	0	0_midsummer_mother grave_hay_rise dear	ko
jinyang-0406	103	103_dog went_went herd_whistled_nest forest	ko
ulsan-0908	92	92_nang river_nang_hanyang seoul_oyo uyu	ko
gwangyang-0113	115	115_joyful wedding_dear mother_little horses_mother gave	ko
sinan-0843	44	44_sister law_brother married_brother law_life married	ko
geumsan-1108	41	41_ilgwangdan_namsan_hyeo_diyeocha	ko
jindo-0109	115	115_joyful wedding_dear mother_little horses_mother gave	ko
sinan-0913	141	141_yangsan_jade railing_northern fairy_loom jade	ko
ulsan-0421	115	115_joyful wedding_dear mother_little horses_mother gave	ko
hamyang-0106	44	44_sister law_brother married_brother law_life married	ko
cheolwon-1020	83	83_lament fate_precious time_school song_door mother	ko
jangheung-0220	0	0_midsummer_mother grave_hay_rise dear	ko
seonsan-0609	144	144_horseback_farmer_emperor_bowing	ko
hampyeong-0422	55	55_jinju_mandarin ducks_mandarin_geogyeo body	ko
tongyeong-0625	127	127_candle_candles_naughty_home morning	ko
yeongil-0606	44	44_sister law_brother married_brother law_life married	ko
namwon-0311	91	91_autumn_summer autumn_weary_autumn winter	ko
goheung-0407	0	0_midsummer_mother grave_hay_rise dear	ko
jangseong-0538	134	134_ran away_nanynka_chasing_wounds	ko
yeongdeok-0209	64	64_law mother_sister law_daughter law_brother law	ko
jungwon-0338	44	44_sister law_brother married_brother law_life married	ko
seungju-0336	73	73_bagpipes_maids_home wife_men little	ko
hamyang-0139	0	0_midsummer_mother grave_hay_rise dear	ko
yecheon-0309	64	64_law mother_sister law_daughter law_brother law	ko
tongyeong-0614	115	115_joyful wedding_dear mother_little horses_mother gave	ko
yangyang-0510	117	117_husband house_brother law_law mother_son law	ko
jeongseon-0809	0	0_midsummer_mother grave_hay_rise dear	ko
hampyeong-0517	140	140_hay_pasture_little grandmother_grass little	ko
yeongam-0516	115	115_joyful wedding_dear mother_little horses_mother gave	ko
cheolwon-0807	130	130_mourn_hurts mother_little soldier_thorns	ko
hampyeong-0444	70	70_pines wet_wet pines_pines dry_water cattle	ko
gn.goseong-0319	124	124_horse god_little horse_altar_wife little	ko
yangyang-1315	117	117_husband house_brother law_law mother_son law	ko
goheung-0513	115	115_joyful wedding_dear mother_little horses_mother gave	ko
gokseong-0105	115	115_joyful wedding_dear mother_little horses_mother gave	ko
sangju-1014	53	53_rice field_yangsan_weed field_weed fields	ko
gwangjusi-0147	0	0_midsummer_mother grave_hay_rise dear	ko
gimje-0511	118	118_golden maiden_little wreath_nightingale_dove dear	ko
hampyeong-0523	92	92_nang river_nang_hanyang seoul_oyo uyu	ko
sinan-0216	115	115_joyful wedding_dear mother_little horses_mother gave	ko
nonsan-0105	44	44_sister law_brother married_brother law_life married	ko
wonju-0106	64	64_law mother_sister law_daughter law_brother law	ko
sangju-1009	92	92_nang river_nang_hanyang seoul_oyo uyu	ko
geoje-0616	76	76_sister law_married life_law mother_mother law	ko
euiseong-0232	44	44_sister law_brother married_brother law_life married	ko
hwacheon-0312	44	44_sister law_brother married_brother law_life married	ko
inje-0210	117	117_husband house_brother law_law mother_son law	ko
daejeon-0511	76	76_sister law_married life_law mother_mother law	ko
muan-0319	115	115_joyful wedding_dear mother_little horses_mother gave	ko
hwasun-0201	118	118_golden maiden_little wreath_nightingale_dove dear	ko
young_wedding_both_348	85	85_violet_comfort heart_peacock feathers_little heart	nl
young_wedding_both_349	43	43_joyful wedding_dear bride_bridegroom bride_groom bride	nl
young_wedding_both_350	114	114_dear bride_bride_wedding celebration_marriage	nl
young_wedding_both_351	62	62_delights_love faithfulness_bride bridegroom_love beloved	nl
young_wedding_both_352	123	123_praise joyful_joyful spirit_joy rejoice_celebration	nl
young_wedding_both_353	85	85_violet_comfort heart_peacock feathers_little heart	nl
young_wedding_both_354	0	0_midsummer_mother grave_hay_rise dear	nl
young_wedding_both_355	114	114_dear bride_bride_wedding celebration_marriage	nl
young_wedding_both_356	121	121_hymn_praise honor_heaven blessing_charms	nl
young_wedding_both_357	114	114_dear bride_bride_wedding celebration_marriage	nl
young_wedding_both_358	142	142_little bouquet_dear ones_soldiers_little feet	nl
young_wedding_both_359	114	114_dear bride_bride_wedding celebration_marriage	nl
young_wedding_both_360	114	114_dear bride_bride_wedding celebration_marriage	nl
young_wedding_both_361	114	114_dear bride_bride_wedding celebration_marriage	nl
young_wedding_both_362	114	114_dear bride_bride_wedding celebration_marriage	nl
young_wedding_both_363	114	114_dear bride_bride_wedding celebration_marriage	nl
young_wedding_both_364	114	114_dear bride_bride_wedding celebration_marriage	nl
young_wedding_both_365	114	114_dear bride_bride_wedding celebration_marriage	nl
young_wedding_both_366	114	114_dear bride_bride_wedding celebration_marriage	nl
young_wedding_both_367	114	114_dear bride_bride_wedding celebration_marriage	nl
young_wedding_both_368	114	114_dear bride_bride_wedding celebration_marriage	nl
young_wedding_both_369	114	114_dear bride_bride_wedding celebration_marriage	nl
young_wedding_both_370	43	43_joyful wedding_dear bride_bridegroom bride_groom bride	nl
young_wedding_both_371	43	43_joyful wedding_dear bride_bridegroom bride_groom bride	nl
young_wedding_both_372	85	85_violet_comfort heart_peacock feathers_little heart	nl
young_wedding_both_373	128	128_die young_green trees_want die_andong	nl
young_wedding_both_374	127	127_candle_candles_naughty_home morning	nl
young_wedding_both_375	0	0_midsummer_mother grave_hay_rise dear	nl
young_wedding_both_376	121	121_hymn_praise honor_heaven blessing_charms	nl
young_wedding_both_377	111	111_lord praise_praise_praise lord_cheerful song	nl
young_wedding_both_378	43	43_joyful wedding_dear bride_bridegroom bride_groom bride	nl
young_wedding_both_379	114	114_dear bride_bride_wedding celebration_marriage	nl
young_wedding_both_380	23	23_welcome wedding_dear bride_wedding celebration_wedding	nl
young_wedding_both_381	114	114_dear bride_bride_wedding celebration_marriage	nl
young_wedding_both_382	123	123_praise joyful_joyful spirit_joy rejoice_celebration	nl
young_wedding_both_383	43	43_joyful wedding_dear bride_bridegroom bride_groom bride	nl
young_wedding_both_384	43	43_joyful wedding_dear bride_bridegroom bride_groom bride	nl
young_wedding_both_385	114	114_dear bride_bride_wedding celebration_marriage	nl
young_wedding_both_386	23	23_welcome wedding_dear bride_wedding celebration_wedding	nl
young_wedding_both_387	114	114_dear bride_bride_wedding celebration_marriage	nl
young_wedding_both_388	43	43_joyful wedding_dear bride_bridegroom bride_groom bride	nl
young_wedding_both_389	114	114_dear bride_bride_wedding celebration_marriage	nl
young_wedding_both_390	114	114_dear bride_bride_wedding celebration_marriage	nl
young_wedding_both_391	23	23_welcome wedding_dear bride_wedding celebration_wedding	nl
young_wedding_both_392	123	123_praise joyful_joyful spirit_joy rejoice_celebration	nl
young_wedding_both_393	43	43_joyful wedding_dear bride_bridegroom bride_groom bride	nl
young_wedding_both_394	114	114_dear bride_bride_wedding celebration_marriage	nl
young_wedding_both_395	127	127_candle_candles_naughty_home morning	nl
young_wedding_both_396	121	121_hymn_praise honor_heaven blessing_charms	nl
young_wedding_both_397	129	129_beloved dear_loved faithfully_silent dear_dear andulka	nl
young_wedding_both_398	121	121_hymn_praise honor_heaven blessing_charms	nl
young_wedding_both_399	123	123_praise joyful_joyful spirit_joy rejoice_celebration	nl
young_wedding_both_400	123	123_praise joyful_joyful spirit_joy rejoice_celebration	nl
young_wedding_both_401	124	124_horse god_little horse_altar_wife little	nl
young_wedding_both_402	133	133_little horses_whip_poppy_love little	nl
young_wedding_both_403	114	114_dear bride_bride_wedding celebration_marriage	nl
young_wedding_both_404	118	118_golden maiden_little wreath_nightingale_dove dear	nl
young_wedding_both_405	62	62_delights_love faithfulness_bride bridegroom_love beloved	nl
young_wedding_both_406	0	0_midsummer_mother grave_hay_rise dear	nl
young_wedding_both_407	116	116_lullaby_lullaby lullaby_lullaby baby_child lullaby	nl
young_wedding_both_408	125	125_joy sorrow_melody unknown_comfort heart_grant happiness	nl
young_wedding_both_409	121	121_hymn_praise honor_heaven blessing_charms	nl
young_wedding_both_410	114	114_dear bride_bride_wedding celebration_marriage	nl
young_wedding_both_411	114	114_dear bride_bride_wedding celebration_marriage	nl
young_wedding_both_412	114	114_dear bride_bride_wedding celebration_marriage	nl
young_wedding_both_413	0	0_midsummer_mother grave_hay_rise dear	nl
young_wedding_both_414	114	114_dear bride_bride_wedding celebration_marriage	nl
young_wedding_both_415	124	124_horse god_little horse_altar_wife little	nl
young_wedding_both_416	140	140_hay_pasture_little grandmother_grass little	nl
young_wedding_both_417	127	127_candle_candles_naughty_home morning	nl
young_wedding_both_418	127	127_candle_candles_naughty_home morning	nl
young_wedding_both_419	0	0_midsummer_mother grave_hay_rise dear	nl
young_wedding_both_420	123	123_praise joyful_joyful spirit_joy rejoice_celebration	nl
young_wedding_both_421	23	23_welcome wedding_dear bride_wedding celebration_wedding	nl
young_wedding_both_422	123	123_praise joyful_joyful spirit_joy rejoice_celebration	nl
young_wedding_both_423	43	43_joyful wedding_dear bride_bridegroom bride_groom bride	nl
young_wedding_both_424	123	123_praise joyful_joyful spirit_joy rejoice_celebration	nl
young_wedding_both_425	0	0_midsummer_mother grave_hay_rise dear	nl
young_wedding_both_426	123	123_praise joyful_joyful spirit_joy rejoice_celebration	nl
young_wedding_both_427	0	0_midsummer_mother grave_hay_rise dear	nl
young_wedding_both_429	23	23_welcome wedding_dear bride_wedding celebration_wedding	nl
young_wedding_both_430	23	23_welcome wedding_dear bride_wedding celebration_wedding	nl
young_wedding_both_431	81	81_candles_generous evening_solemnly_father dear	nl
young_wedding_both_432	99	99_beloved little_beloved girl_lord little_dear andulka	nl
young_wedding_both_433	118	118_golden maiden_little wreath_nightingale_dove dear	nl
young_wedding_both_434	123	123_praise joyful_joyful spirit_joy rejoice_celebration	nl
young_wedding_both_435	23	23_welcome wedding_dear bride_wedding celebration_wedding	nl
young_wedding_both_436	34	34_joy_leaving dear_dear golden_dear mother	nl
young_wedding_both_438	144	144_horseback_farmer_emperor_bowing	nl
young_wedding_both_439	23	23_welcome wedding_dear bride_wedding celebration_wedding	nl
young_wedding_both_440	114	114_dear bride_bride_wedding celebration_marriage	nl
young_wedding_both_441	123	123_praise joyful_joyful spirit_joy rejoice_celebration	nl
young_wedding_both_442	0	0_midsummer_mother grave_hay_rise dear	nl
young_wedding_both_443	43	43_joyful wedding_dear bride_bridegroom bride_groom bride	nl
young_wedding_both_444	23	23_welcome wedding_dear bride_wedding celebration_wedding	nl
young_wedding_both_445	23	23_welcome wedding_dear bride_wedding celebration_wedding	nl
young_wedding_both_446	114	114_dear bride_bride_wedding celebration_marriage	nl
young_wedding_both_447	118	118_golden maiden_little wreath_nightingale_dove dear	nl
young_wedding_both_448	127	127_candle_candles_naughty_home morning	nl
young_wedding_both_449	114	114_dear bride_bride_wedding celebration_marriage	nl
young_wedding_both_450	115	115_joyful wedding_dear mother_little horses_mother gave	nl
young_wedding_both_451	121	121_hymn_praise honor_heaven blessing_charms	nl
young_wedding_both_452	43	43_joyful wedding_dear bride_bridegroom bride_groom bride	nl
young_wedding_both_454	81	81_candles_generous evening_solemnly_father dear	nl
young_wedding_both_455	114	114_dear bride_bride_wedding celebration_marriage	nl
young_wedding_both_456	114	114_dear bride_bride_wedding celebration_marriage	nl
young_wedding_both_457	127	127_candle_candles_naughty_home morning	nl
young_wedding_both_458	23	23_welcome wedding_dear bride_wedding celebration_wedding	nl
young_wedding_both_459	125	125_joy sorrow_melody unknown_comfort heart_grant happiness	nl
young_wedding_both_461	23	23_welcome wedding_dear bride_wedding celebration_wedding	nl
young_wedding_both_462	114	114_dear bride_bride_wedding celebration_marriage	nl
young_wedding_both_463	23	23_welcome wedding_dear bride_wedding celebration_wedding	nl
young_wedding_both_464	23	23_welcome wedding_dear bride_wedding celebration_wedding	nl
young_wedding_both_465	125	125_joy sorrow_melody unknown_comfort heart_grant happiness	nl
young_wedding_both_466	114	114_dear bride_bride_wedding celebration_marriage	nl
young_wedding_both_467	23	23_welcome wedding_dear bride_wedding celebration_wedding	nl
young_wedding_both_468	115	115_joyful wedding_dear mother_little horses_mother gave	nl
young_wedding_both_469	121	121_hymn_praise honor_heaven blessing_charms	nl
young_wedding_both_471	142	142_little bouquet_dear ones_soldiers_little feet	nl
young_wedding_both_472	23	23_welcome wedding_dear bride_wedding celebration_wedding	nl
young_wedding_both_474	114	114_dear bride_bride_wedding celebration_marriage	nl
young_wedding_both_475	23	23_welcome wedding_dear bride_wedding celebration_wedding	nl
young_wedding_both_476	114	114_dear bride_bride_wedding celebration_marriage	nl
young_wedding_both_477	123	123_praise joyful_joyful spirit_joy rejoice_celebration	nl
young_wedding_both_478	135	135_slave_little hop_child lullaby_sisters	nl
young_wedding_both_479	43	43_joyful wedding_dear bride_bridegroom bride_groom bride	nl
young_wedding_both_480	123	123_praise joyful_joyful spirit_joy rejoice_celebration	nl
young_wedding_both_481	123	123_praise joyful_joyful spirit_joy rejoice_celebration	nl
young_wedding_both_482	23	23_welcome wedding_dear bride_wedding celebration_wedding	nl
young_wedding_both_483	43	43_joyful wedding_dear bride_bridegroom bride_groom bride	nl
young_wedding_both_484	23	23_welcome wedding_dear bride_wedding celebration_wedding	nl
young_wedding_both_485	114	114_dear bride_bride_wedding celebration_marriage	nl
young_wedding_both_486	23	23_welcome wedding_dear bride_wedding celebration_wedding	nl
young_wedding_both_487	0	0_midsummer_mother grave_hay_rise dear	nl
young_wedding_both_488	114	114_dear bride_bride_wedding celebration_marriage	nl
young_wedding_both_489	127	127_candle_candles_naughty_home morning	nl
young_wedding_both_490	0	0_midsummer_mother grave_hay_rise dear	nl
young_wedding_both_491	0	0_midsummer_mother grave_hay_rise dear	nl
young_wedding_both_492	114	114_dear bride_bride_wedding celebration_marriage	nl
young_wedding_both_493	118	118_golden maiden_little wreath_nightingale_dove dear	nl
young_wedding_both_494	94	94_little roses_bells_little lady_ran away	nl
young_wedding_both_495	0	0_midsummer_mother grave_hay_rise dear	nl
young_wedding_both_496	0	0_midsummer_mother grave_hay_rise dear	nl
young_wedding_both_497	0	0_midsummer_mother grave_hay_rise dear	nl
young_wedding_both_498	121	121_hymn_praise honor_heaven blessing_charms	nl
young_wedding_both_499	62	62_delights_love faithfulness_bride bridegroom_love beloved	nl
young_wedding_both_500	0	0_midsummer_mother grave_hay_rise dear	nl
young_wedding_both_501	62	62_delights_love faithfulness_bride bridegroom_love beloved	nl
young_wedding_both_502	62	62_delights_love faithfulness_bride bridegroom_love beloved	nl
Pod_395	0	0_midsummer_mother grave_hay_rise dear	uk
Pod_396	0	0_midsummer_mother grave_hay_rise dear	uk
Pod_1404	0	0_midsummer_mother grave_hay_rise dear	uk
Pod_1405	124	124_horse god_little horse_altar_wife little	uk
Pod_1406	0	0_midsummer_mother grave_hay_rise dear	uk
Pod_1407	0	0_midsummer_mother grave_hay_rise dear	uk
Pod_1408	55	55_jinju_mandarin ducks_mandarin_geogyeo body	uk
Pod_1409	0	0_midsummer_mother grave_hay_rise dear	uk
Pod_1410	127	127_candle_candles_naughty_home morning	uk
Pod_1411	0	0_midsummer_mother grave_hay_rise dear	uk
Pod_1412	0	0_midsummer_mother grave_hay_rise dear	uk
Pod_1413	0	0_midsummer_mother grave_hay_rise dear	uk
Pod_1414	0	0_midsummer_mother grave_hay_rise dear	uk
Pod_1415	34	34_joy_leaving dear_dear golden_dear mother	uk
Pod_1416	123	123_praise joyful_joyful spirit_joy rejoice_celebration	uk
Pod_1417	118	118_golden maiden_little wreath_nightingale_dove dear	uk
Pod_1418	110	110_comfort heart_dwell_perished_beloved walking	uk
Pod_1419	127	127_candle_candles_naughty_home morning	uk
Pod_1420	0	0_midsummer_mother grave_hay_rise dear	uk
Pod_1421	96	96_god born_sailing sea_miracle_bethlehem	uk
Pod_1422	0	0_midsummer_mother grave_hay_rise dear	uk
Pod_1423	0	0_midsummer_mother grave_hay_rise dear	uk
Pod_1424	0	0_midsummer_mother grave_hay_rise dear	uk
Pod_1425	0	0_midsummer_mother grave_hay_rise dear	uk
Pod_1426	0	0_midsummer_mother grave_hay_rise dear	uk
Pod_1427	127	127_candle_candles_naughty_home morning	uk
Pod_1428	0	0_midsummer_mother grave_hay_rise dear	uk
Pod_1429	60	60_bridesmaid_bridesmaids_farewell dear_little wine	uk
Pod_1430	0	0_midsummer_mother grave_hay_rise dear	uk
Pod_1431	0	0_midsummer_mother grave_hay_rise dear	uk
Pod_1432	0	0_midsummer_mother grave_hay_rise dear	uk
Pod_1433	0	0_midsummer_mother grave_hay_rise dear	uk
Pod_1434	140	140_hay_pasture_little grandmother_grass little	uk
Pod_1435	0	0_midsummer_mother grave_hay_rise dear	uk
Pod_1436	0	0_midsummer_mother grave_hay_rise dear	uk
Pod_1437	0	0_midsummer_mother grave_hay_rise dear	uk
Pod_1438	0	0_midsummer_mother grave_hay_rise dear	uk
Pod_1439	101	101_little maiden_golden maiden_little dove_farmer wife	uk
Pod_1440	0	0_midsummer_mother grave_hay_rise dear	uk
Pod_1441	0	0_midsummer_mother grave_hay_rise dear	uk
Pod_1442	0	0_midsummer_mother grave_hay_rise dear	uk
Pod_1443	0	0_midsummer_mother grave_hay_rise dear	uk
Pod_1444	0	0_midsummer_mother grave_hay_rise dear	uk
Pod_1445	118	118_golden maiden_little wreath_nightingale_dove dear	uk
Pod_1446	120	120_gentle little_dear brothers_fly little_dear daddy	uk
Pod_1447	0	0_midsummer_mother grave_hay_rise dear	uk
Pod_1448	43	43_joyful wedding_dear bride_bridegroom bride_groom bride	uk
Pod_1449	0	0_midsummer_mother grave_hay_rise dear	uk
Pod_1450	0	0_midsummer_mother grave_hay_rise dear	uk
Pod_1451	0	0_midsummer_mother grave_hay_rise dear	uk
Pod_1452	0	0_midsummer_mother grave_hay_rise dear	uk
Pod_1453	0	0_midsummer_mother grave_hay_rise dear	uk
Pod_1454	0	0_midsummer_mother grave_hay_rise dear	uk
Pod_1455	0	0_midsummer_mother grave_hay_rise dear	uk
Pod_1456	44	44_sister law_brother married_brother law_life married	uk
Pod_1457	94	94_little roses_bells_little lady_ran away	uk
Pod_1458	78	78_beloved girl_wife beautiful_heartfelt_making love	uk
Pod_1459	0	0_midsummer_mother grave_hay_rise dear	uk
Pod_1460	85	85_violet_comfort heart_peacock feathers_little heart	uk
Pod_1461	0	0_midsummer_mother grave_hay_rise dear	uk
Pod_1462	0	0_midsummer_mother grave_hay_rise dear	uk
Pod_1463	0	0_midsummer_mother grave_hay_rise dear	uk
Pod_1464	0	0_midsummer_mother grave_hay_rise dear	uk
Pod_1465	0	0_midsummer_mother grave_hay_rise dear	uk
Pod_1466	60	60_bridesmaid_bridesmaids_farewell dear_little wine	uk
Pod_1467	0	0_midsummer_mother grave_hay_rise dear	uk
Pod_1468	60	60_bridesmaid_bridesmaids_farewell dear_little wine	uk
Pod_1470	115	115_joyful wedding_dear mother_little horses_mother gave	uk
Pod_1471	115	115_joyful wedding_dear mother_little horses_mother gave	uk
Pod_1472	0	0_midsummer_mother grave_hay_rise dear	uk
Pod_1473	133	133_little horses_whip_poppy_love little	uk
Pod_1474	141	141_yangsan_jade railing_northern fairy_loom jade	uk
Pod_1475	143	143_crow_fate life_fate_good fate	uk
Pod_1476	115	115_joyful wedding_dear mother_little horses_mother gave	uk
Pod_1477	55	55_jinju_mandarin ducks_mandarin_geogyeo body	uk
Pod_1478	118	118_golden maiden_little wreath_nightingale_dove dear	uk
Pod_1479	0	0_midsummer_mother grave_hay_rise dear	uk
Pod_1480	0	0_midsummer_mother grave_hay_rise dear	uk
Pod_1481	0	0_midsummer_mother grave_hay_rise dear	uk
Pod_1482	133	133_little horses_whip_poppy_love little	uk
Pod_1483	144	144_horseback_farmer_emperor_bowing	uk
Pod_1484	0	0_midsummer_mother grave_hay_rise dear	uk
Pod_1485	0	0_midsummer_mother grave_hay_rise dear	uk
Pod_1486	124	124_horse god_little horse_altar_wife little	uk
Pod_1487	0	0_midsummer_mother grave_hay_rise dear	uk
Pod_1488	0	0_midsummer_mother grave_hay_rise dear	uk
Pod_1489	0	0_midsummer_mother grave_hay_rise dear	uk
Pod_1490	0	0_midsummer_mother grave_hay_rise dear	uk
Pod_1491	0	0_midsummer_mother grave_hay_rise dear	uk
Pod_1492	0	0_midsummer_mother grave_hay_rise dear	uk
Pod_1493	0	0_midsummer_mother grave_hay_rise dear	uk
Pod_1494	0	0_midsummer_mother grave_hay_rise dear	uk
Pod_1495	0	0_midsummer_mother grave_hay_rise dear	uk
Pod_1496	0	0_midsummer_mother grave_hay_rise dear	uk
Pod_1497	73	73_bagpipes_maids_home wife_men little	uk
Pod_1498	0	0_midsummer_mother grave_hay_rise dear	uk
Pod_1499	0	0_midsummer_mother grave_hay_rise dear	uk
Pod_1500	0	0_midsummer_mother grave_hay_rise dear	uk
Pod_1501	0	0_midsummer_mother grave_hay_rise dear	uk
Pod_1503	0	0_midsummer_mother grave_hay_rise dear	uk
Pod_1504	0	0_midsummer_mother grave_hay_rise dear	uk
Pod_1505	0	0_midsummer_mother grave_hay_rise dear	uk
Pod_1506	0	0_midsummer_mother grave_hay_rise dear	uk
Pod_1507	0	0_midsummer_mother grave_hay_rise dear	uk
Pod_1508	0	0_midsummer_mother grave_hay_rise dear	uk
Pod_1509	94	94_little roses_bells_little lady_ran away	uk
Pod_1510	0	0_midsummer_mother grave_hay_rise dear	uk
Pod_1511	62	62_delights_love faithfulness_bride bridegroom_love beloved	uk
Pod_1512	0	0_midsummer_mother grave_hay_rise dear	uk
Pod_1513	137	137_horses_rye_buns_buy horse	uk
Pod_1514	137	137_horses_rye_buns_buy horse	uk
Pod_1515	0	0_midsummer_mother grave_hay_rise dear	uk
Pod_1516	0	0_midsummer_mother grave_hay_rise dear	uk
Pod_1517	0	0_midsummer_mother grave_hay_rise dear	uk
Pod_1518	0	0_midsummer_mother grave_hay_rise dear	uk
Pod_1519	124	124_horse god_little horse_altar_wife little	uk
Pod_1520	123	123_praise joyful_joyful spirit_joy rejoice_celebration	uk
Pod_1521	123	123_praise joyful_joyful spirit_joy rejoice_celebration	uk
Pod_1522	0	0_midsummer_mother grave_hay_rise dear	uk
Pod_1523	0	0_midsummer_mother grave_hay_rise dear	uk
Pod_1524	0	0_midsummer_mother grave_hay_rise dear	uk
Pod_1525	0	0_midsummer_mother grave_hay_rise dear	uk
Pod_1526	0	0_midsummer_mother grave_hay_rise dear	uk
Pod_1527	0	0_midsummer_mother grave_hay_rise dear	uk
Pod_1528	0	0_midsummer_mother grave_hay_rise dear	uk
Pod_1529	0	0_midsummer_mother grave_hay_rise dear	uk
Pod_1530	0	0_midsummer_mother grave_hay_rise dear	uk
Pod_1531	115	115_joyful wedding_dear mother_little horses_mother gave	uk
Pod_1532	0	0_midsummer_mother grave_hay_rise dear	uk
Pod_1533	0	0_midsummer_mother grave_hay_rise dear	uk
Pod_1534	0	0_midsummer_mother grave_hay_rise dear	uk
Pod_1535	0	0_midsummer_mother grave_hay_rise dear	uk
Pod_1536	0	0_midsummer_mother grave_hay_rise dear	uk
Pod_1537	85	85_violet_comfort heart_peacock feathers_little heart	uk
Pod_1538	0	0_midsummer_mother grave_hay_rise dear	uk
Pod_1539	129	129_beloved dear_loved faithfully_silent dear_dear andulka	uk
Pod_1540	115	115_joyful wedding_dear mother_little horses_mother gave	uk
Pod_1541	38	38_dear jeníček_dove little_rye little_grove dear	uk
Pod_1542	137	137_horses_rye_buns_buy horse	uk
Pod_1543	0	0_midsummer_mother grave_hay_rise dear	uk
Pod_1544	101	101_little maiden_golden maiden_little dove_farmer wife	uk
Pod_1545	138	138_korean folk_white feathers_home bowed_raft	uk
Pod_1546	138	138_korean folk_white feathers_home bowed_raft	uk
Pod_1547	118	118_golden maiden_little wreath_nightingale_dove dear	uk
Pod_1548	94	94_little roses_bells_little lady_ran away	uk
Pod_1549	0	0_midsummer_mother grave_hay_rise dear	uk
Pod_1550	0	0_midsummer_mother grave_hay_rise dear	uk
Pod_1551	0	0_midsummer_mother grave_hay_rise dear	uk
Pod_1552	0	0_midsummer_mother grave_hay_rise dear	uk
Pod_1553	0	0_midsummer_mother grave_hay_rise dear	uk
Pod_1554	0	0_midsummer_mother grave_hay_rise dear	uk
Pod_1555	0	0_midsummer_mother grave_hay_rise dear	uk
Pod_1556	0	0_midsummer_mother grave_hay_rise dear	uk
Pod_1557	0	0_midsummer_mother grave_hay_rise dear	uk
Pod_1558	0	0_midsummer_mother grave_hay_rise dear	uk
Pod_1559	65	65_saint nicholas_nicholas saint_nicholas good_bring little	uk
Pod_1560	0	0_midsummer_mother grave_hay_rise dear	uk
Pod_1561	103	103_dog went_went herd_whistled_nest forest	uk
Pod_1562	103	103_dog went_went herd_whistled_nest forest	uk
Pod_1563	0	0_midsummer_mother grave_hay_rise dear	uk
Pod_1564	0	0_midsummer_mother grave_hay_rise dear	uk
Pod_1565	133	133_little horses_whip_poppy_love little	uk
Pod_1566	124	124_horse god_little horse_altar_wife little	uk
Pod_1567	0	0_midsummer_mother grave_hay_rise dear	uk
Pod_1568	0	0_midsummer_mother grave_hay_rise dear	uk
Pod_1569	123	123_praise joyful_joyful spirit_joy rejoice_celebration	uk
Pod_1570	78	78_beloved girl_wife beautiful_heartfelt_making love	uk
Pod_1571	0	0_midsummer_mother grave_hay_rise dear	uk
Pod_1572	130	130_mourn_hurts mother_little soldier_thorns	uk
Pod_1573	0	0_midsummer_mother grave_hay_rise dear	uk
Pod_1574	0	0_midsummer_mother grave_hay_rise dear	uk
Pod_1575	0	0_midsummer_mother grave_hay_rise dear	uk
Pod_1576	0	0_midsummer_mother grave_hay_rise dear	uk
Pod_1577	0	0_midsummer_mother grave_hay_rise dear	uk
Pod_1578	0	0_midsummer_mother grave_hay_rise dear	uk
Pod_1579	0	0_midsummer_mother grave_hay_rise dear	uk
Pod_1580	0	0_midsummer_mother grave_hay_rise dear	uk
Pod_1581	86	86_little stars_little honzík_little sun_ladybug	uk
Pod_1582	135	135_slave_little hop_child lullaby_sisters	uk
Pod_1583	0	0_midsummer_mother grave_hay_rise dear	uk
Pod_1584	0	0_midsummer_mother grave_hay_rise dear	uk
Pod_1585	0	0_midsummer_mother grave_hay_rise dear	uk
Pod_1586	0	0_midsummer_mother grave_hay_rise dear	uk
Pod_1587	0	0_midsummer_mother grave_hay_rise dear	uk
Pod_1588	0	0_midsummer_mother grave_hay_rise dear	uk
Pod_1589	112	112_tended herd_plow_slave tended_manor	uk
Pod_1590	129	129_beloved dear_loved faithfully_silent dear_dear andulka	uk
Pod_1591	120	120_gentle little_dear brothers_fly little_dear daddy	uk
Pod_1592	127	127_candle_candles_naughty_home morning	uk
Pod_1593	142	142_little bouquet_dear ones_soldiers_little feet	uk
Pod_1594	115	115_joyful wedding_dear mother_little horses_mother gave	uk
Pod_1595	0	0_midsummer_mother grave_hay_rise dear	uk
Pod_1596	128	128_die young_green trees_want die_andong	uk
Pod_1597	0	0_midsummer_mother grave_hay_rise dear	uk
Pod_1598	0	0_midsummer_mother grave_hay_rise dear	uk
Pod_1599	33	33_northern fairy_fairy_nang river_nan river	uk
Pod_1600	33	33_northern fairy_fairy_nang river_nan river	uk
Pod_1601	115	115_joyful wedding_dear mother_little horses_mother gave	uk
Pod_1602	127	127_candle_candles_naughty_home morning	uk
Pod_1603	135	135_slave_little hop_child lullaby_sisters	uk
Pod_1604	0	0_midsummer_mother grave_hay_rise dear	uk
Pod_1605	129	129_beloved dear_loved faithfully_silent dear_dear andulka	uk
Pod_1606	0	0_midsummer_mother grave_hay_rise dear	uk
Pod_1607	0	0_midsummer_mother grave_hay_rise dear	uk
Pod_1608	0	0_midsummer_mother grave_hay_rise dear	uk
Pod_1609	115	115_joyful wedding_dear mother_little horses_mother gave	uk
Pod_1610	0	0_midsummer_mother grave_hay_rise dear	uk
Pod_1611	0	0_midsummer_mother grave_hay_rise dear	uk
Pod_1612	73	73_bagpipes_maids_home wife_men little	uk
Pod_1613	120	120_gentle little_dear brothers_fly little_dear daddy	uk
Pod_1614	100	100_did spruce_spruce old_dry spruce_forest dry	uk
Pod_1615	138	138_korean folk_white feathers_home bowed_raft	uk
Pod_1616	0	0_midsummer_mother grave_hay_rise dear	uk
Pod_1639	0	0_midsummer_mother grave_hay_rise dear	uk
Vol_50	0	0_midsummer_mother grave_hay_rise dear	uk
Vol_51	0	0_midsummer_mother grave_hay_rise dear	uk
Vol_52	127	127_candle_candles_naughty_home morning	uk
Vol_53	0	0_midsummer_mother grave_hay_rise dear	uk
Vol_54	0	0_midsummer_mother grave_hay_rise dear	uk
Vol_55	0	0_midsummer_mother grave_hay_rise dear	uk
Vol_56	0	0_midsummer_mother grave_hay_rise dear	uk
Vol_57	0	0_midsummer_mother grave_hay_rise dear	uk
Vol_58	0	0_midsummer_mother grave_hay_rise dear	uk
Vol_59	101	101_little maiden_golden maiden_little dove_farmer wife	uk
Vol_60	0	0_midsummer_mother grave_hay_rise dear	uk
Vol_61	127	127_candle_candles_naughty_home morning	uk
Vol_62	120	120_gentle little_dear brothers_fly little_dear daddy	uk
Vol_63	111	111_lord praise_praise_praise lord_cheerful song	uk
Vol_64	111	111_lord praise_praise_praise lord_cheerful song	uk
Vol_65	0	0_midsummer_mother grave_hay_rise dear	uk
Vol_66	122	122_mocking_squirrel_laughed_don laugh	uk
Vol_67	0	0_midsummer_mother grave_hay_rise dear	uk
Vol_68	0	0_midsummer_mother grave_hay_rise dear	uk
Vol_69	0	0_midsummer_mother grave_hay_rise dear	uk
Vol_70	0	0_midsummer_mother grave_hay_rise dear	uk
Vol_71	101	101_little maiden_golden maiden_little dove_farmer wife	uk
Vol_72	133	133_little horses_whip_poppy_love little	uk
Vol_73	122	122_mocking_squirrel_laughed_don laugh	uk
Vol_74	55	55_jinju_mandarin ducks_mandarin_geogyeo body	uk
Vol_75	0	0_midsummer_mother grave_hay_rise dear	uk
Vol_76	0	0_midsummer_mother grave_hay_rise dear	uk
Vol_77	0	0_midsummer_mother grave_hay_rise dear	uk
Vol_78	0	0_midsummer_mother grave_hay_rise dear	uk
Vol_79	65	65_saint nicholas_nicholas saint_nicholas good_bring little	uk
Vol_80	86	86_little stars_little honzík_little sun_ladybug	uk
Vol_81	0	0_midsummer_mother grave_hay_rise dear	uk
Vol_82	130	130_mourn_hurts mother_little soldier_thorns	uk
Vol_83	0	0_midsummer_mother grave_hay_rise dear	uk
Vol_84	127	127_candle_candles_naughty_home morning	uk
Vol_85	81	81_candles_generous evening_solemnly_father dear	uk
Vol_87	0	0_midsummer_mother grave_hay_rise dear	uk
Vol_88	129	129_beloved dear_loved faithfully_silent dear_dear andulka	uk
Vol_89	137	137_horses_rye_buns_buy horse	uk
Vol_90	50	50_saint peter_sinterklaas_caroling_geese	uk
Vol_91	0	0_midsummer_mother grave_hay_rise dear	uk
Vol_116	137	137_horses_rye_buns_buy horse	uk
Vol_117	65	65_saint nicholas_nicholas saint_nicholas good_bring little	uk
