id	assigned_topic	topic_label	label	lang
Erb_1809	1646	1646_catch_22_circumstance_novel	SVATEBNÍ	cs
Erb_1811	1873	1873_divine_persona_scene_onstage	SVATEBNÍ	cs
Erb_1814	334	334_boulevard_celebrity_fame_celebrities	SVATEBNÍ	cs
Erb_1815	1194	1194_mayor_mayors_mayoral_mayoralty	SVATEBNÍ	cs
Erb_1816	370	370_tennis_doubles_competed_tournaments	SVATEBNÍ	cs
Erb_1817	1872	1872_tsar_1812_armies_casualties	SVATEBNÍ	cs
Erb_1818	1056	1056_palaces_ibn_mosque_palace	SVATEBNÍ	cs
Erb_1819	1268	1268_afar_militias_ceasefire_humanitarian	SVATEBNÍ	cs
Erb_1820	1581	1581_mix_albums_little_remix	SVATEBNÍ	cs
Erb_1821	1119	1119_proud_boys_protests_protesters	SVATEBNÍ	cs
Erb_1823	426	426_stooge_moe_curly_comedies	SVATEBNÍ	cs
Erb_1824	159	159_windows_vista_os_pc	SVATEBNÍ	cs
Erb_1827	1872	1872_tsar_1812_armies_casualties	SVATEBNÍ	cs
Erb_1828	2222	2222_retailer_store_sales_shop	SVATEBNÍ	cs
Erb_1829	313	313_thylacines_thylacine_fauna_mammals	SVATEBNÍ	cs
Erb_1831	2	2_married_divorced_couple_remarried	SVATEBNÍ	cs
Erb_1833	1581	1581_mix_albums_little_remix	SVATEBNÍ	cs
Erb_1834	992	992_linden_lab_copyright_token	SVATEBNÍ	cs
Erb_1836	208	208_frescoes_chapel_pope_basilica	SVATEBNÍ	cs
Erb_1838	1581	1581_mix_albums_little_remix	SVATEBNÍ	cs
Erb_1839	790	790_degree_bachelor_diploma_qualification	SVATEBNÍ	cs
Erb_1840	2367	2367_critical_thinking_reasoned_reflective	SVATEBNÍ	cs
Erb_1843	192	192_polygamous_polygamy_polyamory_polygamists	SVATEBNÍ	cs
Erb_1844	1973	1973_writer_novels_novel_literary	SVATEBNÍ	cs
Erb_1848	154	154_rings_ring_shire_hobbit	SVATEBNÍ	cs
Erb_1858	1476	1476_evil_eye_gaze_eyes	SVATEBNÍ	cs
Erb_1860	1531	1531_albums_concert_toured_band	SVATEBNÍ	cs
Erb_1861	1027	1027_daddy_reggaeton_rapper_rap	SVATEBNÍ	cs
Erb_1864	1267	1267_doomsday_sequel_gameplay_multiplayer	SVATEBNÍ	cs
Erb_1865	1721	1721_tithes_genesis_tithe_testament	SVATEBNÍ	cs
Erb_1866	1446	1446_happiness_wellbeing_unhappiness_happier	SVATEBNÍ	cs
Erb_1867	107	107_anthrax_slayer_thrash_bands	SVATEBNÍ	cs
Erb_1868	1492	1492_attractiveness_aesthetics_beauty_aesthetic	SVATEBNÍ	cs
Erb_1872	1057	1057_nirvana_overdosed_grunge_overdose	SVATEBNÍ	cs
Erb_1873	1271	1271_jong_heir_eldest_successor	SVATEBNÍ	cs
Erb_1874	2152	2152_transit_commute_commuting_commuters	SVATEBNÍ	cs
Erb_1875	441	441_woman_wonder_goddess_feminist	SVATEBNÍ	cs
Erb_1876	1083	1083_tanks_tank_partisan_ideological	SVATEBNÍ	cs
Erb_1877	860	860_pastor_pastors_megachurch_evangelical	SVATEBNÍ	cs
Erb_1878	963	963_deities_polytheism_monotheistic_monotheism	SVATEBNÍ	cs
Erb_1879	349	349_kiss_toured_concerts_tour	SVATEBNÍ	cs
Erb_1882	107	107_anthrax_slayer_thrash_bands	SVATEBNÍ	cs
Erb_1883	2048	2048_biblical_patriarch_prophethood_genesis	SVATEBNÍ	cs
Erb_1884	2202	2202_medieval_antiquity_renaissance_darkness	SVATEBNÍ	cs
Erb_1887	1873	1873_divine_persona_scene_onstage	SVATEBNÍ	cs
Erb_1890	1721	1721_tithes_genesis_tithe_testament	SVATEBNÍ	cs
Erb_1893	506	506_soprano_mafia_joey_carmine	SVATEBNÍ	cs
Erb_1894	1446	1446_happiness_wellbeing_unhappiness_happier	SVATEBNÍ	cs
Erb_1895	1446	1446_happiness_wellbeing_unhappiness_happier	SVATEBNÍ	cs
Erb_1896	93	93_goaltender_puck_goalie_hockey	SVATEBNÍ	cs
Erb_1897	1133	1133_spartan_ancient_battle_invasion	SVATEBNÍ	cs
Erb_1898	1513	1513_redheads_redhead_reddish_ginger	SVATEBNÍ	cs
Erb_1905	790	790_degree_bachelor_diploma_qualification	SVATEBNÍ	cs
Erb_1907	1210	1210_slaughterhouse_novelist_novels_writer	SVATEBNÍ	cs
Erb_1909	1790	1790_cents_coins_monetary_shillings	SVATEBNÍ	cs
Erb_1910	1756	1756_horse_horses_cavalry_rode	SVATEBNÍ	cs
Erb_1915	2145	2145_wastes_waste_disposal_recycling	SVATEBNÍ	cs
Erb_1917	103	103_climber_climbers_mountaineering_climb	SVATEBNÍ	cs
Erb_1918	1083	1083_tanks_tank_partisan_ideological	SVATEBNÍ	cs
Erb_1924	1057	1057_nirvana_overdosed_grunge_overdose	SVATEBNÍ	cs
Erb_1928	1770	1770_bugs_insects_insecticides_pest	SVATEBNÍ	cs
Erb_1929	248	248_species_wildlife_fauna_birds	SVATEBNÍ	cs
Erb_1930	2358	2358_composers_orchestra_composer_orchestras	SVATEBNÍ	cs
Erb_1931	192	192_polygamous_polygamy_polyamory_polygamists	SVATEBNÍ	cs
Erb_1932	1973	1973_writer_novels_novel_literary	SVATEBNÍ	cs
Erb_1934	107	107_anthrax_slayer_thrash_bands	SVATEBNÍ	cs
Erb_1940	1059	1059_blinding_heartless_lights_song	SVATEBNÍ	cs
Erb_1942	0	0_goalscorer_scored_goals_goal	SVATEBNÍ	cs
Erb_1943	1700	1700_saints_row_stadia_games	SVATEBNÍ	cs
Erb_1944	1446	1446_happiness_wellbeing_unhappiness_happier	SVATEBNÍ	cs
Erb_1945	177	177_dementia_dementias_neurodegenerative_parkinsonism	SVATEBNÍ	cs
Erb_1946	1756	1756_horse_horses_cavalry_rode	SVATEBNÍ	cs
Erb_1948	2154	2154_studios_lions_acquisitions_paramount	SVATEBNÍ	cs
Erb_1950	1813	1813_honeys_honey_honeydew_bees	SVATEBNÍ	cs
Erb_1951	2222	2222_retailer_store_sales_shop	SVATEBNÍ	cs
Erb_1952	512	512_women_comfort_geisha_grandmothers	SVATEBNÍ	cs
Erb_1955	1027	1027_daddy_reggaeton_rapper_rap	SVATEBNÍ	cs
Erb_1957	1027	1027_daddy_reggaeton_rapper_rap	SVATEBNÍ	cs
Erb_1958	1448	1448_airplay_tv_apple_televisions	SVATEBNÍ	cs
Erb_1959	1448	1448_airplay_tv_apple_televisions	SVATEBNÍ	cs
Erb_1967	917	917_holly_finale_office_receptionist	SVATEBNÍ	cs
Erb_1968	1863	1863_rap_rock_album_band	SVATEBNÍ	cs
Erb_1969	1863	1863_rap_rock_album_band	SVATEBNÍ	cs
Erb_1970	1863	1863_rap_rock_album_band	SVATEBNÍ	cs
Erb_1972	1477	1477_smartwatch_watches_smartwatches_apple	SVATEBNÍ	cs
Erb_1973	1027	1027_daddy_reggaeton_rapper_rap	SVATEBNÍ	cs
Erb_1974	1409	1409_missionaries_charity_nuns_orphanages	SVATEBNÍ	cs
Erb_1978	417	417_pharaoh_prophets_prophet_messiah	SVATEBNÍ	cs
Erb_1979	1531	1531_albums_concert_toured_band	SVATEBNÍ	cs
Erb_1980	1559	1559_rockabilly_chorus_songwriter_singing	SVATEBNÍ	cs
Erb_1981	520	520_spice_concert_girls_spicy	SVATEBNÍ	cs
Erb_1982	1409	1409_missionaries_charity_nuns_orphanages	SVATEBNÍ	cs
Erb_1984	956	956_patients_inpatients_physicians_physician	SVATEBNÍ	cs
Erb_1987	238	238_protesting_activism_protests_protest	SVATEBNÍ	cs
Erb_1988	889	889_fashion_designers_designer_fashions	SVATEBNÍ	cs
Erb_1989	1919	1919_racing_eliminated_laps_motorsports	SVATEBNÍ	cs
Erb_1991	7	7_touchdowns_interceptions_quarterback_touchdown	SVATEBNÍ	cs
Erb_1992	2048	2048_biblical_patriarch_prophethood_genesis	SVATEBNÍ	cs
Erb_1993	1579	1579_phase_phases_transformer_electrical	SVATEBNÍ	cs
Erb_1994	75	75_boxer_heavyweight_middleweight_heavyweights	SVATEBNÍ	cs
Erb_1995	1756	1756_horse_horses_cavalry_rode	SVATEBNÍ	cs
Erb_1997	1053	1053_bird_storm_star_rebounds	SVATEBNÍ	cs
Erb_1999	1756	1756_horse_horses_cavalry_rode	SVATEBNÍ	cs
Erb_2003	1872	1872_tsar_1812_armies_casualties	SVATEBNÍ	cs
Erb_2004	1872	1872_tsar_1812_armies_casualties	SVATEBNÍ	cs
Erb_2005	2350	2350_condemnation_testimony_guilt_heresy	SVATEBNÍ	cs
Erb_2009	1119	1119_proud_boys_protests_protesters	SVATEBNÍ	cs
Erb_2013	1477	1477_smartwatch_watches_smartwatches_apple	SVATEBNÍ	cs
Erb_2016	1083	1083_tanks_tank_partisan_ideological	SVATEBNÍ	cs
Erb_2017	1409	1409_missionaries_charity_nuns_orphanages	SVATEBNÍ	cs
Erb_2018	2284	2284_tennis_tournaments_tournament_finalist	SVATEBNÍ	cs
Erb_2020	1707	1707_monastery_monks_monastic_monastics	SVATEBNÍ	cs
Erb_2022	1973	1973_writer_novels_novel_literary	SVATEBNÍ	cs
Erb_2023	177	177_dementia_dementias_neurodegenerative_parkinsonism	SVATEBNÍ	cs
Erb_2024	2115	2115_taxation_tax_taxes_taxed	SVATEBNÍ	cs
Erb_2025	2115	2115_taxation_tax_taxes_taxed	SVATEBNÍ	cs
Erb_2026	797	797_stripes_jack_bands_band	SVATEBNÍ	cs
Erb_2027	192	192_polygamous_polygamy_polyamory_polygamists	SVATEBNÍ	cs
Erb_2034	1028	1028_probability_probabilities_doors_car	SVATEBNÍ	cs
Erb_2036	192	192_polygamous_polygamy_polyamory_polygamists	SVATEBNÍ	cs
Erb_2039	2172	2172_home_sequels_sequel_screenplays	SVATEBNÍ	cs
Erb_2040	2133	2133_niece_grandmother_1918_aunt	SVATEBNÍ	cs
Erb_2041	925	925_stones_stone_guitarist_guitarists	SVATEBNÍ	cs
Erb_2044	1267	1267_doomsday_sequel_gameplay_multiplayer	SVATEBNÍ	cs
Erb_2048	1887	1887_bake_baking_bakery_bakeries	SVATEBNÍ	cs
Erb_2049	2232	2232_clitoris_position_positions_intercourse	SVATEBNÍ	cs
Erb_2051	2232	2232_clitoris_position_positions_intercourse	SVATEBNÍ	cs
Erb_2052	2282	2282_rosemary_lobotomy_nuns_lobotomized	SVATEBNÍ	cs
Erb_2054	349	349_kiss_toured_concerts_tour	SVATEBNÍ	cs
Erb_2055	1323	1323_sheikh_prince_sultan_heir	SVATEBNÍ	cs
Erb_2056	515	515_ribbons_ribbon_gallantry_medals	SVATEBNÍ	cs
Erb_2057	2	2_married_divorced_couple_remarried	SVATEBNÍ	cs
Erb_2058	1492	1492_attractiveness_aesthetics_beauty_aesthetic	SVATEBNÍ	cs
Erb_2059	107	107_anthrax_slayer_thrash_bands	SVATEBNÍ	cs
Erb_2060	215	215_emperors_emperor_roman_empire	SVATEBNÍ	cs
Erb_2061	1513	1513_redheads_redhead_reddish_ginger	SVATEBNÍ	cs
Erb_2062	2072	2072_dancer_dances_danced_dancing	SVATEBNÍ	cs
Erb_2063	1513	1513_redheads_redhead_reddish_ginger	SVATEBNÍ	cs
Erb_2065	1650	1650_uniforms_uniformed_berets_beret	SVATEBNÍ	cs
Erb_2067	896	896_airlines_airline_pan_flights	SVATEBNÍ	cs
Erb_2068	83	83_marvel_spider_marvels_avenger	SVATEBNÍ	cs
Erb_2069	441	441_woman_wonder_goddess_feminist	SVATEBNÍ	cs
Erb_2070	1650	1650_uniforms_uniformed_berets_beret	SVATEBNÍ	cs
Erb_2072	441	441_woman_wonder_goddess_feminist	SVATEBNÍ	cs
Erb_2074	1123	1123_shroud_crucified_crucifixion_burial	SVATEBNÍ	cs
Erb_2075	107	107_anthrax_slayer_thrash_bands	SVATEBNÍ	cs
Erb_2077	107	107_anthrax_slayer_thrash_bands	SVATEBNÍ	cs
Erb_2082	551	551_dances_dance_dancers_traditional	SVATEBNÍ	cs
Erb_2083	551	551_dances_dance_dancers_traditional	SVATEBNÍ	cs
Erb_2084	551	551_dances_dance_dancers_traditional	SVATEBNÍ	cs
Erb_2086	192	192_polygamous_polygamy_polyamory_polygamists	SVATEBNÍ	cs
Erb_2088	790	790_degree_bachelor_diploma_qualification	SVATEBNÍ	cs
Erb_2089	1233	1233_awards_idol_nominations_sang	SVATEBNÍ	cs
Erb_2090	442	442_suffrage_referendum_referendums_women	SVATEBNÍ	cs
Erb_2091	1793	1793_soldier_poet_poem_poems	SVATEBNÍ	cs
Erb_2092	291	291_peppers_chili_funk_flea	SVATEBNÍ	cs
Erb_2093	1492	1492_attractiveness_aesthetics_beauty_aesthetic	SVATEBNÍ	cs
Erb_2095	1863	1863_rap_rock_album_band	SVATEBNÍ	cs
Erb_2097	790	790_degree_bachelor_diploma_qualification	SVATEBNÍ	cs
Erb_2099	335	335_trilogy_remastered_gods_editions	SVATEBNÍ	cs
Erb_2100	63	63_breeds_terrier_terriers_shepherd	SVATEBNÍ	cs
Erb_2102	989	989_cook_voyage_voyages_sailed	SVATEBNÍ	cs
Erb_2104	248	248_species_wildlife_fauna_birds	SVATEBNÍ	cs
Erb_2106	245	245_awards_nominated_nominations_screenplay	SVATEBNÍ	cs
Erb_2107	2227	2227_beetle_beetles_convertible_fenders	SVATEBNÍ	cs
Erb_2108	2072	2072_dancer_dances_danced_dancing	SVATEBNÍ	cs
Erb_2109	1528	1528_halo_chief_343_master	SVATEBNÍ	cs
Erb_2110	1887	1887_bake_baking_bakery_bakeries	SVATEBNÍ	cs
Erb_2112	0	0_goalscorer_scored_goals_goal	SVATEBNÍ	cs
Erb_2113	598	598_sitcom_woody_cast_primetime	SVATEBNÍ	cs
Erb_2114	1756	1756_horse_horses_cavalry_rode	SVATEBNÍ	cs
Erb_2116	956	956_patients_inpatients_physicians_physician	SVATEBNÍ	cs
Erb_2117	999	999_rescuers_rescuer_survivors_rescue	SVATEBNÍ	cs
Erb_2119	83	83_marvel_spider_marvels_avenger	SVATEBNÍ	cs
Erb_2120	1075	1075_printing_printmaking_printers_printer	SVATEBNÍ	cs
Erb_2121	1550	1550_dew_cola_flavors_soda	SVATEBNÍ	cs
Erb_2124	1762	1762_hill_gibbons_vocalist_rock	SVATEBNÍ	cs
Erb_2126	441	441_woman_wonder_goddess_feminist	SVATEBNÍ	cs
Erb_2127	1733	1733_devil_demon_satan_soul	SVATEBNÍ	cs
Erb_2128	1018	1018_ninja_ninjas_anime_kai	SVATEBNÍ	cs
Erb_2130	335	335_trilogy_remastered_gods_editions	SVATEBNÍ	cs
Erb_2131	1132	1132_burning_burners_organizers_attendees	SVATEBNÍ	cs
Erb_2134	1573	1573_lent_fasting_easter_liturgy	SVATEBNÍ	cs
Erb_2135	2152	2152_transit_commute_commuting_commuters	SVATEBNÍ	cs
Erb_2137	1508	1508_mansion_mansions_estate_residence	SVATEBNÍ	cs
Erb_2138	1793	1793_soldier_poet_poem_poems	SVATEBNÍ	cs
Erb_2141	1728	1728_medal_medals_presidential_president	SVATEBNÍ	cs
Erb_2143	2230	2230_rush_bands_rock_zeppelin	SVATEBNÍ	cs
Erb_2145	2	2_married_divorced_couple_remarried	SVATEBNÍ	cs
Erb_2146	561	561_laundering_banking_trafficking_smuggling	SVATEBNÍ	cs
Erb_2150	810	810_butter_gluten_flour_glutenin	SVATEBNÍ	cs
Erb_2151	999	999_rescuers_rescuer_survivors_rescue	SVATEBNÍ	cs
Erb_2153	989	989_cook_voyage_voyages_sailed	SVATEBNÍ	cs
Erb_2154	1453	1453_campaigned_politician_governor_long	SVATEBNÍ	cs
Erb_2159	1819	1819_javelin_athlete_badminton_olympic	SVATEBNÍ	cs
Erb_2160	1538	1538_bridges_bridge_viaducts_arches	SVATEBNÍ	cs
Erb_2163	989	989_cook_voyage_voyages_sailed	SVATEBNÍ	cs
Erb_2166	2190	2190_wiggle_band_entertainers_concert	SVATEBNÍ	cs
Erb_2169	790	790_degree_bachelor_diploma_qualification	SVATEBNÍ	cs
Erb_2170	1657	1657_shamrocks_parades_shamrock_celebrated	SVATEBNÍ	cs
Erb_2171	2	2_married_divorced_couple_remarried	SVATEBNÍ	cs
Erb_2175	1862	1862_quixotic_literature_chivalric_novel	SVATEBNÍ	cs
Erb_2177	938	938_ford_presidency_presidential_presidents	SVATEBNÍ	cs
Erb_2180	1003	1003_motocross_motorcycle_stunt_bike	SVATEBNÍ	cs
THB_40	506	506_soprano_mafia_joey_carmine	MILOSTNÉ	cs
THB_100	1770	1770_bugs_insects_insecticides_pest	VOJENSKÉ	cs
THB_101	349	349_kiss_toured_concerts_tour	VOJENSKÉ	cs
THB_102	1770	1770_bugs_insects_insecticides_pest	VOJENSKÉ	cs
THB_103	1195	1195_mac_office_os_versions	VOJENSKÉ	cs
THB_104	938	938_ford_presidency_presidential_presidents	VOJENSKÉ	cs
THB_105	2057	2057_streaming_premiere_tv_stream	VOJENSKÉ	cs
h21305000012	107	107_anthrax_slayer_thrash_bands	toolaulud	et
e000151070015	1877	1877_zombie_walkers_zombies_walking	pulmalaulud	et
eys0617830287	1877	1877_zombie_walkers_zombies_walking	pulmalaulud	et
h21304930008	506	506_soprano_mafia_joey_carmine	pulmalaulud	et
e000076970008	551	551_dances_dance_dancers_traditional	pulmalaulud	et
eys0807390339	1028	1028_probability_probabilities_doors_car	toolaulud	et
h21305400049	515	515_ribbons_ribbon_gallantry_medals	pulmalaulud	et
e000093390023	1863	1863_rap_rock_album_band	pulmalaulud	et
e000099700006	1013	1013_law_jurisprudence_judicial_statutes	pulmalaulud	et
e000138100007	2222	2222_retailer_store_sales_shop	pulmalaulud	et
eys0617770000	213	213_showrunner_episode_showrunners_episodes	pulmalaulud	et
eys0910530166	2222	2222_retailer_store_sales_shop	pulmalaulud	et
h21400660083	520	520_spice_concert_girls_spicy	pulmalaulud	et
eks1500010001	989	989_cook_voyage_voyages_sailed	pulmalaulud	et
h31703830047	2125	2125_libel_celebrity_reportedly_scandals	pulmalaulud	et
e000093890060	1013	1013_law_jurisprudence_judicial_statutes	pulmalaulud	et
e000123260005	1813	1813_honeys_honey_honeydew_bees	pulmalaulud	et
e000598850000	840	840_airline_airlines_seats_seating	pulmalaulud	et
e000613860003	2163	2163_sausage_sausages_bun_chili	pulmalaulud	et
ea00006930012	1650	1650_uniforms_uniformed_berets_beret	pulmalaulud	et
eks1500040003	2	2_married_divorced_couple_remarried	pulmalaulud	et
ekse00380000	2163	2163_sausage_sausages_bun_chili	pulmalaulud	et
era200101440001	171	171_mountains_mountain_plains_topography	pulmalaulud	et
era201101840004	1756	1756_horse_horses_cavalry_rode	pulmalaulud	et
era201103470003	1756	1756_horse_horses_cavalry_rode	pulmalaulud	et
era201400770017	1637	1637_donkey_fairy_godmother_dragon	pulmalaulud	et
era201402870024	640	640_defamation_lawsuit_sued_libel	pulmalaulud	et
era202401570002	1028	1028_probability_probabilities_doors_car	pulmalaulud	et
era202403540008	441	441_woman_wonder_goddess_feminist	pulmalaulud	et
era202403770004	775	775_seo_searches_webmaster_webmasters	pulmalaulud	et
era203201730004	1013	1013_law_jurisprudence_judicial_statutes	pulmalaulud	et
era205705680044	1606	1606_ibn_folktales_tales_literature	pulmalaulud	et
estk4000600094	1366	1366_data_datasets_analytics_databases	pulmalaulud	et
eys0506170036	2322	2322_moon_drummer_drums_drummers	pulmalaulud	et
eys0506300060	1013	1013_law_jurisprudence_judicial_statutes	pulmalaulud	et
eys0610680228	1297	1297_hello_greeting_cat_cuteness	pulmalaulud	et
eys0614410114	1863	1863_rap_rock_album_band	pulmalaulud	et
eys0614660155	2129	2129_fish_cannibalism_tortured_murders	pulmalaulud	et
eys0614760170	1013	1013_law_jurisprudence_judicial_statutes	pulmalaulud	et
eys0614860183	441	441_woman_wonder_goddess_feminist	pulmalaulud	et
eys0615110244	1028	1028_probability_probabilities_doors_car	pulmalaulud	et
eys0616190047	1013	1013_law_jurisprudence_judicial_statutes	pulmalaulud	et
eys0706630026	1852	1852_slim_richest_billionaire_pesos	pulmalaulud	et
eys0706800056	992	992_linden_lab_copyright_token	pulmalaulud	et
eys0715340010	63	63_breeds_terrier_terriers_shepherd	pulmalaulud	et
eys0715460027	2163	2163_sausage_sausages_bun_chili	pulmalaulud	et
eys0715690076	1869	1869_slender_skinny_creepypastas_creepypasta	pulmalaulud	et
eys0715960116	1013	1013_law_jurisprudence_judicial_statutes	pulmalaulud	et
eys0716160145	1119	1119_proud_boys_protests_protesters	pulmalaulud	et
eys0716980268	1013	1013_law_jurisprudence_judicial_statutes	pulmalaulud	et
eys0716980269	2080	2080_strikers_goalscoring_winger_striker	pulmalaulud	et
eys0717540369	213	213_showrunner_episode_showrunners_episodes	pulmalaulud	et
eys0717550372	551	551_dances_dance_dancers_traditional	pulmalaulud	et
eys0722820026	2220	2220_yards_quarterback_touchdowns_receptions	pulmalaulud	et
eys0722910041	532	532_coffeehouse_coffee_coffees_cafe	pulmalaulud	et
eys0722920043	551	551_dances_dance_dancers_traditional	pulmalaulud	et
eys0723140094	1367	1367_punk_flag_bands_black	pulmalaulud	et
eys0723150096	1516	1516_microwaves_microwave_oven_ovens	pulmalaulud	et
eys0805580059	952	952_gymnast_gymnastics_gymnasts_olympic	pulmalaulud	et
eys0805620068	1756	1756_horse_horses_cavalry_rode	pulmalaulud	et
eys0806100140	1502	1502_rooms_room_palace_furnishings	pulmalaulud	et
eys0806530216	213	213_showrunner_episode_showrunners_episodes	pulmalaulud	et
eys0806880268	1756	1756_horse_horses_cavalry_rode	pulmalaulud	et
eys0808150447	606	606_sponsors_sponsorship_sponsor_sponsorships	pulmalaulud	et
eys0808210454	107	107_anthrax_slayer_thrash_bands	pulmalaulud	et
eys0808360479	2172	2172_home_sequels_sequel_screenplays	pulmalaulud	et
eys080837480b	63	63_breeds_terrier_terriers_shepherd	pulmalaulud	et
eys0811530008	2340	2340_tower_towers_elevators_elevator	pulmalaulud	et
eys0811780054	1664	1664_mini_convertible_redesigned_discontinued	pulmalaulud	et
eys0909490011	606	606_sponsors_sponsorship_sponsor_sponsorships	pulmalaulud	et
eys0910020091	1104	1104_chamberlain_1945_minister_resigned	pulmalaulud	et
eys0922830094	2322	2322_moon_drummer_drums_drummers	pulmalaulud	et
eys1022430016	213	213_showrunner_episode_showrunners_episodes	pulmalaulud	et
eys1022630061	2322	2322_moon_drummer_drums_drummers	toolaulud	et
eys1022780086	715	715_paleolithic_neolithic_archaeological_prehistory	pulmalaulud	et
eys1022880100	159	159_windows_vista_os_pc	toolaulud	et
eys1029050081	1006	1006_runes_rune_runestones_inscriptions	pulmalaulud	et
h10100180002	2274	2274_housewives_housewife_cast_reunion	pulmalaulud	et
h10101990032	1297	1297_hello_greeting_cat_cuteness	pulmalaulud	et
h10102020037	1039	1039_elves_elf_folklore_fairies	pulmalaulud	et
h10102450128	1502	1502_rooms_room_palace_furnishings	pulmalaulud	et
h10700370019	1013	1013_law_jurisprudence_judicial_statutes	pulmalaulud	et
h10700600059	2163	2163_sausage_sausages_bun_chili	pulmalaulud	et
h20102850423	877	877_stratosphere_meteorological_stratospheric_climatic	pulmalaulud	et
h20102880426	741	741_airing_adult_swim_aqua	pulmalaulud	et
h21109540011	2131	2131_viewership_viewers_televised_television	pulmalaulud	et
h21300830027	7	7_touchdowns_interceptions_quarterback_touchdown	pulmalaulud	et
h21301290022	1349	1349_howl_poetry_poet_poems	pulmalaulud	et
h21304900006	520	520_spice_concert_girls_spicy	pulmalaulud	et
h21304960009	129	129_pol_communists_rouge_soviet	pulmalaulud	et
h21306030003	955	955_pearls_pearl_pearling_oysters	pulmalaulud	et
h21403410004	1013	1013_law_jurisprudence_judicial_statutes	pulmalaulud	et
h22609160021	1013	1013_law_jurisprudence_judicial_statutes	toolaulud	et
h24000901036	938	938_ford_presidency_presidential_presidents	pulmalaulud	et
h24607080020	1874	1874_mosque_synagogue_temple_synagogues	pulmalaulud	et
h25706320016	1502	1502_rooms_room_palace_furnishings	pulmalaulud	et
h30101360004	925	925_stones_stone_guitarist_guitarists	pulmalaulud	et
h30101400008	938	938_ford_presidency_presidential_presidents	pulmalaulud	et
h30400830001	1502	1502_rooms_room_palace_furnishings	pulmalaulud	et
h31708530008	1513	1513_redheads_redhead_reddish_ginger	toolaulud	et
goheung-0512	1409	1409_missionaries_charity_nuns_orphanages	Lament_lament	ko
yeongdong-0104	1013	1013_law_jurisprudence_judicial_statutes	Lament_lament	ko
hwacheon-0217	1028	1028_probability_probabilities_doors_car	Lament_lament	ko
gn.goseong-0107	2154	2154_studios_lions_acquisitions_paramount	Lament_lament	ko
hampyeong-0402	472	472_traditional_dhoti_sari_dresses	Lament_lament	ko
yeongam-0423	1409	1409_missionaries_charity_nuns_orphanages	Lament_lament	ko
icheon-0412	291	291_peppers_chili_funk_flea	Lament_lament	ko
jindo-0543	1211	1211_sequels_ash_trilogy_evil	Lament_lament	ko
cheolwon-0310	2	2_married_divorced_couple_remarried	Lament_lament	ko
namhae-0205	1132	1132_burning_burners_organizers_attendees	Lament_lament	ko
nonsan-0106	147	147_cardiovascular_cardiomyopathy_cardiac_hypertension	Lament_lament	ko
ulsan-0919	1226	1226_magnetism_magnetic_electromagnetism_magnetization	Lament_lament	ko
gochang-0712	1013	1013_law_jurisprudence_judicial_statutes	Lament_lament	ko
yangyang-1208	2322	2322_moon_drummer_drums_drummers	Lament_lament	ko
muju-0508	1915	1915_fate_fates_doctor_doctorate	Lament_lament	ko
yanggu-0929	291	291_peppers_chili_funk_flea	Lament_lament	ko
hwacheon-0208	291	291_peppers_chili_funk_flea	Lament_lament	ko
gangjin-0309	938	938_ford_presidency_presidential_presidents	Lament_lament	ko
dalseong-0119	2322	2322_moon_drummer_drums_drummers	Lament_lament	ko
hampyeong-0404	1513	1513_redheads_redhead_reddish_ginger	Lament_lament	ko
yeonggwang-0136	1877	1877_zombie_walkers_zombies_walking	Lament_lament	ko
hampyeong-0403	2202	2202_medieval_antiquity_renaissance_darkness	Lament_lament	ko
gwangjusi-0235	1819	1819_javelin_athlete_badminton_olympic	Lament_lament	ko
andong-0223	53	53_comedian_primetime_night_comedians	Lament_lament	ko
haenam-0523	2045	2045_groceries_restaurants_restaurant_taxicab	Lament_lament	ko
namhae-0206	2322	2322_moon_drummer_drums_drummers	Lament_lament	ko
mungyeong-0513	1915	1915_fate_fates_doctor_doctorate	Lament_lament	ko
yeonggwang-0225	790	790_degree_bachelor_diploma_qualification	Lament_lament	ko
seosan-0204	809	809_fitness_gyms_gym_gymnastics	Lament_lament	ko
sinan-0721	441	441_woman_wonder_goddess_feminist	Lament_lament	ko
inje-0209	2322	2322_moon_drummer_drums_drummers	Lament_lament	ko
yeonggwang-0411	1991	1991_pods_pod_containers_cluster	Lament_lament	ko
yeongcheon-0223	1082	1082_robots_robot_robotic_robotics	Lament_lament	ko
muju-0713	1082	1082_robots_robot_robotic_robotics	Lament_lament	ko
damyang-0417	1932	1932_law_laws_theological_morality	Lament_lament	ko
hwacheon-0917	291	291_peppers_chili_funk_flea	Lament_lament	ko
dalseong-0308	1013	1013_law_jurisprudence_judicial_statutes	Lament_lament	ko
dalseong-0213	2	2_married_divorced_couple_remarried	Lament_lament	ko
eumseong-0512	1013	1013_law_jurisprudence_judicial_statutes	Lament_lament	ko
sancheong-0118	1502	1502_rooms_room_palace_furnishings	Lament_lament	ko
gwangyang-0108	2205	2205_bow_actress_1932_laurels	Lament_lament	ko
chilgok-0403	2163	2163_sausage_sausages_bun_chili	Lament_lament	ko
cheongsong-0228	2133	2133_niece_grandmother_1918_aunt	Lament_lament	ko
gyeongsan-0703	1013	1013_law_jurisprudence_judicial_statutes	Lament_lament	ko
yeocheon-0231	159	159_windows_vista_os_pc	Lament_lament	ko
hongcheon-1312	1013	1013_law_jurisprudence_judicial_statutes	Lament_lament	ko
wando-0233	1013	1013_law_jurisprudence_judicial_statutes	Lament_lament	ko
gimje-0508	943	943_stagecoach_ford_cinematography_films	Lament_lament	ko
gyeongju-0210	1707	1707_monastery_monks_monastic_monastics	Lament_lament	ko
damyang-0419	1534	1534_famine_famines_starvation_rice	Lament_lament	ko
yeonggwang-0519	1528	1528_halo_chief_343_master	Lament_lament	ko
gn.goseong-0602	938	938_ford_presidency_presidential_presidents	Lament_lament	ko
jinan-0605	1247	1247_shamanism_shamans_shaman_shamanistic	Lament_lament	ko
milyang-1008	938	938_ford_presidency_presidential_presidents	Lament_lament	ko
pyeongchang-1112	177	177_dementia_dementias_neurodegenerative_parkinsonism	Lament_lament	ko
goheung-0114	1513	1513_redheads_redhead_reddish_ginger	Lament_lament	ko
wando-0520	2205	2205_bow_actress_1932_laurels	Lament_lament	ko
goesan-0120	918	918_hemp_cannabis_textiles_cultivated	Lament_lament	ko
yangyang-2207	2322	2322_moon_drummer_drums_drummers	Lament_lament	ko
jeongseon-1406	1513	1513_redheads_redhead_reddish_ginger	Lament_lament	ko
namwon-0313	1475	1475_indigenous_spirit_spirits_natives	Lament_lament	ko
yeongyang-0120	1082	1082_robots_robot_robotic_robotics	Lament_lament	ko
geochang-0222	813	813_tattoos_tattooing_tattoo_tattooed	Lament_lament	ko
sangju-1409	989	989_cook_voyage_voyages_sailed	Lament_lament	ko
seongju-0303	1932	1932_law_laws_theological_morality	Lament_lament	ko
gokseong-0106	1028	1028_probability_probabilities_doors_car	Lament_lament	ko
bonghwa-0204	1082	1082_robots_robot_robotic_robotics	Lament_lament	ko
hwacheon-0216	1028	1028_probability_probabilities_doors_car	Lament_lament	ko
yeonggwang-0420	1638	1638_contraception_contraceptive_contraceptives_abortion	Lament_lament	ko
yeongwol-0306	1013	1013_law_jurisprudence_judicial_statutes	Lament_lament	ko
ulreung-0223	2322	2322_moon_drummer_drums_drummers	Lament_lament	ko
icheon-0410	938	938_ford_presidency_presidential_presidents	Lament_lament	ko
bonghwa-0707	1225	1225_bean_teddy_episodes_sitcom	Lament_lament	ko
bonghwa-0720	1082	1082_robots_robot_robotic_robotics	Lament_lament	ko
yeongil-0332	2222	2222_retailer_store_sales_shop	Lament_lament	ko
jindo-0545	824	824_gang_gangs_comedies_productions	Lament_lament	ko
cheolwon-0813	1082	1082_robots_robot_robotic_robotics	Lament_lament	ko
muju-0441	915	915_sparrow_pirates_pirate_privateer	Lament_lament	ko
jeongseon-1316	2322	2322_moon_drummer_drums_drummers	Lament_lament	ko
hampyeong-0439	1646	1646_catch_22_circumstance_novel	Lament_lament	ko
seongju-0336	238	238_protesting_activism_protests_protest	Lament_lament	ko
cheolwon-1212	1932	1932_law_laws_theological_morality	Lament_lament	ko
hampyeong-0428	150	150_waters_concert_tour_pink	Lament_lament	ko
jangheung-0229	1789	1789_tai_chi_martial_wushu	Lament_lament	ko
goheung-0113	2145	2145_wastes_waste_disposal_recycling	Lament_lament	ko
eumseong-0528	1915	1915_fate_fates_doctor_doctorate	Lament_lament	ko
hampyeong-0602	1225	1225_bean_teddy_episodes_sitcom	Lament_lament	ko
yecheon-0704	2190	2190_wiggle_band_entertainers_concert	Lament_lament	ko
imsil-0520	1513	1513_redheads_redhead_reddish_ginger	Lament_lament	ko
sangju-0820	2190	2190_wiggle_band_entertainers_concert	Lament_lament	ko
yeongdeok-0333	2222	2222_retailer_store_sales_shop	Lament_lament	ko
cheongsong-0521	1513	1513_redheads_redhead_reddish_ginger	Lament_lament	ko
bonghwa-0706	1899	1899_museums_museum_exhibit_exhibits	Lament_lament	ko
dalseong-0531	2	2_married_divorced_couple_remarried	Lament_lament	ko
seocheon-0202	1271	1271_jong_heir_eldest_successor	Lament_lament	ko
gimje-0518	1043	1043_cloud_clouds_azure_virtualization	Lament_lament	ko
yanggu-0716	291	291_peppers_chili_funk_flea	Lament_lament	ko
seungju-0203	1013	1013_law_jurisprudence_judicial_statutes	Lament_lament	ko
wando-0523	199	199_homer_sitcom_cartoon_sitcoms	Lament_lament	ko
goheung-0408	238	238_protesting_activism_protests_protest	Lament_lament	ko
bonghwa-0614	1513	1513_redheads_redhead_reddish_ginger	Lament_lament	ko
gochang-0525	731	731_sake_rice_liquor_brewing	Lament_lament	ko
seongju-0629	1790	1790_cents_coins_monetary_shillings	Lament_lament	ko
yeonggwang-0614	1638	1638_contraception_contraceptive_contraceptives_abortion	Lament_lament	ko
gw.goseong-0516	291	291_peppers_chili_funk_flea	Lament_lament	ko
yangyang-0511	1082	1082_robots_robot_robotic_robotics	Lament_lament	ko
geumreung-0135	2131	2131_viewership_viewers_televised_television	Lament_lament	ko
uljin-1002	1535	1535_anthem_anthems_hymn_stanza	Lament_lament	ko
naju-0219	1843	1843_rivers_celebrity_housewives_comedian	Lament_lament	ko
buan-0615	450	450_bear_bears_grizzly_predators	Lament_lament	ko
geumsan-0806	2367	2367_critical_thinking_reasoned_reflective	Lament_lament	ko
muan-0704	1225	1225_bean_teddy_episodes_sitcom	Lament_lament	ko
hampyeong-0408	1513	1513_redheads_redhead_reddish_ginger	Lament_lament	ko
hoengseong-0425	2322	2322_moon_drummer_drums_drummers	Lament_lament	ko
jindo-0523	2131	2131_viewership_viewers_televised_television	Lament_lament	ko
bonghwa-0403	1513	1513_redheads_redhead_reddish_ginger	Lament_lament	ko
pyeongchang-0806	2346	2346_marriages_cohabitation_marriage_heterosexuals	Lament_lament	ko
yeongdeok-0208	395	395_millennials_millennial_generations_generation	Lament_lament	ko
sinan-1013	1409	1409_missionaries_charity_nuns_orphanages	Lament_lament	ko
sinan-0314	918	918_hemp_cannabis_textiles_cultivated	Lament_lament	ko
yeongdeok-0207	1932	1932_law_laws_theological_morality	Lament_lament	ko
samcheok-1207	1659	1659_tower_towers_fortification_moat	Lament_lament	ko
yecheon-0422	2133	2133_niece_grandmother_1918_aunt	Lament_lament	ko
gangjin-0601	1502	1502_rooms_room_palace_furnishings	Lament_lament	ko
sinan-0427	2053	2053_concert_concerts_tour_theater	Lament_lament	ko
seungju-0304	2190	2190_wiggle_band_entertainers_concert	Lament_lament	ko
tongyeong-0413	2240	2240_sesame_episodes_cartoon_licensing	Lament_lament	ko
yeongam-0224	1915	1915_fate_fates_doctor_doctorate	Lament_lament	ko
gangjin-0602	441	441_woman_wonder_goddess_feminist	Lament_lament	ko
samcheok-1104	177	177_dementia_dementias_neurodegenerative_parkinsonism	Lament_lament	ko
jungwon-0334	358	358_coalition_chancellors_chancellor_chancellorship	Lament_lament	ko
haenam-0127	1638	1638_contraception_contraceptive_contraceptives_abortion	Lament_lament	ko
geumreung-0433	1534	1534_famine_famines_starvation_rice	Lament_lament	ko
muju-0704	408	408_bbc_broadcasting_channel_al	Lament_lament	ko
gn.goseong-0519	1646	1646_catch_22_circumstance_novel	Lament_lament	ko
geochang-0315	1013	1013_law_jurisprudence_judicial_statutes	Lament_lament	ko
jinan-0603	380	380_temple_cult_peoples_disciples	Lament_lament	ko
gangjin-0618	291	291_peppers_chili_funk_flea	Lament_lament	ko
gangjin-0716	1550	1550_dew_cola_flavors_soda	Lament_lament	ko
yeocheon-0327	2037	2037_woke_woken_wake_awake	Lament_lament	ko
bonghwa-0311	790	790_degree_bachelor_diploma_qualification	Lament_lament	ko
gangjin-0312	1528	1528_halo_chief_343_master	Lament_lament	ko
yeonggwang-0609	1013	1013_law_jurisprudence_judicial_statutes	Lament_lament	ko
hapcheon-0516	1013	1013_law_jurisprudence_judicial_statutes	Lament_lament	ko
gangjin-0626	2	2_married_divorced_couple_remarried	Lament_lament	ko
tongyeong-0304	929	929_medicine_medicinal_medicines_physicians	Lament_lament	ko
damyang-0122	2154	2154_studios_lions_acquisitions_paramount	Lament_lament	ko
haenam-0411	63	63_breeds_terrier_terriers_shepherd	Lament_lament	ko
muan-0155	1043	1043_cloud_clouds_azure_virtualization	Lament_lament	ko
gangjin-0212	1013	1013_law_jurisprudence_judicial_statutes	Lament_lament	ko
yeongil-0524	2322	2322_moon_drummer_drums_drummers	Lament_lament	ko
geumreung-0206	1082	1082_robots_robot_robotic_robotics	Lament_lament	ko
gyeongju-0211	1513	1513_redheads_redhead_reddish_ginger	Lament_lament	ko
samcheok-1012	1013	1013_law_jurisprudence_judicial_statutes	Lament_lament	ko
chilgok-0606	2201	2201_deaf_blindness_disabilities_braille	Lament_lament	ko
uljin-0115	1743	1743_ant_ants_toured_tour	Lament_lament	ko
inje-0105	1862	1862_quixotic_literature_chivalric_novel	Lament_lament	ko
gimhae-0212	938	938_ford_presidency_presidential_presidents	Lament_lament	ko
jeongseon-0724	1956	1956_ashes_wickets_cricket_innings	Lament_lament	ko
hoengseong-0107	2322	2322_moon_drummer_drums_drummers	Lament_lament	ko
chilgok-0471	1915	1915_fate_fates_doctor_doctorate	Lament_lament	ko
naju-0319	918	918_hemp_cannabis_textiles_cultivated	Lament_lament	ko
boeun-0211	1119	1119_proud_boys_protests_protesters	Lament_lament	ko
yeongam-0512	1041	1041_torturing_strangled_stabbing_murdered	Lament_lament	ko
ulreung-0209	2322	2322_moon_drummer_drums_drummers	Lament_lament	ko
seongju-0313	2131	2131_viewership_viewers_televised_television	Lament_lament	ko
tongyeong-0713	1513	1513_redheads_redhead_reddish_ginger	Lament_lament	ko
geoje-0521	1956	1956_ashes_wickets_cricket_innings	Lament_lament	ko
yeocheon-0227	1460	1460_aunt_uncle_breakfast_mammy	Lament_lament	ko
yeongdeok-0309	2125	2125_libel_celebrity_reportedly_scandals	Lament_lament	ko
yeonggwang-0142	1843	1843_rivers_celebrity_housewives_comedian	Lament_lament	ko
gn.goseong-0531	2	2_married_divorced_couple_remarried	Lament_lament	ko
yeongdeok-0204	291	291_peppers_chili_funk_flea	Lament_lament	ko
hadong-0136	1028	1028_probability_probabilities_doors_car	Lament_lament	ko
jangsu-0233	2222	2222_retailer_store_sales_shop	Lament_lament	ko
yecheon-0503	1513	1513_redheads_redhead_reddish_ginger	Lament_lament	ko
jeongseon-1111	989	989_cook_voyage_voyages_sailed	Lament_lament	ko
chilgok-0402	1013	1013_law_jurisprudence_judicial_statutes	Lament_lament	ko
sancheong-0509	1018	1018_ninja_ninjas_anime_kai	Lament_lament	ko
wando-0718	2039	2039_fed_inflation_monetary_financial	Lament_lament	ko
wando-0408	2322	2322_moon_drummer_drums_drummers	Lament_lament	ko
iksan-0206	1013	1013_law_jurisprudence_judicial_statutes	Lament_lament	ko
jangsu-0342	918	918_hemp_cannabis_textiles_cultivated	Lament_lament	ko
sancheong-0443	238	238_protesting_activism_protests_protest	Lament_lament	ko
wanju-0523	2240	2240_sesame_episodes_cartoon_licensing	Lament_lament	ko
daejeon-0510	1013	1013_law_jurisprudence_judicial_statutes	Lament_lament	ko
seungju-0307	177	177_dementia_dementias_neurodegenerative_parkinsonism	Lament_lament	ko
samcheok-1209	839	839_fastest_racing_mph_speed	Lament_lament	ko
jinyang-0907	2	2_married_divorced_couple_remarried	Lament_lament	ko
jungwon-0336	291	291_peppers_chili_funk_flea	Lament_lament	ko
jinan-0626	1513	1513_redheads_redhead_reddish_ginger	Lament_lament	ko
eumseong-0518	1809	1809_park_parks_parking_central	Lament_lament	ko
yeongyang-0118	53	53_comedian_primetime_night_comedians	Lament_lament	ko
milyang-1009	1915	1915_fate_fates_doctor_doctorate	Lament_lament	ko
uljin-0613	0	0_goalscorer_scored_goals_goal	Lament_lament	ko
sinan-0117	1596	1596_sky_gaming_gameplay_gamer	Lament_lament	ko
sancheong-0527	1915	1915_fate_fates_doctor_doctorate	Lament_lament	ko
jangheung-0514	1409	1409_missionaries_charity_nuns_orphanages	Lament_lament	ko
cheongdo-0111	1053	1053_bird_storm_star_rebounds	Lament_lament	ko
seongju-0143	918	918_hemp_cannabis_textiles_cultivated	Lament_lament	ko
yeocheon-0326	1513	1513_redheads_redhead_reddish_ginger	Lament_lament	ko
yangyang-1805	1711	1711_thirty_seconds_tour_album	Lament_lament	ko
jeongseon-0723	918	918_hemp_cannabis_textiles_cultivated	Lament_lament	ko
uljin-0719	1838	1838_kimchi_rice_cabbage_cuisine	Lament_lament	ko
gunwi-0238	2	2_married_divorced_couple_remarried	Lament_lament	ko
goheung-0221	487	487_oblast_soviet_yuri_grandmother	Lament_lament	ko
yanggu-0408	1082	1082_robots_robot_robotic_robotics	Lament_lament	ko
samcheok-1017	1013	1013_law_jurisprudence_judicial_statutes	Lament_lament	ko
imsil-0208	1513	1513_redheads_redhead_reddish_ginger	Lament_lament	ko
hwacheon-0209	1013	1013_law_jurisprudence_judicial_statutes	Lament_lament	ko
yeonggwang-0612	562	562_complement_binary_complements_unsigned	Lament_lament	ko
cheolwon-1201	1013	1013_law_jurisprudence_judicial_statutes	Lament_lament	ko
dalseong-0335	2154	2154_studios_lions_acquisitions_paramount	Lament_lament	ko
jeongseon-0726	1299	1299_jong_yong_hui_taek	Lament_lament	ko
yeongcheon-0120	1534	1534_famine_famines_starvation_rice	Lament_lament	ko
milyang-1711	1082	1082_robots_robot_robotic_robotics	Lament_lament	ko
nonsan-0201	938	938_ford_presidency_presidential_presidents	Lament_lament	ko
haman-0128	2346	2346_marriages_cohabitation_marriage_heterosexuals	Lament_lament	ko
bonghwa-0712	291	291_peppers_chili_funk_flea	Lament_lament	ko
bonghwa-0312	790	790_degree_bachelor_diploma_qualification	Lament_lament	ko
jangseong-0228	1502	1502_rooms_room_palace_furnishings	Lament_lament	ko
goheung-0220	512	512_women_comfort_geisha_grandmothers	Lament_lament	ko
gokseong-0413	1083	1083_tanks_tank_partisan_ideological	Lament_lament	ko
cheolwon-1214	1747	1747_moss_quarterback_cornerback_punts	Lament_lament	ko
hampyeong-0603	2205	2205_bow_actress_1932_laurels	Lament_lament	ko
euiryeong-0508	2	2_married_divorced_couple_remarried	Lament_lament	ko
inje-0208	1513	1513_redheads_redhead_reddish_ginger	Lament_lament	ko
gangjin-0714	938	938_ford_presidency_presidential_presidents	Lament_lament	ko
chilgok-0318	2139	2139_presidential_parliamentary_governs_government	Lament_lament	ko
bukjeju-1512	1018	1018_ninja_ninjas_anime_kai	Lament_lament	ko
bonghwa-0713	177	177_dementia_dementias_neurodegenerative_parkinsonism	Lament_lament	ko
jangheung-0219	1646	1646_catch_22_circumstance_novel	Lament_lament	ko
jangseong-0235	1534	1534_famine_famines_starvation_rice	Lament_lament	ko
seosan-0706	1877	1877_zombie_walkers_zombies_walking	Lament_lament	ko
gw.goseong-1210	177	177_dementia_dementias_neurodegenerative_parkinsonism	Lament_lament	ko
gw.goseong-0607	2322	2322_moon_drummer_drums_drummers	Lament_lament	ko
yeongdeok-0202	291	291_peppers_chili_funk_flea	Lament_lament	ko
sancheong-0422	1013	1013_law_jurisprudence_judicial_statutes	Lament_lament	ko
dalseong-0214	2131	2131_viewership_viewers_televised_television	Lament_lament	ko
chuncheon-0313	2	2_married_divorced_couple_remarried	Lament_lament	ko
boeun-0412	0	0_goalscorer_scored_goals_goal	Lament_lament	ko
gangjin-0319	1409	1409_missionaries_charity_nuns_orphanages	Lament_lament	ko
boseong-0135	56	56_bond_royale_spectre_pierce	Lament_lament	ko
wanju-0424	1028	1028_probability_probabilities_doors_car	Lament_lament	ko
seongju-0833	1013	1013_law_jurisprudence_judicial_statutes	Lament_lament	ko
hamyang-0328	2240	2240_sesame_episodes_cartoon_licensing	Lament_lament	ko
yanggu-0302	1132	1132_burning_burners_organizers_attendees	Lament_lament	ko
yeonggwang-0611	1638	1638_contraception_contraceptive_contraceptives_abortion	Lament_lament	ko
muju-0703	1013	1013_law_jurisprudence_judicial_statutes	Lament_lament	ko
yeongam-0520	1132	1132_burning_burners_organizers_attendees	Lament_lament	ko
jeongeup-0462	213	213_showrunner_episode_showrunners_episodes	Lament_lament	ko
hwasun-0312	1646	1646_catch_22_circumstance_novel	Lament_lament	ko
yangyang-1206	2322	2322_moon_drummer_drums_drummers	Lament_lament	ko
jungwon-0335	2	2_married_divorced_couple_remarried	Lament_lament	ko
gn.goseong-0211	2	2_married_divorced_couple_remarried	Lament_lament	ko
dalseong-0302	1082	1082_robots_robot_robotic_robotics	Lament_lament	ko
ulreung-0224	2322	2322_moon_drummer_drums_drummers	Lament_lament	ko
haman-0616	204	204_trafficking_prostitution_prostitutes_prostitute	Lament_lament	ko
nonsan-0101	1013	1013_law_jurisprudence_judicial_statutes	Lament_lament	ko
mungyeong-0317	1082	1082_robots_robot_robotic_robotics	Lament_lament	ko
jangheung-0411	1475	1475_indigenous_spirit_spirits_natives	Lament_lament	ko
gimje-0310	1534	1534_famine_famines_starvation_rice	Lament_lament	ko
naju-0332	2322	2322_moon_drummer_drums_drummers	Lament_lament	ko
yeongil-0616	1013	1013_law_jurisprudence_judicial_statutes	Lament_lament	ko
seungju-0319	870	870_roof_prosecution_defendants_sentencing	Lament_lament	ko
sangju-0817	1100	1100_hill_silent_sequel_remake	Lament_lament	ko
gwangjusi-0140	238	238_protesting_activism_protests_protest	Lament_lament	ko
gangjin-0711	2	2_married_divorced_couple_remarried	Lament_lament	ko
geumsan-1106	1142	1142_vocals_remixes_albums_chorus	Lament_lament	ko
milyang-0606	1596	1596_sky_gaming_gameplay_gamer	Lament_lament	ko
sancheong-0441	441	441_woman_wonder_goddess_feminist	Lament_lament	ko
jangheung-0515	1638	1638_contraception_contraceptive_contraceptives_abortion	Lament_lament	ko
haenam-0128	1513	1513_redheads_redhead_reddish_ginger	Lament_lament	ko
yanggu-0435	1028	1028_probability_probabilities_doors_car	Lament_lament	ko
jindo-0108	1409	1409_missionaries_charity_nuns_orphanages	Lament_lament	ko
hadong-0409	2	2_married_divorced_couple_remarried	Lament_lament	ko
hapcheon-0510	192	192_polygamous_polygamy_polyamory_polygamists	Lament_lament	ko
milyang-0604	2167	2167_gnostic_gnosis_theology_religions	Lament_lament	ko
hwasun-0311	1638	1638_contraception_contraceptive_contraceptives_abortion	Lament_lament	ko
muan-0705	1409	1409_missionaries_charity_nuns_orphanages	Lament_lament	ko
seungju-0340	2306	2306_bell_cliffhanger_saved_cast	Lament_lament	ko
pyeongchang-1114	2322	2322_moon_drummer_drums_drummers	Lament_lament	ko
yangyang-2101	2201	2201_deaf_blindness_disabilities_braille	Lament_lament	ko
jangheung-0228	1440	1440_strings_theories_string_theory	Lament_lament	ko
geochang-0509	2103	2103_lunar_moon_landings_spacecraft	Lament_lament	ko
imsil-0510	666	666_nonfiction_bestseller_novelist_autobiography	Lament_lament	ko
chilgok-0301	1013	1013_law_jurisprudence_judicial_statutes	Lament_lament	ko
yanggu-0110	1082	1082_robots_robot_robotic_robotics	Lament_lament	ko
seongju-0641	2190	2190_wiggle_band_entertainers_concert	Lament_lament	ko
jeongseon-0811	2	2_married_divorced_couple_remarried	Lament_lament	ko
namhae-0110	328	328_nicotine_tobacco_cigarettes_cigarette	Lament_lament	ko
ulsan-0409	517	517_caves_cave_temples_excavation	Lament_lament	ko
wando-0407	1119	1119_proud_boys_protests_protesters	Lament_lament	ko
seungju-0342	870	870_roof_prosecution_defendants_sentencing	Lament_lament	ko
naju-0311	1915	1915_fate_fates_doctor_doctorate	Lament_lament	ko
hampyeong-0139	1409	1409_missionaries_charity_nuns_orphanages	Lament_lament	ko
bonghwa-0705	1899	1899_museums_museum_exhibit_exhibits	Lament_lament	ko
hampyeong-0612	522	522_fertility_overpopulation_childbearing_adoptions	Lament_lament	ko
euiryeong-0326	1515	1515_literature_novels_novel_peace	Lament_lament	ko
namwon-0713	918	918_hemp_cannabis_textiles_cultivated	Lament_lament	ko
goryeong-0614	1972	1972_dragons_imagine_unreleased_indie	Lament_lament	ko
yeongdeok-0138	2	2_married_divorced_couple_remarried	Lament_lament	ko
jangheung-0225	1901	1901_sat_exams_exam_admissions	Lament_lament	ko
yeongam-0218	2	2_married_divorced_couple_remarried	Lament_lament	ko
chilgok-0316	467	467_katana_kata_swords_sword	Lament_lament	ko
euiseong-0721	1013	1013_law_jurisprudence_judicial_statutes	Lament_lament	ko
sancheong-0523	5	5_cuisine_cuisines_foods_culinary	Lament_lament	ko
sacheon-0110	915	915_sparrow_pirates_pirate_privateer	Lament_lament	ko
boseong-0138	2037	2037_woke_woken_wake_awake	Lament_lament	ko
uljin-1003	1915	1915_fate_fates_doctor_doctorate	Lament_lament	ko
ganghwa-0702	1013	1013_law_jurisprudence_judicial_statutes	Lament_lament	ko
incheon-0102	398	398_sins_sin_sinfulness_theology	Lament_lament	ko
goheung-0230	682	682_farmworkers_unions_picketing_protest	Lament_lament	ko
yangyang-0314	2322	2322_moon_drummer_drums_drummers	Lament_lament	ko
cheolwon-0812	291	291_peppers_chili_funk_flea	Lament_lament	ko
yecheon-0504	1513	1513_redheads_redhead_reddish_ginger	Lament_lament	ko
naju-0411	1915	1915_fate_fates_doctor_doctorate	Lament_lament	ko
yecheon-0423	0	0_goalscorer_scored_goals_goal	Lament_lament	ko
yeonggwang-0433	1986	1986_sour_songwriter_grungy_debut	Lament_lament	ko
yangyang-1502	938	938_ford_presidency_presidential_presidents	Lament_lament	ko
naju-0212	1477	1477_smartwatch_watches_smartwatches_apple	Lament_lament	ko
yeongwol-0106	2	2_married_divorced_couple_remarried	Lament_lament	ko
euiseong-0231	1225	1225_bean_teddy_episodes_sitcom	Lament_lament	ko
euiryeong-0214	877	877_stratosphere_meteorological_stratospheric_climatic	Lament_lament	ko
jangheung-0221	1892	1892_butterfly_bride_dagger_flowers	Lament_lament	ko
goheung-0112	103	103_climber_climbers_mountaineering_climb	Lament_lament	ko
wando-0223	1756	1756_horse_horses_cavalry_rode	Lament_lament	ko
hamyang-0140	900	900_oyster_oysters_shellfish_crabs	Lament_lament	ko
yecheon-0424	968	968_schemas_schema_metadata_structured	Lament_lament	ko
chilgok-0317	763	763_murderer_murders_murdered_killings	Lament_lament	ko
gw.goseong-0604	1467	1467_mouse_mice_cursor_joystick	Lament_lament	ko
goryeong-0529	1013	1013_law_jurisprudence_judicial_statutes	Lament_lament	ko
haenam-0130	1229	1229_raider_consoles_uncharted_tomb	Lament_lament	ko
sangju-1008	2205	2205_bow_actress_1932_laurels	Lament_lament	ko
yangsan-0214	1013	1013_law_jurisprudence_judicial_statutes	Lament_lament	ko
boseong-0126	1083	1083_tanks_tank_partisan_ideological	Lament_lament	ko
haenam-0409	1189	1189_shuttle_spacecraft_orbiters_orbiter	Lament_lament	ko
sinan-0614	1915	1915_fate_fates_doctor_doctorate	Lament_lament	ko
boseong-0134	1813	1813_honeys_honey_honeydew_bees	Lament_lament	ko
yangyang-2103	1550	1550_dew_cola_flavors_soda	Lament_lament	ko
sangju-1039	1082	1082_robots_robot_robotic_robotics	Lament_lament	ko
boseong-0142	238	238_protesting_activism_protests_protest	Lament_lament	ko
ulreung-0325	2243	2243_buried_cemetery_died_funeral	Lament_lament	ko
gwangyang-0114	929	929_medicine_medicinal_medicines_physicians	Lament_lament	ko
wando-0423	1638	1638_contraception_contraceptive_contraceptives_abortion	Lament_lament	ko
seongju-0827	1228	1228_1451_1453_1456_1452	Lament_lament	ko
haenam-0414	1711	1711_thirty_seconds_tour_album	Lament_lament	ko
hoengseong-0424	2322	2322_moon_drummer_drums_drummers	Lament_lament	ko
boseong-0123	1550	1550_dew_cola_flavors_soda	Lament_lament	ko
goheung-0115	1538	1538_bridges_bridge_viaducts_arches	Lament_lament	ko
samcheok-1001	2	2_married_divorced_couple_remarried	Lament_lament	ko
gokseong-0409	2053	2053_concert_concerts_tour_theater	Lament_lament	ko
yeongam-0514	1013	1013_law_jurisprudence_judicial_statutes	Lament_lament	ko
geochang-0510	2	2_married_divorced_couple_remarried	Lament_lament	ko
geumsan-0920	1646	1646_catch_22_circumstance_novel	Lament_lament	ko
cheolwon-1019	2201	2201_deaf_blindness_disabilities_braille	Lament_lament	ko
geumsan-0917	1534	1534_famine_famines_starvation_rice	Lament_lament	ko
yeongam-0424	467	467_katana_kata_swords_sword	Lament_lament	ko
gw.goseong-0708	129	129_pol_communists_rouge_soviet	Lament_lament	ko
changwon-0208	1028	1028_probability_probabilities_doors_car	Lament_lament	ko
gimhae-0304	2031	2031_commerce_resell_sales_vendor	Lament_lament	ko
cheolwon-1051	1082	1082_robots_robot_robotic_robotics	Lament_lament	ko
gunwi-0239	762	762_dragons_dragon_amulets_carvings	Lament_lament	ko
imsil-0218	1892	1892_butterfly_bride_dagger_flowers	Lament_lament	ko
hampyeong-0443	1907	1907_seasons_season_list_blazers	Lament_lament	ko
jinyang-0911	2262	2262_genetics_genetic_heredity_traits	Lament_lament	ko
geoje-0618	1341	1341_scattering_sciences_physicists_discovered	Lament_lament	ko
cheongdo-0515	1004	1004_chocolate_factory_screenplay_wilder	Lament_lament	ko
yeongwol-0107	472	472_traditional_dhoti_sari_dresses	Lament_lament	ko
seungju-0346	1477	1477_smartwatch_watches_smartwatches_apple	Lament_lament	ko
yeocheon-0225	1915	1915_fate_fates_doctor_doctorate	Lament_lament	ko
seocheon-0720	1862	1862_quixotic_literature_chivalric_novel	Lament_lament	ko
gimhae-0110	1082	1082_robots_robot_robotic_robotics	Lament_lament	ko
namwon-0312	348	348_mandarin_dialects_languages_lingua	Lament_lament	ko
yeongdeok-0203	291	291_peppers_chili_funk_flea	Lament_lament	ko
hongcheon-0411	640	640_defamation_lawsuit_sued_libel	Lament_lament	ko
bonghwa-0711	1862	1862_quixotic_literature_chivalric_novel	Lament_lament	ko
tongyeong-0710	1013	1013_law_jurisprudence_judicial_statutes	Lament_lament	ko
imsil-0209	1013	1013_law_jurisprudence_judicial_statutes	Lament_lament	ko
goheung-0110	238	238_protesting_activism_protests_protest	Lament_lament	ko
cheongdo-0705	1013	1013_law_jurisprudence_judicial_statutes	Lament_lament	ko
hapcheon-0509	1082	1082_robots_robot_robotic_robotics	Lament_lament	ko
wando-0207	1915	1915_fate_fates_doctor_doctorate	Lament_lament	ko
jangsu-0223	1028	1028_probability_probabilities_doors_car	Lament_lament	ko
gunwi-0240	762	762_dragons_dragon_amulets_carvings	Lament_lament	ko
goheung-0119	2045	2045_groceries_restaurants_restaurant_taxicab	Lament_lament	ko
damyang-0124	870	870_roof_prosecution_defendants_sentencing	Lament_lament	ko
sinan-0805	398	398_sins_sin_sinfulness_theology	Lament_lament	ko
yeongil-0512	380	380_temple_cult_peoples_disciples	Lament_lament	ko
yecheon-0821	1028	1028_probability_probabilities_doors_car	Lament_lament	ko
wonju-0222	2205	2205_bow_actress_1932_laurels	Lament_lament	ko
damyang-0115	1082	1082_robots_robot_robotic_robotics	Lament_lament	ko
hadong-0410	1932	1932_law_laws_theological_morality	Lament_lament	ko
hampyeong-0522	277	277_branch_fires_fired_deaths	Lament_lament	ko
mungyeong-0510	1915	1915_fate_fates_doctor_doctorate	Lament_lament	ko
sinan-1121	1492	1492_attractiveness_aesthetics_beauty_aesthetic	Lament_lament	ko
seungju-0112	571	571_lion_wardrobe_witch_chronicles	Lament_lament	ko
jeongseon-0810	2	2_married_divorced_couple_remarried	Lament_lament	ko
hongcheon-0406	2322	2322_moon_drummer_drums_drummers	Lament_lament	ko
chilgok-0314	1083	1083_tanks_tank_partisan_ideological	Lament_lament	ko
cheolwon-1205	938	938_ford_presidency_presidential_presidents	Lament_lament	ko
goesan-0315	918	918_hemp_cannabis_textiles_cultivated	Lament_lament	ko
yecheon-0809	870	870_roof_prosecution_defendants_sentencing	Lament_lament	ko
yeonggwang-0238	956	956_patients_inpatients_physicians_physician	Lament_lament	ko
haenam-0511	0	0_goalscorer_scored_goals_goal	Lament_lament	ko
boryeong-0231	1915	1915_fate_fates_doctor_doctorate	Lament_lament	ko
jangsu-0113	1036	1036_ivy_poison_poisons_poisoned	Lament_lament	ko
dalseong-0307	1013	1013_law_jurisprudence_judicial_statutes	Lament_lament	ko
yangyang-1714	1133	1133_spartan_ancient_battle_invasion	Lament_lament	ko
cheolwon-1203	291	291_peppers_chili_funk_flea	Lament_lament	ko
yangyang-2102	2322	2322_moon_drummer_drums_drummers	Lament_lament	ko
namhae-0219	1847	1847_guitars_guitar_fretboard_frets	Lament_lament	ko
naju-0511	1915	1915_fate_fates_doctor_doctorate	Lament_lament	ko
seungju-0339	2205	2205_bow_actress_1932_laurels	Lament_lament	ko
muju-0401	1534	1534_famine_famines_starvation_rice	Lament_lament	ko
naju-0331	1225	1225_bean_teddy_episodes_sitcom	Lament_lament	ko
sinan-0118	1646	1646_catch_22_circumstance_novel	Lament_lament	ko
daejeon-0501	2	2_married_divorced_couple_remarried	Lament_lament	ko
jungwon-0337	2133	2133_niece_grandmother_1918_aunt	Lament_lament	ko
sacheon-0210	1646	1646_catch_22_circumstance_novel	Lament_lament	ko
namhae-0315	1534	1534_famine_famines_starvation_rice	Lament_lament	ko
bukjeju-0219	1013	1013_law_jurisprudence_judicial_statutes	Lament_lament	ko
geoje-0409	1533	1533_hunger_uprisings_rebellion_capitol	Lament_lament	ko
hampyeong-0518	1502	1502_rooms_room_palace_furnishings	Lament_lament	ko
jangheung-0509	1013	1013_law_jurisprudence_judicial_statutes	Lament_lament	ko
haenam-0433	1915	1915_fate_fates_doctor_doctorate	Lament_lament	ko
boryeong-0232	1915	1915_fate_fates_doctor_doctorate	Lament_lament	ko
gangjin-0310	472	472_traditional_dhoti_sari_dresses	Lament_lament	ko
geoje-0417	1477	1477_smartwatch_watches_smartwatches_apple	Lament_lament	ko
seungju-0347	1013	1013_law_jurisprudence_judicial_statutes	Lament_lament	ko
chilgok-0514	398	398_sins_sin_sinfulness_theology	Lament_lament	ko
jinyang-0406	268	268_shōgun_shogun_samurai_daimyō	Lament_lament	ko
ulsan-0908	1013	1013_law_jurisprudence_judicial_statutes	Lament_lament	ko
gwangyang-0113	1304	1304_guitarists_band_toured_bands	Lament_lament	ko
sinan-0843	274	274_bee_sang_singer_songwriter	Lament_lament	ko
geumsan-1108	1013	1013_law_jurisprudence_judicial_statutes	Lament_lament	ko
jindo-0109	1409	1409_missionaries_charity_nuns_orphanages	Lament_lament	ko
sinan-0913	171	171_mountains_mountain_plains_topography	Lament_lament	ko
ulsan-0421	1211	1211_sequels_ash_trilogy_evil	Lament_lament	ko
hamyang-0106	1528	1528_halo_chief_343_master	Lament_lament	ko
cheolwon-1020	508	508_households_household_average_families	Lament_lament	ko
jangheung-0220	1302	1302_famine_crops_agrarian_agricultural	Lament_lament	ko
seonsan-0609	1790	1790_cents_coins_monetary_shillings	Lament_lament	ko
hampyeong-0422	510	510_1984_1945_1949_novelist	Lament_lament	ko
tongyeong-0625	1513	1513_redheads_redhead_reddish_ginger	Lament_lament	ko
yeongil-0606	1534	1534_famine_famines_starvation_rice	Lament_lament	ko
namwon-0311	2103	2103_lunar_moon_landings_spacecraft	Lament_lament	ko
goheung-0407	879	879_neighbours_episodes_airing_episode	Lament_lament	ko
jangseong-0538	564	564_synthesizers_synthesizer_techno_synth	Lament_lament	ko
yeongdeok-0209	1790	1790_cents_coins_monetary_shillings	Lament_lament	ko
jungwon-0338	2	2_married_divorced_couple_remarried	Lament_lament	ko
seungju-0336	380	380_temple_cult_peoples_disciples	Lament_lament	ko
hamyang-0139	2367	2367_critical_thinking_reasoned_reflective	Lament_lament	ko
yecheon-0309	1082	1082_robots_robot_robotic_robotics	Lament_lament	ko
tongyeong-0614	1638	1638_contraception_contraceptive_contraceptives_abortion	Lament_lament	ko
yangyang-0510	1646	1646_catch_22_circumstance_novel	Lament_lament	ko
jeongseon-0809	809	809_fitness_gyms_gym_gymnastics	Lament_lament	ko
hampyeong-0517	956	956_patients_inpatients_physicians_physician	Lament_lament	ko
yeongam-0516	1119	1119_proud_boys_protests_protesters	Lament_lament	ko
cheolwon-0807	1133	1133_spartan_ancient_battle_invasion	Lament_lament	ko
hampyeong-0444	1083	1083_tanks_tank_partisan_ideological	Lament_lament	ko
gn.goseong-0319	1082	1082_robots_robot_robotic_robotics	Lament_lament	ko
yangyang-1315	2322	2322_moon_drummer_drums_drummers	Lament_lament	ko
goheung-0513	408	408_bbc_broadcasting_channel_al	Lament_lament	ko
gokseong-0105	1211	1211_sequels_ash_trilogy_evil	Lament_lament	ko
sangju-1014	2190	2190_wiggle_band_entertainers_concert	Lament_lament	ko
gwangjusi-0147	0	0_goalscorer_scored_goals_goal	Lament_lament	ko
gimje-0511	472	472_traditional_dhoti_sari_dresses	Lament_lament	ko
hampyeong-0523	1502	1502_rooms_room_palace_furnishings	Lament_lament	ko
sinan-0216	1409	1409_missionaries_charity_nuns_orphanages	Lament_lament	ko
nonsan-0105	651	651_voiced_voice_voices_voiceover	Lament_lament	ko
wonju-0106	2346	2346_marriages_cohabitation_marriage_heterosexuals	Lament_lament	ko
sangju-1009	2205	2205_bow_actress_1932_laurels	Lament_lament	ko
geoje-0616	1013	1013_law_jurisprudence_judicial_statutes	Lament_lament	ko
euiseong-0232	1402	1402_stem_disciplines_majors_degree	Lament_lament	ko
hwacheon-0312	2346	2346_marriages_cohabitation_marriage_heterosexuals	Lament_lament	ko
inje-0210	291	291_peppers_chili_funk_flea	Lament_lament	ko
daejeon-0511	1082	1082_robots_robot_robotic_robotics	Lament_lament	ko
muan-0319	1409	1409_missionaries_charity_nuns_orphanages	Lament_lament	ko
hwasun-0201	2222	2222_retailer_store_sales_shop	Lament_lament	ko
young_wedding_both_348	2090	2090_rose_autobiography_quotes_writing	wedding	nl
young_wedding_both_349	956	956_patients_inpatients_physicians_physician	wedding	nl
young_wedding_both_350	2083	2083_radiation_radiographs_rays_radiography	wedding	nl
young_wedding_both_351	2312	2312_painting_paintings_painter_paint	wedding	nl
young_wedding_both_352	2312	2312_painting_paintings_painter_paint	wedding	nl
young_wedding_both_353	666	666_nonfiction_bestseller_novelist_autobiography	wedding	nl
young_wedding_both_354	1028	1028_probability_probabilities_doors_car	wedding	nl
young_wedding_both_355	1492	1492_attractiveness_aesthetics_beauty_aesthetic	wedding	nl
young_wedding_both_356	56	56_bond_royale_spectre_pierce	wedding	nl
young_wedding_both_357	238	238_protesting_activism_protests_protest	wedding	nl
young_wedding_both_358	415	415_deforestation_reforestation_forestry_forests	wedding	nl
young_wedding_both_359	2166	2166_discord_subscription_guilds_nitro	wedding	nl
young_wedding_both_360	1446	1446_happiness_wellbeing_unhappiness_happier	wedding	nl
young_wedding_both_361	1100	1100_hill_silent_sequel_remake	wedding	nl
young_wedding_both_362	2159	2159_crops_agriculture_agricultural_maize	wedding	nl
young_wedding_both_363	1453	1453_campaigned_politician_governor_long	wedding	nl
young_wedding_both_364	1446	1446_happiness_wellbeing_unhappiness_happier	wedding	nl
young_wedding_both_365	350	350_holiday_celebrates_holidays_celebrated	wedding	nl
young_wedding_both_366	1645	1645_genomes_genome_mutations_genes	wedding	nl
young_wedding_both_367	1446	1446_happiness_wellbeing_unhappiness_happier	wedding	nl
young_wedding_both_368	2083	2083_radiation_radiographs_rays_radiography	wedding	nl
young_wedding_both_369	2159	2159_crops_agriculture_agricultural_maize	wedding	nl
young_wedding_both_370	2194	2194_torch_olympic_relay_relays	wedding	nl
young_wedding_both_371	1463	1463_flow_experiences_performance_motivation	wedding	nl
young_wedding_both_372	1100	1100_hill_silent_sequel_remake	wedding	nl
young_wedding_both_373	1446	1446_happiness_wellbeing_unhappiness_happier	wedding	nl
young_wedding_both_374	2209	2209_midnight_noon_midday_clock	wedding	nl
young_wedding_both_375	2092	2092_bacon_pork_vegetarian_meat	wedding	nl
young_wedding_both_376	2358	2358_composers_orchestra_composer_orchestras	wedding	nl
young_wedding_both_377	1119	1119_proud_boys_protests_protesters	wedding	nl
young_wedding_both_378	2205	2205_bow_actress_1932_laurels	wedding	nl
young_wedding_both_379	56	56_bond_royale_spectre_pierce	wedding	nl
young_wedding_both_380	512	512_women_comfort_geisha_grandmothers	wedding	nl
young_wedding_both_381	349	349_kiss_toured_concerts_tour	wedding	nl
young_wedding_both_382	56	56_bond_royale_spectre_pierce	wedding	nl
young_wedding_both_383	2312	2312_painting_paintings_painter_paint	wedding	nl
young_wedding_both_384	2312	2312_painting_paintings_painter_paint	wedding	nl
young_wedding_both_385	1769	1769_brave_browser_browsers_chrome	wedding	nl
young_wedding_both_386	598	598_sitcom_woody_cast_primetime	wedding	nl
young_wedding_both_387	1028	1028_probability_probabilities_doors_car	wedding	nl
young_wedding_both_388	192	192_polygamous_polygamy_polyamory_polygamists	wedding	nl
young_wedding_both_389	192	192_polygamous_polygamy_polyamory_polygamists	wedding	nl
young_wedding_both_390	192	192_polygamous_polygamy_polyamory_polygamists	wedding	nl
young_wedding_both_391	56	56_bond_royale_spectre_pierce	wedding	nl
young_wedding_both_392	349	349_kiss_toured_concerts_tour	wedding	nl
young_wedding_both_393	1043	1043_cloud_clouds_azure_virtualization	wedding	nl
young_wedding_both_394	1446	1446_happiness_wellbeing_unhappiness_happier	wedding	nl
young_wedding_both_395	1446	1446_happiness_wellbeing_unhappiness_happier	wedding	nl
young_wedding_both_396	1446	1446_happiness_wellbeing_unhappiness_happier	wedding	nl
young_wedding_both_397	938	938_ford_presidency_presidential_presidents	wedding	nl
young_wedding_both_398	56	56_bond_royale_spectre_pierce	wedding	nl
young_wedding_both_399	2312	2312_painting_paintings_painter_paint	wedding	nl
young_wedding_both_400	1926	1926_duchess_duke_royal_potters	wedding	nl
young_wedding_both_401	1648	1648_screenwriter_blood_sequels_films	wedding	nl
young_wedding_both_402	1755	1755_loaf_meat_duet_duets	wedding	nl
young_wedding_both_403	422	422_miss_pageant_pageants_pageantry	wedding	nl
young_wedding_both_404	925	925_stones_stone_guitarist_guitarists	wedding	nl
young_wedding_both_405	306	306_medals_medal_commendation_gallantry	wedding	nl
young_wedding_both_406	0	0_goalscorer_scored_goals_goal	wedding	nl
young_wedding_both_407	2275	2275_irrigation_sea_waters_salinity	wedding	nl
young_wedding_both_408	1863	1863_rap_rock_album_band	wedding	nl
young_wedding_both_409	1915	1915_fate_fates_doctor_doctorate	wedding	nl
young_wedding_both_410	2312	2312_painting_paintings_painter_paint	wedding	nl
young_wedding_both_411	238	238_protesting_activism_protests_protest	wedding	nl
young_wedding_both_412	2312	2312_painting_paintings_painter_paint	wedding	nl
young_wedding_both_413	1101	1101_treaty_treaties_covenant_league	wedding	nl
young_wedding_both_414	1446	1446_happiness_wellbeing_unhappiness_happier	wedding	nl
young_wedding_both_415	1477	1477_smartwatch_watches_smartwatches_apple	wedding	nl
young_wedding_both_416	775	775_seo_searches_webmaster_webmasters	wedding	nl
young_wedding_both_417	2145	2145_wastes_waste_disposal_recycling	wedding	nl
young_wedding_both_418	2222	2222_retailer_store_sales_shop	wedding	nl
young_wedding_both_419	2259	2259_easter_holiday_celebrated_feasts	wedding	nl
young_wedding_both_420	549	549_451_writer_literature_writers	wedding	nl
young_wedding_both_421	1297	1297_hello_greeting_cat_cuteness	wedding	nl
young_wedding_both_422	1337	1337_laurel_hardy_comedies_comedians	wedding	nl
young_wedding_both_423	1100	1100_hill_silent_sequel_remake	wedding	nl
young_wedding_both_424	435	435_colors_colours_colour_magenta	wedding	nl
young_wedding_both_425	1476	1476_evil_eye_gaze_eyes	wedding	nl
young_wedding_both_426	2259	2259_easter_holiday_celebrated_feasts	wedding	nl
young_wedding_both_427	373	373_satyagraha_revolt_rebellion_salt	wedding	nl
young_wedding_both_429	1446	1446_happiness_wellbeing_unhappiness_happier	wedding	nl
young_wedding_both_430	1446	1446_happiness_wellbeing_unhappiness_happier	wedding	nl
young_wedding_both_431	1915	1915_fate_fates_doctor_doctorate	wedding	nl
young_wedding_both_432	1581	1581_mix_albums_little_remix	wedding	nl
young_wedding_both_433	192	192_polygamous_polygamy_polyamory_polygamists	wedding	nl
young_wedding_both_434	504	504_dubbed_dub_dubbing_dubs	wedding	nl
young_wedding_both_435	1297	1297_hello_greeting_cat_cuteness	wedding	nl
young_wedding_both_436	1987	1987_yoon_jin_jung_hye	wedding	nl
young_wedding_both_438	1446	1446_happiness_wellbeing_unhappiness_happier	wedding	nl
young_wedding_both_439	2291	2291_offspring_albums_album_band	wedding	nl
young_wedding_both_440	1476	1476_evil_eye_gaze_eyes	wedding	nl
young_wedding_both_441	1453	1453_campaigned_politician_governor_long	wedding	nl
young_wedding_both_442	349	349_kiss_toured_concerts_tour	wedding	nl
young_wedding_both_443	1446	1446_happiness_wellbeing_unhappiness_happier	wedding	nl
young_wedding_both_444	1515	1515_literature_novels_novel_peace	wedding	nl
young_wedding_both_445	598	598_sitcom_woody_cast_primetime	wedding	nl
young_wedding_both_446	1446	1446_happiness_wellbeing_unhappiness_happier	wedding	nl
young_wedding_both_447	2312	2312_painting_paintings_painter_paint	wedding	nl
young_wedding_both_448	1446	1446_happiness_wellbeing_unhappiness_happier	wedding	nl
young_wedding_both_449	1915	1915_fate_fates_doctor_doctorate	wedding	nl
young_wedding_both_450	157	157_apartheid_decolonisation_1979_smith	wedding	nl
young_wedding_both_451	56	56_bond_royale_spectre_pierce	wedding	nl
young_wedding_both_452	1446	1446_happiness_wellbeing_unhappiness_happier	wedding	nl
young_wedding_both_454	2312	2312_painting_paintings_painter_paint	wedding	nl
young_wedding_both_455	1446	1446_happiness_wellbeing_unhappiness_happier	wedding	nl
young_wedding_both_456	192	192_polygamous_polygamy_polyamory_polygamists	wedding	nl
young_wedding_both_457	1475	1475_indigenous_spirit_spirits_natives	wedding	nl
young_wedding_both_458	450	450_bear_bears_grizzly_predators	wedding	nl
young_wedding_both_459	1100	1100_hill_silent_sequel_remake	wedding	nl
young_wedding_both_461	1323	1323_sheikh_prince_sultan_heir	wedding	nl
young_wedding_both_462	56	56_bond_royale_spectre_pierce	wedding	nl
young_wedding_both_463	192	192_polygamous_polygamy_polyamory_polygamists	wedding	nl
young_wedding_both_464	2259	2259_easter_holiday_celebrated_feasts	wedding	nl
young_wedding_both_465	1877	1877_zombie_walkers_zombies_walking	wedding	nl
young_wedding_both_466	1297	1297_hello_greeting_cat_cuteness	wedding	nl
young_wedding_both_467	2259	2259_easter_holiday_celebrated_feasts	wedding	nl
young_wedding_both_468	2344	2344_wee_pee_cameo_cameos	wedding	nl
young_wedding_both_469	714	714_plague_plagues_diseases_epidemics	wedding	nl
young_wedding_both_471	192	192_polygamous_polygamy_polyamory_polygamists	wedding	nl
young_wedding_both_472	2312	2312_painting_paintings_painter_paint	wedding	nl
young_wedding_both_474	715	715_paleolithic_neolithic_archaeological_prehistory	wedding	nl
young_wedding_both_475	1790	1790_cents_coins_monetary_shillings	wedding	nl
young_wedding_both_476	518	518_jubilees_jubilee_celebrated_celebrations	wedding	nl
young_wedding_both_477	2324	2324_reggae_albums_band_bassist	wedding	nl
young_wedding_both_478	1915	1915_fate_fates_doctor_doctorate	wedding	nl
young_wedding_both_479	1790	1790_cents_coins_monetary_shillings	wedding	nl
young_wedding_both_480	1446	1446_happiness_wellbeing_unhappiness_happier	wedding	nl
young_wedding_both_481	1446	1446_happiness_wellbeing_unhappiness_happier	wedding	nl
young_wedding_both_482	2312	2312_painting_paintings_painter_paint	wedding	nl
young_wedding_both_483	350	350_holiday_celebrates_holidays_celebrated	wedding	nl
young_wedding_both_484	1446	1446_happiness_wellbeing_unhappiness_happier	wedding	nl
young_wedding_both_485	518	518_jubilees_jubilee_celebrated_celebrations	wedding	nl
young_wedding_both_486	1645	1645_genomes_genome_mutations_genes	wedding	nl
young_wedding_both_487	731	731_sake_rice_liquor_brewing	wedding	nl
young_wedding_both_488	2205	2205_bow_actress_1932_laurels	wedding	nl
young_wedding_both_489	192	192_polygamous_polygamy_polyamory_polygamists	wedding	nl
young_wedding_both_490	1790	1790_cents_coins_monetary_shillings	wedding	nl
young_wedding_both_491	306	306_medals_medal_commendation_gallantry	wedding	nl
young_wedding_both_492	925	925_stones_stone_guitarist_guitarists	wedding	nl
young_wedding_both_493	1028	1028_probability_probabilities_doors_car	wedding	nl
young_wedding_both_494	57	57_band_frontman_bassist_vocalist	wedding	nl
young_wedding_both_495	1513	1513_redheads_redhead_reddish_ginger	wedding	nl
young_wedding_both_496	1769	1769_brave_browser_browsers_chrome	wedding	nl
young_wedding_both_497	1856	1856_scratch_scratching_programming_scratched	wedding	nl
young_wedding_both_498	1952	1952_muse_concert_vocals_albums	wedding	nl
young_wedding_both_499	1972	1972_dragons_imagine_unreleased_indie	wedding	nl
young_wedding_both_500	192	192_polygamous_polygamy_polyamory_polygamists	wedding	nl
young_wedding_both_501	1323	1323_sheikh_prince_sultan_heir	wedding	nl
young_wedding_both_502	640	640_defamation_lawsuit_sued_libel	wedding	nl
Pod_395	134	134_angels_archangels_archangel_angelic	Family-ritual_wedding	uk
Pod_396	134	134_angels_archangels_archangel_angelic	Family-ritual_wedding	uk
Pod_1404	1901	1901_sat_exams_exam_admissions	Family-ritual_wedding	uk
Pod_1405	1901	1901_sat_exams_exam_admissions	Family-ritual_wedding	uk
Pod_1406	335	335_trilogy_remastered_gods_editions	Family-ritual_wedding	uk
Pod_1407	335	335_trilogy_remastered_gods_editions	Family-ritual_wedding	uk
Pod_1408	335	335_trilogy_remastered_gods_editions	Family-ritual_wedding	uk
Pod_1409	2130	2130_touchdowns_interceptions_touchdown_quarterback	Family-ritual_wedding	uk
Pod_1410	1513	1513_redheads_redhead_reddish_ginger	Family-ritual_wedding	uk
Pod_1411	1874	1874_mosque_synagogue_temple_synagogues	Family-ritual_wedding	uk
Pod_1412	1003	1003_motocross_motorcycle_stunt_bike	Family-ritual_wedding	uk
Pod_1413	1813	1813_honeys_honey_honeydew_bees	Family-ritual_wedding	uk
Pod_1414	1453	1453_campaigned_politician_governor_long	Family-ritual_wedding	uk
Pod_1415	335	335_trilogy_remastered_gods_editions	Family-ritual_wedding	uk
Pod_1416	1542	1542_1852_novels_novel_cabin	Family-ritual_wedding	uk
Pod_1417	2222	2222_retailer_store_sales_shop	Family-ritual_wedding	uk
Pod_1418	1809	1809_park_parks_parking_central	Family-ritual_wedding	uk
Pod_1419	192	192_polygamous_polygamy_polyamory_polygamists	Family-ritual_wedding	uk
Pod_1420	810	810_butter_gluten_flour_glutenin	Family-ritual_wedding	uk
Pod_1421	1877	1877_zombie_walkers_zombies_walking	Family-ritual_wedding	uk
Pod_1422	1338	1338_eggs_egg_yolks_yolk	Family-ritual_wedding	uk
Pod_1423	810	810_butter_gluten_flour_glutenin	Family-ritual_wedding	uk
Pod_1424	810	810_butter_gluten_flour_glutenin	Family-ritual_wedding	uk
Pod_1425	1338	1338_eggs_egg_yolks_yolk	Family-ritual_wedding	uk
Pod_1426	1581	1581_mix_albums_little_remix	Family-ritual_wedding	uk
Pod_1427	1646	1646_catch_22_circumstance_novel	Family-ritual_wedding	uk
Pod_1428	1758	1758_noblewomen_empress_maids_governesses	Family-ritual_wedding	uk
Pod_1429	2205	2205_bow_actress_1932_laurels	Family-ritual_wedding	uk
Pod_1430	1877	1877_zombie_walkers_zombies_walking	Family-ritual_wedding	uk
Pod_1431	812	812_baker_divorced_remarried_stepfather	Family-ritual_wedding	uk
Pod_1432	840	840_airline_airlines_seats_seating	Family-ritual_wedding	uk
Pod_1433	1513	1513_redheads_redhead_reddish_ginger	Family-ritual_wedding	uk
Pod_1434	1513	1513_redheads_redhead_reddish_ginger	Family-ritual_wedding	uk
Pod_1435	1513	1513_redheads_redhead_reddish_ginger	Family-ritual_wedding	uk
Pod_1436	272	272_heraldic_heraldry_gules_arms	Family-ritual_wedding	uk
Pod_1437	1550	1550_dew_cola_flavors_soda	Family-ritual_wedding	uk
Pod_1438	1901	1901_sat_exams_exam_admissions	Family-ritual_wedding	uk
Pod_1439	1353	1353_cherry_blossom_cherries_blossoms	Family-ritual_wedding	uk
Pod_1440	1877	1877_zombie_walkers_zombies_walking	Family-ritual_wedding	uk
Pod_1441	2298	2298_oz_debate_debater_debating	Family-ritual_wedding	uk
Pod_1442	1915	1915_fate_fates_doctor_doctorate	Family-ritual_wedding	uk
Pod_1443	1409	1409_missionaries_charity_nuns_orphanages	Family-ritual_wedding	uk
Pod_1444	230	230_baptism_baptisms_baptismal_baptized	Family-ritual_wedding	uk
Pod_1445	2322	2322_moon_drummer_drums_drummers	Family-ritual_wedding	uk
Pod_1446	1550	1550_dew_cola_flavors_soda	Family-ritual_wedding	uk
Pod_1447	515	515_ribbons_ribbon_gallantry_medals	Family-ritual_wedding	uk
Pod_1448	515	515_ribbons_ribbon_gallantry_medals	Family-ritual_wedding	uk
Pod_1449	886	886_spiritualism_spirituality_paganism_esotericism	Family-ritual_wedding	uk
Pod_1450	2	2_married_divorced_couple_remarried	Family-ritual_wedding	uk
Pod_1451	1877	1877_zombie_walkers_zombies_walking	Family-ritual_wedding	uk
Pod_1452	1813	1813_honeys_honey_honeydew_bees	Family-ritual_wedding	uk
Pod_1453	107	107_anthrax_slayer_thrash_bands	Family-ritual_wedding	uk
Pod_1454	767	767_algorithm_algorithms_paths_traversal	Family-ritual_wedding	uk
Pod_1455	1986	1986_sour_songwriter_grungy_debut	Family-ritual_wedding	uk
Pod_1456	1770	1770_bugs_insects_insecticides_pest	Family-ritual_wedding	uk
Pod_1457	551	551_dances_dance_dancers_traditional	Family-ritual_wedding	uk
Pod_1458	530	530_shaggy_voiced_cartoon_cartoons	Family-ritual_wedding	uk
Pod_1459	702	702_swamp_comics_comic_sting	Family-ritual_wedding	uk
Pod_1460	1476	1476_evil_eye_gaze_eyes	Family-ritual_wedding	uk
Pod_1461	1409	1409_missionaries_charity_nuns_orphanages	Family-ritual_wedding	uk
Pod_1462	0	0_goalscorer_scored_goals_goal	Family-ritual_wedding	uk
Pod_1463	334	334_boulevard_celebrity_fame_celebrities	Family-ritual_wedding	uk
Pod_1464	1813	1813_honeys_honey_honeydew_bees	Family-ritual_wedding	uk
Pod_1465	441	441_woman_wonder_goddess_feminist	Family-ritual_wedding	uk
Pod_1466	1581	1581_mix_albums_little_remix	Family-ritual_wedding	uk
Pod_1467	627	627_labour_children_labor_poverty	Family-ritual_wedding	uk
Pod_1468	989	989_cook_voyage_voyages_sailed	Family-ritual_wedding	uk
Pod_1470	1123	1123_shroud_crucified_crucifixion_burial	Family-ritual_wedding	uk
Pod_1471	425	425_jazz_saxophonist_trumpeter_saxophone	Family-ritual_wedding	uk
Pod_1472	2205	2205_bow_actress_1932_laurels	Family-ritual_wedding	uk
Pod_1473	1353	1353_cherry_blossom_cherries_blossoms	Family-ritual_wedding	uk
Pod_1474	1528	1528_halo_chief_343_master	Family-ritual_wedding	uk
Pod_1475	1915	1915_fate_fates_doctor_doctorate	Family-ritual_wedding	uk
Pod_1476	487	487_oblast_soviet_yuri_grandmother	Family-ritual_wedding	uk
Pod_1477	1877	1877_zombie_walkers_zombies_walking	Family-ritual_wedding	uk
Pod_1478	335	335_trilogy_remastered_gods_editions	Family-ritual_wedding	uk
Pod_1479	335	335_trilogy_remastered_gods_editions	Family-ritual_wedding	uk
Pod_1480	506	506_soprano_mafia_joey_carmine	Family-ritual_wedding	uk
Pod_1481	335	335_trilogy_remastered_gods_editions	Family-ritual_wedding	uk
Pod_1482	1758	1758_noblewomen_empress_maids_governesses	Family-ritual_wedding	uk
Pod_1483	2154	2154_studios_lions_acquisitions_paramount	Family-ritual_wedding	uk
Pod_1484	506	506_soprano_mafia_joey_carmine	Family-ritual_wedding	uk
Pod_1485	927	927_pirate_privateer_bonnet_pirates	Family-ritual_wedding	uk
Pod_1486	927	927_pirate_privateer_bonnet_pirates	Family-ritual_wedding	uk
Pod_1487	927	927_pirate_privateer_bonnet_pirates	Family-ritual_wedding	uk
Pod_1488	682	682_farmworkers_unions_picketing_protest	Family-ritual_wedding	uk
Pod_1489	335	335_trilogy_remastered_gods_editions	Family-ritual_wedding	uk
Pod_1490	1353	1353_cherry_blossom_cherries_blossoms	Family-ritual_wedding	uk
Pod_1491	1072	1072_resuscitation_defibrillation_defibrillator_cardiopulmonary	Family-ritual_wedding	uk
Pod_1492	1072	1072_resuscitation_defibrillation_defibrillator_cardiopulmonary	Family-ritual_wedding	uk
Pod_1493	1072	1072_resuscitation_defibrillation_defibrillator_cardiopulmonary	Family-ritual_wedding	uk
Pod_1494	1338	1338_eggs_egg_yolks_yolk	Family-ritual_wedding	uk
Pod_1495	1338	1338_eggs_egg_yolks_yolk	Family-ritual_wedding	uk
Pod_1496	1877	1877_zombie_walkers_zombies_walking	Family-ritual_wedding	uk
Pod_1497	1416	1416_wells_literature_novels_writer	Family-ritual_wedding	uk
Pod_1498	1989	1989_celebrity_spinoffs_sisters_rob	Family-ritual_wedding	uk
Pod_1499	150	150_waters_concert_tour_pink	Family-ritual_wedding	uk
Pod_1500	334	334_boulevard_celebrity_fame_celebrities	Family-ritual_wedding	uk
Pod_1501	1338	1338_eggs_egg_yolks_yolk	Family-ritual_wedding	uk
Pod_1503	1516	1516_microwaves_microwave_oven_ovens	Family-ritual_wedding	uk
Pod_1504	1516	1516_microwaves_microwave_oven_ovens	Family-ritual_wedding	uk
Pod_1505	1755	1755_loaf_meat_duet_duets	Family-ritual_wedding	uk
Pod_1506	1755	1755_loaf_meat_duet_duets	Family-ritual_wedding	uk
Pod_1507	1755	1755_loaf_meat_duet_duets	Family-ritual_wedding	uk
Pod_1508	551	551_dances_dance_dancers_traditional	Family-ritual_wedding	uk
Pod_1509	1637	1637_donkey_fairy_godmother_dragon	Family-ritual_wedding	uk
Pod_1510	2152	2152_transit_commute_commuting_commuters	Family-ritual_wedding	uk
Pod_1511	1877	1877_zombie_walkers_zombies_walking	Family-ritual_wedding	uk
Pod_1512	810	810_butter_gluten_flour_glutenin	Family-ritual_wedding	uk
Pod_1513	810	810_butter_gluten_flour_glutenin	Family-ritual_wedding	uk
Pod_1514	810	810_butter_gluten_flour_glutenin	Family-ritual_wedding	uk
Pod_1515	464	464_sang_carpenter_carpenters_billboard	Family-ritual_wedding	uk
Pod_1516	335	335_trilogy_remastered_gods_editions	Family-ritual_wedding	uk
Pod_1517	522	522_fertility_overpopulation_childbearing_adoptions	Family-ritual_wedding	uk
Pod_1518	454	454_currencies_currency_monetary_dollar	Family-ritual_wedding	uk
Pod_1519	454	454_currencies_currency_monetary_dollar	Family-ritual_wedding	uk
Pod_1520	2090	2090_rose_autobiography_quotes_writing	Family-ritual_wedding	uk
Pod_1521	2346	2346_marriages_cohabitation_marriage_heterosexuals	Family-ritual_wedding	uk
Pod_1522	192	192_polygamous_polygamy_polyamory_polygamists	Family-ritual_wedding	uk
Pod_1523	1513	1513_redheads_redhead_reddish_ginger	Family-ritual_wedding	uk
Pod_1524	1513	1513_redheads_redhead_reddish_ginger	Family-ritual_wedding	uk
Pod_1525	896	896_airlines_airline_pan_flights	Family-ritual_wedding	uk
Pod_1526	506	506_soprano_mafia_joey_carmine	Family-ritual_wedding	uk
Pod_1527	2182	2182_rebounds_warriors_curry_assists	Family-ritual_wedding	uk
Pod_1528	2209	2209_midnight_noon_midday_clock	Family-ritual_wedding	uk
Pod_1529	860	860_pastor_pastors_megachurch_evangelical	Family-ritual_wedding	uk
Pod_1530	860	860_pastor_pastors_megachurch_evangelical	Family-ritual_wedding	uk
Pod_1531	192	192_polygamous_polygamy_polyamory_polygamists	Family-ritual_wedding	uk
Pod_1532	454	454_currencies_currency_monetary_dollar	Family-ritual_wedding	uk
Pod_1533	1528	1528_halo_chief_343_master	Family-ritual_wedding	uk
Pod_1534	515	515_ribbons_ribbon_gallantry_medals	Family-ritual_wedding	uk
Pod_1535	515	515_ribbons_ribbon_gallantry_medals	Family-ritual_wedding	uk
Pod_1536	515	515_ribbons_ribbon_gallantry_medals	Family-ritual_wedding	uk
Pod_1537	544	544_hashing_hash_hashes_hashed	Family-ritual_wedding	uk
Pod_1538	1813	1813_honeys_honey_honeydew_bees	Family-ritual_wedding	uk
Pod_1539	334	334_boulevard_celebrity_fame_celebrities	Family-ritual_wedding	uk
Pod_1540	1638	1638_contraception_contraceptive_contraceptives_abortion	Family-ritual_wedding	uk
Pod_1541	767	767_algorithm_algorithms_paths_traversal	Family-ritual_wedding	uk
Pod_1542	231	231_bighorn_1876_bull_elk	Family-ritual_wedding	uk
Pod_1543	2310	2310_mukbang_consuming_pornography_habits	Family-ritual_wedding	uk
Pod_1544	741	741_airing_adult_swim_aqua	Family-ritual_wedding	uk
Pod_1545	1901	1901_sat_exams_exam_admissions	Family-ritual_wedding	uk
Pod_1546	1901	1901_sat_exams_exam_admissions	Family-ritual_wedding	uk
Pod_1547	1901	1901_sat_exams_exam_admissions	Family-ritual_wedding	uk
Pod_1548	1328	1328_tectonics_tectonic_mantle_crust	Family-ritual_wedding	uk
Pod_1549	1542	1542_1852_novels_novel_cabin	Family-ritual_wedding	uk
Pod_1550	1542	1542_1852_novels_novel_cabin	Family-ritual_wedding	uk
Pod_1551	1986	1986_sour_songwriter_grungy_debut	Family-ritual_wedding	uk
Pod_1552	1484	1484_assassination_tortured_raped_incident	Family-ritual_wedding	uk
Pod_1553	2069	2069_songs_song_singer_albums	Family-ritual_wedding	uk
Pod_1554	1018	1018_ninja_ninjas_anime_kai	Family-ritual_wedding	uk
Pod_1555	357	357_operatic_opera_soprano_operas	Family-ritual_wedding	uk
Pod_1556	1232	1232_conferences_talks_presentations_livestreams	Family-ritual_wedding	uk
Pod_1557	515	515_ribbons_ribbon_gallantry_medals	Family-ritual_wedding	uk
Pod_1558	515	515_ribbons_ribbon_gallantry_medals	Family-ritual_wedding	uk
Pod_1559	1777	1777_boar_boars_pigs_pig	Family-ritual_wedding	uk
Pod_1560	2201	2201_deaf_blindness_disabilities_braille	Family-ritual_wedding	uk
Pod_1561	349	349_kiss_toured_concerts_tour	Family-ritual_wedding	uk
Pod_1562	349	349_kiss_toured_concerts_tour	Family-ritual_wedding	uk
Pod_1563	1811	1811_smartphone_smartphones_android_flagship	Family-ritual_wedding	uk
Pod_1564	1811	1811_smartphone_smartphones_android_flagship	Family-ritual_wedding	uk
Pod_1565	606	606_sponsors_sponsorship_sponsor_sponsorships	Family-ritual_wedding	uk
Pod_1566	606	606_sponsors_sponsorship_sponsor_sponsorships	Family-ritual_wedding	uk
Pod_1567	790	790_degree_bachelor_diploma_qualification	Family-ritual_wedding	uk
Pod_1568	734	734_executives_stockholders_accounting_shareholders	Family-ritual_wedding	uk
Pod_1569	1758	1758_noblewomen_empress_maids_governesses	Family-ritual_wedding	uk
Pod_1570	2322	2322_moon_drummer_drums_drummers	Family-ritual_wedding	uk
Pod_1571	1119	1119_proud_boys_protests_protesters	Family-ritual_wedding	uk
Pod_1572	1267	1267_doomsday_sequel_gameplay_multiplayer	Family-ritual_wedding	uk
Pod_1573	646	646_boots_sequels_sequel_premiered	Family-ritual_wedding	uk
Pod_1574	1214	1214_newscast_reporters_reporter_journalism	Family-ritual_wedding	uk
Pod_1575	1711	1711_thirty_seconds_tour_album	Family-ritual_wedding	uk
Pod_1576	1711	1711_thirty_seconds_tour_album	Family-ritual_wedding	uk
Pod_1577	335	335_trilogy_remastered_gods_editions	Family-ritual_wedding	uk
Pod_1578	59	59_airport_airports_airlines_airline	Family-ritual_wedding	uk
Pod_1579	334	334_boulevard_celebrity_fame_celebrities	Family-ritual_wedding	uk
Pod_1580	303	303_fleet_1797_sailed_fleets	Family-ritual_wedding	uk
Pod_1581	1670	1670_remixes_pet_remixed_remix	Family-ritual_wedding	uk
Pod_1582	1119	1119_proud_boys_protests_protesters	Family-ritual_wedding	uk
Pod_1583	1406	1406_luxury_brands_brand_valuation	Family-ritual_wedding	uk
Pod_1584	1862	1862_quixotic_literature_chivalric_novel	Family-ritual_wedding	uk
Pod_1585	1446	1446_happiness_wellbeing_unhappiness_happier	Family-ritual_wedding	uk
Pod_1586	1446	1446_happiness_wellbeing_unhappiness_happier	Family-ritual_wedding	uk
Pod_1587	1446	1446_happiness_wellbeing_unhappiness_happier	Family-ritual_wedding	uk
Pod_1588	231	231_bighorn_1876_bull_elk	Family-ritual_wedding	uk
Pod_1589	1013	1013_law_jurisprudence_judicial_statutes	Family-ritual_wedding	uk
Pod_1590	741	741_airing_adult_swim_aqua	Family-ritual_wedding	uk
Pod_1591	2346	2346_marriages_cohabitation_marriage_heterosexuals	Family-ritual_wedding	uk
Pod_1592	1901	1901_sat_exams_exam_admissions	Family-ritual_wedding	uk
Pod_1593	1520	1520_album_songs_vocals_song	Family-ritual_wedding	uk
Pod_1594	369	369_novel_scout_rye_nonfiction	Family-ritual_wedding	uk
Pod_1595	2292	2292_guards_defensive_guard_basketball	Family-ritual_wedding	uk
Pod_1596	1199	1199_borscht_recipes_recipe_cuisines	Family-ritual_wedding	uk
Pod_1597	213	213_showrunner_episode_showrunners_episodes	Family-ritual_wedding	uk
Pod_1598	515	515_ribbons_ribbon_gallantry_medals	Family-ritual_wedding	uk
Pod_1599	2152	2152_transit_commute_commuting_commuters	Family-ritual_wedding	uk
Pod_1600	2152	2152_transit_commute_commuting_commuters	Family-ritual_wedding	uk
Pod_1601	1409	1409_missionaries_charity_nuns_orphanages	Family-ritual_wedding	uk
Pod_1602	2205	2205_bow_actress_1932_laurels	Family-ritual_wedding	uk
Pod_1603	2152	2152_transit_commute_commuting_commuters	Family-ritual_wedding	uk
Pod_1604	1013	1013_law_jurisprudence_judicial_statutes	Family-ritual_wedding	uk
Pod_1605	2188	2188_albums_album_songs_concert	Family-ritual_wedding	uk
Pod_1606	1606	1606_ibn_folktales_tales_literature	Family-ritual_wedding	uk
Pod_1607	1460	1460_aunt_uncle_breakfast_mammy	Family-ritual_wedding	uk
Pod_1608	2182	2182_rebounds_warriors_curry_assists	Family-ritual_wedding	uk
Pod_1609	415	415_deforestation_reforestation_forestry_forests	Family-ritual_wedding	uk
Pod_1610	1409	1409_missionaries_charity_nuns_orphanages	Family-ritual_wedding	uk
Pod_1611	1409	1409_missionaries_charity_nuns_orphanages	Family-ritual_wedding	uk
Pod_1612	1901	1901_sat_exams_exam_admissions	Family-ritual_wedding	uk
Pod_1613	2258	2258_orbits_solutions_bodies_mathematical	Family-ritual_wedding	uk
Pod_1614	107	107_anthrax_slayer_thrash_bands	Family-ritual_wedding	uk
Pod_1615	928	928_parks_park_attractions_studios	Family-ritual_wedding	uk
Pod_1616	1877	1877_zombie_walkers_zombies_walking	Family-ritual_wedding	uk
Pod_1639	2182	2182_rebounds_warriors_curry_assists	Family-ritual_wedding	uk
Vol_50	335	335_trilogy_remastered_gods_editions	Family-ritual_wedding	uk
Vol_51	2074	2074_newscast_reporter_primetime_anchor	Family-ritual_wedding	uk
Vol_52	1887	1887_bake_baking_bakery_bakeries	Family-ritual_wedding	uk
Vol_53	1338	1338_eggs_egg_yolks_yolk	Family-ritual_wedding	uk
Vol_54	810	810_butter_gluten_flour_glutenin	Family-ritual_wedding	uk
Vol_55	1769	1769_brave_browser_browsers_chrome	Family-ritual_wedding	uk
Vol_56	1408	1408_celebrations_festival_celebrated_festivities	Family-ritual_wedding	uk
Vol_57	810	810_butter_gluten_flour_glutenin	Family-ritual_wedding	uk
Vol_58	150	150_waters_concert_tour_pink	Family-ritual_wedding	uk
Vol_59	213	213_showrunner_episode_showrunners_episodes	Family-ritual_wedding	uk
Vol_60	1790	1790_cents_coins_monetary_shillings	Family-ritual_wedding	uk
Vol_61	1516	1516_microwaves_microwave_oven_ovens	Family-ritual_wedding	uk
Vol_62	1901	1901_sat_exams_exam_admissions	Family-ritual_wedding	uk
Vol_63	2090	2090_rose_autobiography_quotes_writing	Family-ritual_wedding	uk
Vol_64	2090	2090_rose_autobiography_quotes_writing	Family-ritual_wedding	uk
Vol_65	1353	1353_cherry_blossom_cherries_blossoms	Family-ritual_wedding	uk
Vol_66	1629	1629_payments_bank_payment_prepaid	Family-ritual_wedding	uk
Vol_67	2322	2322_moon_drummer_drums_drummers	Family-ritual_wedding	uk
Vol_68	441	441_woman_wonder_goddess_feminist	Family-ritual_wedding	uk
Vol_69	470	470_comedian_comedians_sitcom_sitcoms	Family-ritual_wedding	uk
Vol_70	1453	1453_campaigned_politician_governor_long	Family-ritual_wedding	uk
Vol_71	1446	1446_happiness_wellbeing_unhappiness_happier	Family-ritual_wedding	uk
Vol_72	274	274_bee_sang_singer_songwriter	Family-ritual_wedding	uk
Vol_73	1243	1243_heterochromia_pigmentation_pigment_pigments	Family-ritual_wedding	uk
Vol_74	238	238_protesting_activism_protests_protest	Family-ritual_wedding	uk
Vol_75	1328	1328_tectonics_tectonic_mantle_crust	Family-ritual_wedding	uk
Vol_76	2034	2034_marvel_superhero_comics_valkyrie	Family-ritual_wedding	uk
Vol_77	1937	1937_golf_golfer_golfers_handicaps	Family-ritual_wedding	uk
Vol_78	1243	1243_heterochromia_pigmentation_pigment_pigments	Family-ritual_wedding	uk
Vol_79	186	186_visual_studios_animation_filming	Family-ritual_wedding	uk
Vol_80	719	719_skating_skaters_skater_skate	Family-ritual_wedding	uk
Vol_81	1131	1131_1451_pasha_1477_1476	Family-ritual_wedding	uk
Vol_82	299	299_numerals_numeral_numbers_numerology	Family-ritual_wedding	uk
Vol_83	574	574_impeachment_testified_indictment_prosecutor	Family-ritual_wedding	uk
Vol_84	2322	2322_moon_drummer_drums_drummers	Family-ritual_wedding	uk
Vol_85	1550	1550_dew_cola_flavors_soda	Family-ritual_wedding	uk
Vol_87	1813	1813_honeys_honey_honeydew_bees	Family-ritual_wedding	uk
Vol_88	1863	1863_rap_rock_album_band	Family-ritual_wedding	uk
Vol_89	1132	1132_burning_burners_organizers_attendees	Family-ritual_wedding	uk
Vol_90	956	956_patients_inpatients_physicians_physician	Family-ritual_wedding	uk
Vol_91	2209	2209_midnight_noon_midday_clock	Family-ritual_wedding	uk
Vol_116	1755	1755_loaf_meat_duet_duets	Family-ritual_wedding	uk
Vol_117	810	810_butter_gluten_flour_glutenin	Family-ritual_wedding	uk
