Topic,Count,Name,Representation,Representative_Docs
-1,3972,-1_wind_rice field_flowers_leaves,"['wind', 'rice field', 'flowers', 'leaves', 'flower', 'rice', 'village', 'bloom', 'plant', 'sun']","[""Why did the bride stay so long, just locking the door and only sleeping?  \r\nWhen trying to move her hands, she didn't know herself; when trying to make a sound, she didn't realize either.  \r\nAcross the fence and across the moonlight, if that bachelor had any sense, he would have accepted the rice cake.  \r\nHe accepted the rice cake, put it aside, held the little hand, and trembled.  \r\nIn the mountains, the eldest child is like three, three, and the southeast wind blows, making sidesteps.  \r\nDid the southeast wind blow and make sidesteps? No, he made sidesteps to see the bachelor.  \r\nFlywheel spins round and round with a twist, the bachelor at the smiling house is hit by the early morning dew.  \r\nThe sun sets in the western mountains, and the moon rises over Wolchuldong Peak.  \r\nWill the old bracken come up? Will the late bracken come up?  \r\nMake a fence out of bracken and hang a gate with daylilies.  \r\nWearing a paulownia-colored jeogori and a horsehair headband, not even a speck is stained, went to the pawnshop.  \r\nWhen the mother-in-law died, it felt so comfortable, but when barley pounding started, memories came back.  \r\nThe hometown where I lived became a foreign land, and the hometown where my beloved lives became my hometown.  \r\nThe sun sets in the western mountains, and the moon rises over Wolchuldong Peak.  \r\nIn Samgaksan Mountain’s valley, the rain drizzles here and there, a young child sleeps in the eldest's arms.  \r\nBeyond that mountain ridge, leaving my wife behind, walking the night path is hard.  \r\nAcross the fence and across the moonlight, if that bachelor has any sense, he would accept the rice cake.  \r\nThe bride stayed too long, just locking the door and only sleeping.  \r\nIf she slept, did she really sleep? Listen carefully to her breathing and come in step.  \r\nThey say the bride only goes out at night, while the bachelor goes to the village tavern in broad daylight.  \r\nIf the bride stays too long, she leaves the four main gates open and sleeps lightly.  \r\nOpening the south gate and sweeping the courtyard, even the changed mountains and rivers brighten again.  \r\nThe sun sets, darkness comes, and smoke rises from every valley.  \r\nLet's light the lantern and go to visit the beloved’s room for fun.  \r\nBeloved, please serve me often; I too will serve you often.  \r\nPlant rice seedlings in this field, and the leaves flutter beautifully, how splendid it is!"", '@ Ahe- Uhong\r\n\r\nA-ahe Uhong  \r\nOn June 25th of the year of Imjin, Mrs. Cheolsan Lee passed away after a difficult life. Truly, is it right to leave this world at less than eighty years old, to the desolate land of Bukmangsan?  \r\nEhei, to Cheongsan, to Cheongsan, ehei on the way to Cheongsan, ehei, relatives and family going up market, ah, what unforgettable blood relatives they are.  \r\nEhei, living in this world, leaving without doing all the good deeds, should I at least say farewell and leave?  \r\nEhei, friends of this world, dear friends and companions, and this old monk at the hearth.  \r\nEhei, I’m going, going, I’m going to the desolate land of Bukmangsan, I’m going.  \r\n\r\n@ Uhuhong Uhuhong Eoigari Neomcha Uhong\r\n\r\nUh uh uh uh uh uh uh hong eoigari neomcha neohong  \r\nWhat is Bukmangsan? But that’s right, Wonsan is Bukmangsan.  \r\nWhat is the river of the afterlife? But the stream in front is the river of the afterlife.  \r\nThe lovely flowers of Myeongsasimri, don’t be sad because the flowers wither.  \r\nWhen March of next year returns, you will bloom again.  \r\nOnce our life is over, it won’t come back.  \r\nMyeongjeong Gongpo stands ahead; the path to the afterlife is certain.  \r\nOn the front hill, dove bird, are you waiting for me? (Cry ""Aigu, aigu"")  \r\nOn the back hill, the oriental cuckoo, are you waiting for me?  \r\nDove and oriental cuckoo, don’t cry, I am also going to find you.  \r\nWhen I leave now, when will I return? Please tell me the day I will come back.  \r\nWhen flowers bloom in spring breeze of the eastern flowers, will I come back?  \r\nIf the vast sea becomes land, will I come back?  \r\nIf a crow’s head turns white, will I come back to this world?  \r\nIf a horse’s head grows horns, will I come back to this world?  \r\nIf pearls sprout from a stone statue, will I come back?  \r\nIf the rooster painted on a wall sings loudly, will I come back?  \r\nUh-oh, uh-oh, eonari neomcha, uh-oh.  \r\nEven a wealthy person dies once, so what?  \r\nGreat heroes like Qin Shi Huang build high palaces,  \r\nRefusing immortality, East Rock and East Peak shout five hundred people.  \r\nThough Donghae Mountain stands clearly, Yaksoo Mountain is far away and even news is cut off.  \r\nLord Guan of the Myriad Banquets wrote songs with friends,  \r\nHan Xin, victorious in every battle, is a fortunate son.  \r\nThough there are such countless heroes and martyrs with historical records after death,  \r\nWe ordinary people come into this world once,  \r\nIf we fall like dew, can new shoots sprout and bud?  \r\nGoing to Bukmangsan, building a house with fertile soil,  \r\nRaising a family in Cheongsong, becoming friends with dove and cuckoo,  \r\nThe night is quiet and sad, pathetic is the soul.  \r\nWhen descendants gather to hold ancestral rites,  \r\nPlacing three-colored fruits on the dim candlelight altar,  \r\nWailing bitterly, do you know what you are eating?  \r\nDo you know why you are crying? Pitiful, so pitiful.  \r\nAfter death, even with all the feast, a living toast can’t match it.  \r\nWhile alive, eat well and live happily.  \r\nListen to this old shamisen player,  \r\nMy departure time is near, so hurry up and let\'s sing together.  \r\n\r\n@ Eohwaneomcha\r\n\r\nNeomcha neomcha  \r\nEohwa neomcha  \r\nMount Taesan’s peaks,  \r\nOn the rugged path,  \r\nWhere to go?  \r\nAn endless road without hardship.  \r\nTo the ones ahead, please step aside.  \r\nTo the ones behind, please push forward.  \r\nNeomcha neomcha,  \r\nOur life,  \r\nOnce we go,  \r\nIt is the way of the eternal.  \r\nNeomcha neomcha  \r\nEohwa neomcha', ""@Ariari ariari arariyo arari, crossing over Arari Pass\r\n\r\nA: Plant, plant, plant the mandarin duck seedlings   \r\nB: If you can't plant mandarin duck seedlings, then plant the five-colored seedlings  \r\nC: It looks like the sea, this rice field edge toward Janggiya, everything is ready  \r\nD: The alcohol goes down smoothly, and the cold water with ice is refreshing  \r\nE: Ilgangneung, Ichuncheon, Samwonjun — living here is good, it’s Mohaksan1)  \r\nF: Planting seedlings in one or two strips, the rice leaves ripple like waves on the slope  \r\nA: The water of Namdaecheon is like alcohol so who wouldn’t make friends here  \r\nB: Plant seedlings in this rice field edge, the rice leaves ripple beautifully  \r\nC: At Angok-jeol, the middle man wears a hemp hat, the skill of a maiden at Jeongbang  \r\nD: She’s smart and strong-bodied, the maiden sits gracefully on the plant stem  \r\nE: If you don’t know the time at lunch, try wearing a hat and bending down to see  \r\nF: Losing a husband before twenty, holding the pillar and wandering in Palmo  \r\nA: Look at the rugged Nam Mountain; when we die, we’ll look just like that  \r\nB: Like a half moon, the midday moon rises here and there just the same  \r\nC: Wearing a twelve or thirteen-thread white mulberry skirt, I’m dragged along playfully  \r\nD: In the ravine full of bracken and wild vegetables, my family’s three-room house is surrounded by greens  \r\nE: What’s so great about Tokyo in Japan? Leaving a flower-like day to take a ferry  \r\nF: Only when a chaste woman dies, a chaste woman’s monument stands — will a woman like you get one?  \r\nA: Maiden, Ilsaek is like Yang Guifei; how long can you look before getting tired of it?  \r\nB: Hey, bachelor, let go of my wrist; my fragile wrist is about to break  \r\nC: After putting down the water jar, seeing the figure, it’s hard to live a country life  \r\nD: The sun sets and the day fades; why does the widow cry alone?  \r\nE: The mountain spirit’s crow caws, the beloved’s illness grows deeper  \r\nF: The bachelor husband no longer brings the five blessings hairpin, even the matchmaking stopped  \r\nA: Smile shyly, let's see what’s inside; turn around carefully, let’s see what’s behind  \r\nB: Look at the rugged Nam Mountain; when we die, we’ll look just like that  \r\nC: At Bangsil, at Bangsil, I miss the smiling beloved and night comes  \r\nD: Play and go, sleep and go, play until the full moon sets and then leave  \r\nE: The azaleas bloom on Myeongsasipri, don’t be sad when they fall  \r\nF: The bachelor next door is getting married while the maiden at the back house is going to hang herself  \r\n\r\n1) A place name referring to the combined area of Mosan and Haksan.""]"
0,2856,0_mountains_dragon_jade_sky,"['mountains', 'dragon', 'jade', 'sky', 'river', 'spirit', 'land', 'king', 'seoul', 'song']","[""Northern fairy in the sky, coming down underground as Nari,  \r\nHaving nothing to do, looking around left and right,  \r\nThe jade storage is empty, tightly tied in the jade storage,  \r\nPlacing the front legs high, placing the back legs low,  \r\nThe seated beauty is like the Ulsan raised bridge of the village,  \r\nThe tightly adorned one is like the wood mountain’s braided hair,  \r\nSurrounded by the Big Dipper’s seven stars, sitting tightly on the tied seat,  \r\nEven coming and going, it is self-appointed; with meticulous care and cautiousness,  \r\nWalking with chrysanthemum water, the form going northward is  \r\nA July-born person heading to America,  \r\nThe pattern of household chores is in Taesuk village at Daeguk west mountain,  \r\nCovered with ice until an icehouse is built—at this time the spring is gushing,  \r\nDuring harvest time, they are hardworking and thrifty, the tightly wrapped ones  \r\nAre in a yellow grave’s high mound, passing by likely at the crossroads,  \r\nThose who live in a four-direction house live two households,  \r\nA kid playing is in the flower field of the totally controlled musical instrument,  \r\nThe sound of the string is clear and sharp, playing for a hundred years,  \r\nThe crying figure of the dragon's head is the pair of wild geese in July or August,  \r\nAscending higher to play at the Gamino,  \r\nThe form going to the land of five tastes,  \r\nThe naturally curved iron spirit is coming in and out at the place of beauty cotton,  \r\nThose without a fixed location enter and leave through the nostrils,  \r\nLooking around the shape of the two-legged one called “Dotumari,”  \r\nWhat is called Baebira is in Cheongtaesan (Green Platform Mountain) at Cheonbaeksu,  \r\nThe six and three water sources gather,  \r\nThe chaste and strict Dotumari jumps over the barrier,  \r\nLinking the peak of Geumasan, inviting fortune with strong ties,  \r\nContaining the duck trap, supporting the woolly hedgehog,  \r\nOn the wide fields of Sinaegangbin, with a beam stretched taut at the main beam,  \r\nWalking like the golden letters on a sand dictionary, walking carefully and slowly,  \r\nThe stones are good and the water is good, but the gum-chewing one just chews gum,  \r\nThe pale one just sucks on the pale part, returning home,  \r\nLaying out thirty rooms’ worth of chicken coop here and there,  \r\nOh mother, oh mother, whether the rain is gentle or heavy,  \r\nChild, child, young child, leave the rain drum there,  \r\nGo make a spring at your source, oh mother, oh mother,  \r\nLeaving the red shirt empty, no brushwood house or fencing,  \r\nAt that time the fire started and the Paulownia garden, the guest count  \r\nOpen the door here and there, taking out clothes to see,  \r\nColored gauze and coarse pants, the waist tied neatly,  \r\nWater-patterned floral cloth, shaking it actively and putting it on,  \r\nSilk inner jacket, silk outer jacket from Namsan,  \r\nAdding a fragrant tassel, attaching the colored gauze tie,  \r\nThe outer clothing is folded, the sleeves fluttering like a butterfly,  \r\nWearing cotton shoes, painted black where hair is gray,  \r\nPutting seed in the missing teeth, applying ointment to the wounds,  \r\nGoing to the children’s place to play,  \r\nYouthful young women of their prime,  \r\nSee white hair and object,  \r\nI was young just yesterday,  \r\nToday I have white hair."", 'A fairy from the Moon Palace descended to the human world.  \r\nHaving nothing to do at all, feeling bored today as well,  \r\nLet’s set up the loom and weave. Set the loom up in the sky,  \r\nHang the yarn on the clouds, twist it in the mist.  \r\nTighten and pull, loosen and pull, the hemp tree branches,  \r\nFiltering through, making sounds. The front legs are set,  \r\nThe back legs are placed, the loom legs are four,  \r\nThese legs are like brothers, combined firmly to make six legs.  \r\nLook, the threads stretched out look like blue and yellow dragons spread wide.  \r\nThe shuttle flying back and forth looks like the Triangular Mountain of Seoul,  \r\nWrapped with a waist of mist. The shuttle flying here and there,  \r\nIs a fairy without any god on the sky, holding a baby boy in her arms,  \r\nPlaying on Buddha’s mountain. Hopping and moving about, two tails,  \r\nSecured tightly in place. The warp threads are like brothers,  \r\nAt this time, there are three brothers. The pressure frame is like the tiger’s paw.  \r\nWithout a hitch, the shuttle chatter goes on,  \r\nMaking the sound of the weaving comb.  \r\nOur country’s fairies seem to be playing a game of janggi (Korean chess).  \r\nWith the beat of the drum, white cranes carry their eggs,  \r\nFlying in and out. The bad dog that waters seems like the spirit of the fisherman.  \r\nLeft on the frost river,  \r\nThe living freshness of the autumn,  \r\nWith blue threads on both sides flying,  \r\nIs it the rainbow over East Sea Mountain?  \r\nThe two brothers bow their heads with heavy eyelids,  \r\nRaising their cups, seeming to be very devoted to their parents.  \r\nThe hidden silk worm in the ant hill,  \r\nLike it laid down thousands of miles in the clear water of the Milky Way.  \r\nBowing gently and placing it down,  \r\nThe dragon-headed silk worm,  \r\nIn the early autumn maple leaves of September,  \r\nLonely wild geese, pairs lost and crying.  \r\nThe naturally bent divine tree,  \r\nWearing a single worn pair,  \r\nOnly three days after setting the loom,  \r\nDrank a full jug of golden liquor,  \r\nThe front house is home to Mr. Kim,  \r\nThe back house belongs to Mr. Lee.  \r\nWhen our scholar returns,  \r\nAsk him to bring along a packet of needles and a spool of thread.  \r\nWash it in the rear ditch,  \r\nBathed it in the front stream,  \r\nWith silver threads on the sunny side,  \r\nDay by day, three, four, five days,  \r\nSix days with drying,  \r\nSeven, eight days with careful trimming,  \r\nFinished with polishing and waxing.  \r\nPut it in the new storage,  \r\nOpen the front window halfway,  \r\nSlide open the wooden window,  \r\nThat is the scholar passing by,  \r\nWhen will our scholar return?', ""There is nothing for the Jade Emperor's fairy to do in the sky  \r\nLet's gather, let's gather, let's gather a twisting pair  \r\nThe twisting pair has no time to play, looking left and right  \r\nIt's empty, it's empty, the Jade Lang River is empty  \r\nLet's let go, let's let go, let's release the twisting pair  \r\nLet's release the twisting pair into the Jade Lang River  \r\nThe twisting legs are waiting, the big legs are two legs  \r\nPlace the front legs and lift them up, place the hind legs and straighten them  \r\nCut the pine branch, sit down like on a throne  \r\nIt is as if the precious country’s golden figure is seated with the dragon god  \r\nThe waist is wrapped around, as if in a mountain mist raised by the temple  \r\nThe waist is surrounded by mist, the horse's tail also wrapped up  \r\nThe only son of three generations, the younger son, seems to be asleep  \r\nThe sly and cunning closely follows, standing as a double rainbow  \r\nThe tearful little dog is the fishing rod of the angler  \r\nThe body house hitting seems like the mountain spirit of the village mountain  \r\nThe drumbeat rises, the weather sounds the northern drum  \r\nThe phoenix egg is nurturing the egg, crawling and flying out  \r\nAt this time, the spring hedgehog is passing through the hand  \r\nPlaying with two brothers, climbing the elder brother at the end  \r\nThe spring hedgehog marching about thirty miles  \r\nLeaving behind the chaos, growing old alone like that  \r\nThe caught one is like the mugwort soup, chitter-chatter  \r\nLike placed on a brass tray, the dragon's head crying  \r\nLike a wild goose crying, having lost its partner  \r\nThe naturally bent new male organ, the worn out item hanging its neck  \r\nWhen leaving, it cries out loud, those raised suddenly  \r\nIt is as if the precious country's golden figure is celebrating a birthday  \r\nUnder the nineteen panels of embroidery, seems to be rising in a round pile  \r\nThe anxious mountain goat, sitting but also lying down  \r\nThe tightly woven rain, washed away in the Yalu River with sorrow  \r\nSobbing by the Tumen River, leaving for Seoul for the civil service exam  \r\nWearing a Koryo cloak, putting it on the ground with dirt  \r\nTied with a string, stained by the string, in the backyard, in the valley  \r\nWalking a naturally grown old tree  \r\nThe hawk, the sister-in-law shakes the upper garment  \r\nShaking the lower garment, laid out in the dog dung field  \r\nIf you go this way, you lightly step, if you go that way, you lightly step  \r\nOther elders all come, why does our elder not come?  \r\nThere is the chosen one, a marriage candidate — why does our elder not come?  \r\nThe escort or the general is lying on the deadwood seven-star board  \r\nWhere is the mourning cloth tied? Lying on the seven-star board  \r\nWhere is the first-line tower? Bringing the ten-thousand-seat altar  \r\nWearing silk clothes, what is the matter with the mourning cloth?  \r\nThe half-moon cover over the forehead, what is the matter?  \r\nWhat is the matter with the old site? With the abrupt hair tied with a cap?  \r\nWhat is the matter with the white cap? On feet wearing black cloth shoes  \r\nWhat is the matter with the straw sandals? On hands wearing silver rings  \r\nWhat is the matter with the big stick? Spreading the quilted blanket  \r\nStretching the left and right covers, and deciding to sleep side by side  \r\nWhy the sudden sleepiness? After a sitting nap  \r\nThere was a calf, there was a calf, a calf headed to the windy place  \r\nWhether a path or a calf, a pair of ducks, a pair of geese  \r\nEven in pairs, wandering around  \r\nHow heartless you are, duck  \r\nLeaving the Daedong River, coming to find the tears  \r\nLooking for the Daedong River, found the tears  \r\n\r\n-Called again  \r\n-The document is excellent""]"
1,234,1_gold child_child jade_jade child_grandchild,"['gold child', 'child jade', 'jade child', 'grandchild', 'sleeps', 'bark', 'baby baby', 'puppy', 'softly', 'fall asleep']","['Lullaby, lullaby, our baby is sleeping.  \r\nNeither the dog shall bark, nor the rooster crow.  \r\nLullaby, lullaby, our baby sleeps quietly.  \r\n\r\nGolden child, jade child, treasure worth more than seven hundred pieces of gold,  \r\nChild of countless mountains and roaring waterfalls, child of the sun and the moon at sunset,  \r\nChild of the moon palace, child of the fairyland of eternal youth.  \r\n\r\nLullaby, lullaby, our baby sleeps well.  \r\nSleep quietly and grow well, so that you may serve the king faithfully,  \r\nBe loyal to the king, be filial to your parents,  \r\nHave brotherly love among siblings, harmony between husband and wife,  \r\nFamily and relatives living in harmony, neighbors united in community.  \r\n\r\nEven if given gold, I do not want you; even if given silver, I do not want you.  \r\nNeither gold nor silver do I want, so sleep quietly,  \r\nGrow strong and healthy, lullaby, lullaby, our baby.', ""Lullaby, lullaby, our baby sleeps well  \r\nGolden child, jade child, longevity and wealth  \r\nEven if given gold, I would trade it for you  \r\nEven if given jade, I would trade it for you  \r\nIn the country, loyal subjects  \r\nTo parents, filial children  \r\nAmong siblings, harmonious love  \r\nAmong relatives, peaceful harmony  \r\nAll through the neighborhood, friendship  \r\nEven if given gold, I would trade it for you  \r\nEven if given silver, I would trade it for you  \r\nSleep well and play well  \r\nRiding on Peng's longevity  \r\nBlessed with Shixiong's fortune  \r\nHeir of Confucius' wisdom  \r\nAppearance like a dragon of the headman  \r\nPossessing Li Bai's literary talent  \r\nUsing Wang Xizhi's calligraphy  \r\nSleep well and grow well  \r\nIf you cry, the mountain birds cry  \r\nIf you laugh, flowers bloom  \r\nDog, don’t bark  \r\nRooster, don’t crow  \r\nOur baby sleeps well  \r\nThe bright moon over Geumsan shines on our baby  \r\nThe wind blowing through the stream, our baby fell asleep  \r\nSleep well and grow strong  \r\nThough the flower’s colors are beautiful  \r\nIt's only once to see them  \r\nYour face is always bright and pretty  \r\nBirds sleep where birds do  \r\nMice sleep in the hole  \r\nThe bride sleeps in her groom’s arms  \r\nI sleep in my mother’s arms  \r\nSoftly, softly dreaming"", 'Lullaby, lullaby, little kid, our baby sleeps well.  \r\nThe dog next door sleeps well, the dog in the back sleeps well.  \r\nOur baby sleeps well. If given silver, it will buy you.  \r\nIf given jade, it will also buy you. Our baby sleeps well.  \r\nGolden child, jade child, a filial child to parents,  \r\nA loyal subject to the country, harmony in the family,  \r\nFriendship among siblings, our baby sleeps well.  \r\nLullaby, lullaby, little kid, our baby sleeps well.  \r\nThe dog next door sleeps well, the dog in the back sleeps well.  \r\nGolden child, jade child, a treasure clear as blue lacquerware,  \r\nA filial child to parents, a loyal subject to the king,  \r\nHarmony in the family, friendship among siblings,  \r\nOur baby sleeps well. If given gold, it will buy you.  \r\nIf given jade, it will also buy you. Our baby sleeps well.']"
2,134,2_spinning wheel_spinning_wheel_turning,"['spinning wheel', 'spinning', 'wheel', 'turning', 'turn', 'twisting', 'turns', 'twisted', 'round round', 'round']","['Spinning wheel, spinning wheel, spin round and round  \r\nNeighbor Kim Doryeong is climbing over the fence  \r\nSpinning wheel, spinning wheel, spin round and round  \r\nNeighbor Kim Doryeong is coming by clearing the path  \r\nHaving cleared the way, today he’s determined  \r\nGrabbing the door handle, nervously trembling  \r\nSpinning wheel, spinning wheel, spin round and round  \r\nUnder the full moon, let’s go just the two of us  \r\nSpinning wheel, spinning wheel, spin round and round  \r\nThe wheel goes zikjeollo, buzzing, buzzing  \r\nSpinning well, it spins', 'Spinning wheel, spinning wheel, eight-year-old spinning wheel  \r\nGo round and round  \r\nThe spinning wheel is spinning  \r\nOh dear, oh dear  \r\nThe eight-year-old spinning wheel is broken  \r\nIt’s twisted, curled, like sesame soup spilling over  \r\nEight-year-old spinning wheel, spinning round and round so well  \r\nTwisting and turning, the spinning wheel whirl is thirty knots tight  \r\nSpinning wheel, spinning wheel, spin well too', '@Spinning wheel, spinning wheel, turn round and round  \r\nTurning smoothly and well  \r\n\r\n- On a breezy day when clouds float softly,  \r\n The fairy who played in the Moon Palace sinned against the Jade Emperor.  \r\n- Returning to the human world, looking around left and right,  \r\n This is the human world full of sorrow and dreams.  \r\n- The spokes of the spinning wheel are eight brothers, and the wooden frame is the three sisters,  \r\n The yarn wrapped around the wheel seems like the Big Dipper constellation.  \r\n- The sound of the spinning wheel can be heard coming,  \r\n The young master next door is getting wet in the night dew.  \r\n- Behind the jar of soy sauce, peaches sway gently in bundles,  \r\n By the water’s edge, the weeping willow branches sway and shake.  \r\n- In July and August, the mulberry leaves sway with the seasons,  \r\n My mother-in-law shakes them without knowing the season.  \r\n- If the spinning wheel falls ill, it goes to the spiritual head,  \r\n When asked, the spiritual head says sesame oil is the remedy.  \r\n- At midnight on a moonlit night, is the cold dew falling?  \r\n Under the paulownia tree, the moon is bright, and thoughts of my beloved arise naturally.  \r\n- The wild goose crying and flying away in the cold dawn wind,  \r\n If you cried, then you cried—why make me cry?  \r\n- Opening the door and looking out, the wild goose is gone,  \r\n Only the stars and moon remain clear within the silk-like clouds.']"
3,133,3_brother law_sister law_married life_younger brother,"['brother law', 'sister law', 'married life', 'younger brother', 'bride', 'family', 'sister', 'married', 'older sister', 'husband']","['Brother, brother, adolescent brother,  \r\nBrother, who will go to greet you?  \r\nLike a half-moon, I will go.  \r\nWhat kind of half-moon are you?  \r\nYou are a crescent, a waxing half-moon.  \r\n\r\nBrother, brother, adolescent brother,  \r\nHow is married life treating you?  \r\nDon’t even speak of married life.  \r\nThis poor girl’s hands  \r\nHave become like the Big Dipper’s hook.  \r\n\r\nBrother, brother, cousin brother,  \r\nHow is married life treating you?  \r\nDon’t even speak of married life.  \r\nThis girl’s clothes and bedding, soaked through,  \r\nAre all wet with tears and mucus.  \r\n\r\nBrother, brother, cousin brother,  \r\nHow was married life?  \r\nDon’t even speak of married life.  \r\nThis girl’s hair that used to be in three tiers  \r\nHas all become like a rain-soaked straw broom.  \r\n\r\nWhat kind of food do they cook for you?  \r\nRice with young teeth like the Wife’s family’s rice,  \r\nBoiling red beans like cherries,  \r\nThey make rice with the young teeth for you.  \r\n\r\nBrother, brother, adolescent brother,  \r\nGo to the front house for five bowls of rice gruel,  \r\nGo to the back house for four bowls of rice gruel.  \r\nFive bowls, five bowls, ten bowls of rice gruel  \r\nHave all been placed on the brother’s table.', 'Brother is coming, brother is coming, from Bungogae, brother is coming  \r\nBrother’s wedding clothes, who will take them? I will take the half-moon outer garment  \r\nWhy do you say half-moon? It’s a black, dark half-moon  \r\nBrother, brother, cousin brother, how was married life?  \r\nAfter living three years in the in-laws’ house, the three-layered outer garment is now worn  \r\nAll the hair fell out, black and black hair  \r\nWalking was difficult  \r\nThe little younger brother-in-law  \r\nThe place for talking was difficult', ""Brother, brother, how was married life in your in-laws' house?  \r\nBrother, brother, cousin brother,  \r\nhow was married life in your in-laws' house?  \r\nOh, woman, don’t say that.  \r\nOn the slippery, unstable floor,  \r\neven placing the spoon was difficult.  \r\nOh, woman, don’t say that.  \r\nBrother, brother, cousin brother,  \r\nstop talking about married life in the in-laws' house.  \r\nDon't even talk about it.  \r\nThe younger brother-in-law with the red bean stalk, don’t speak,  \r\nthe younger sister-in-law with the bean stalk, don’t speak either.  \r\nDon’t talk about married life in the in-laws' house.  \r\nThe cloth washer used as a tray cleaner, they take it all away.  \r\nDon’t talk about married life in the in-laws' house.  \r\nAfter ten years of marriage, returning to my parents’ home,  \r\neven the mountains and streams have changed.  \r\nDon’t talk, don’t talk, don’t talk about married life in the in-laws' house.  \r\nMy father-in-law's words were bitter,  \r\nmy mother-in-law’s words smelled fragrant,  \r\ndon’t talk, don’t talk, don’t talk about married life in the in-laws' house.  \r\nThe village in-laws' house is an in-laws' house,  \r\nand the family in-laws' house is also an in-laws' house.  \r\nDon’t talk about married life in the in-laws' house.""]"
4,76,4_street_corner_jang_plains,"['street', 'corner', 'jang', 'plains', 'neighborhood', 'nyang', 'soup', 'jeolla', 'kitchen', 'dish']","['- This street, that street', 'This street, that street, Gat Street, Jinju Manggeun, Tto Manggeun, Jjakbari, Heiyanggeun, Doraejumeoni, Jangdokgan', 'Five-way street, that street, various streets  \r\nA thousand things, many things  \r\nCrooked foot, Ho Yang-gun  \r\nKimchi in summer, jangdok-kkye (jar lid broken)  \r\nChicken stealing in a mosquito field  \r\nFrost in July and August  \r\nEast Earth, end of December frost  \r\n\r\nOne grain, two grains, three-colored raccoon  \r\nNightingale, silver candy, mouse in the wind  \r\nLucky pouch beggar, Eighth General  \r\nKondre, Mandre, poop dang  \r\n\r\nThis street, that street, various streets  \r\nA thousand things, two things  \r\nSolid land, Jeolla province  \r\nTwo Jeolla governors  \r\nBelow, above  \r\nHanging the neck on Jeongsan  \r\nSix plates, stones!']"
5,48,5_hot_day_hee_ha,"['hot', 'day', 'hee', 'ha', 'eh', 'ehe', '', '', '', '']","['- On a blisteringly hot day', '-On a blazing hot day', '- On a blazing hot day']"
6,30,6_dance_dancing_quickly quickly_quickly,"['dance', 'dancing', 'quickly quickly', 'quickly', 'step', 'pause', 'finish', 'quick', 'hurry hurry', 'hurry']","['- ""I said \'Eolreodiya\' and tied another dance.""\r\n- ""I clattered and danced another dance.""\r\n- ""Quickly, I thrust another dance.""\r\n- ""I nibbled and said, \'You should eat a dance too.\'""\r\n- ""I said \'Eolreodiya,\' so I tied another dance as well.""\r\n- ""I hesitated, then danced another dance.""\r\n- ""Hurry up and harvest, it’s time for another dance.""\r\n- ""I said \'Uh-oh,\' and tied another dance.""\r\n- ""I said \'Eolreodiya,\' and it’s another dance again.""\r\n- ""I hesitated, then danced another dance.""\r\n- ""Quickly, I also thrust another dance.""\r\n- ""I said, \'Harvest,\' and tied another dance.""\r\n- ""If you dance one, I’ll dance another one too.""\r\n- ""I was clumsy, but danced another dance.""\r\n- ""Quickly thrust another dance.""\r\n- ""I said \'Uh-oh,\' and tied another dance again.""\r\n- ""Quickly thrust and let’s eat breakfast.""\r\n- ""I clattered and danced another dance.""\r\n- ""I thrust another dance quickly.""\r\n- ""The sun has risen, hurry hurry and thrust.""\r\n- ""Quickly, you finished the whole round.""\r\n- ""Hurry, harvest, it’s another dance.""\r\n- ""I said \'Uh-oh,\' and danced another dance.""', 'A: Quickly, quickly pulling and tugging, I also took another dance step.  \r\nB: You did it quickly and took another dance step?  \r\nA: Before that sound ended, I also took another dance step.  \r\nB: Eh, you did it quickly and took another dance step?  \r\nA: Quickly, quickly pulling and tugging, I also took another dance step.  \r\nB: At the quick sound, another dance step?  \r\n\r\n(pause)  \r\n\r\nA: Ehe, pulling and tugging quickly, I also took another dance step.  \r\nB: Ehe, at the quick sound, you took another dance step.  \r\nC: You did it quickly, and I also took another dance step ( ).  \r\nA: Quickly, quickly pulling and tugging, I also took another dance step, huh?  \r\nB: At the quick sound, you did it and took another dance step.  \r\nC: Ehe, I also stepped out for another dance—  \r\n\r\n(pause)  \r\n\r\nA: Quickly, quickly pulling tight, I also took another dance step.  \r\nB: Eh, at the quick sound, you took another dance step ( ).  \r\nC: Ee, you did it quickly, and I also took another dance step ( ).  \r\nA: As that sound ended, I also took another dance step.  \r\nB: At the quick sound, you did it and took another dance step.  \r\nC: Ehe, you did it quickly and took another dance step.', ""Me: Hurry up, and then another round of dance.  \r\nGa: You hurried, and then another round of dance.  \r\nMe: You hurried, and here goes another round of dance again.  \r\nDa: Before that sound ends, I also joined another round of dance.  \r\nMe: Before that sound drops, here goes another round of dance again.  \r\n(mixed voices)  \r\nGa: You hurried, and I also have another round of dance.  \r\nDa: Are you bragging about being fast? I also have another round of dance here.  \r\nMe: You hurried, and here goes another round of dance again.  \r\nGa: Before that sound ends, I also got another round of dance.  \r\nDa: Splashing well, I also joined another round of dance.  \r\nMe: You hurried, and here goes another round of dance again.  \r\nGa: You hurried, and I also have another round of dance.  \r\nDa: Your turn or mine, I also joined another round of dance first.  \r\nMe: The sun is already late today, let's finish quickly and go rest.  \r\nGa: There's afternoon snack coming today too, let's finish quickly.  \r\nDa: Stop talking, Kudong is up, let's finish quickly and go out.  \r\nMe: You hurried, and here goes another round of dance again.  \r\nGa: You hurried, and I got another round of dance before you.  \r\nDa: Farming is the foundation of the world, you and I keep on cultivating.  \r\nMe: Kudong is coming out again already, before the soup gets cold, let's finish quickly and eat.  \r\nGa: You hurried, and I'll finish my round first.  \r\nDa: New farming is good farming, you and I keep cultivating to make a bountiful harvest.  \r\nMe: Making quick progress, and here goes another round of dance again.  \r\nGa: I got another round of dance before you.  \r\nDa: Fill the vast rice paddies with rounds of dance.  \r\nMe: Before the sun rises over East Sea and reaches midday, let's quickly transplant seedlings and eat.  \r\nGa: Before the sunset at West Mountain, finish quickly and plant seedlings.  \r\nDa: That sound is quite nice, finish quickly and rest.  \r\nMe: Are you the only one dancing? I also got another round here.  \r\nGa: You hurried, and I also got another round before the new moon comes.  \r\nDa: Don't splash water around, quickly join another round.  \r\nMe: Before that sound drops, here goes another round here again.  \r\nGa: You hurried, and I also got another round before the person next to me notices.  \r\nDa: A handful, two handfuls, three handfuls, four handfuls—finish quickly and eat the new moon snack.  \r\nMe: Are you the only one going? I also got another round here.  \r\nGa: You hurried, and I got another round before you (static).  \r\nMe: Without looking at the person next to you or behind, hurry and join a round.  \r\nMe: Are you the only one going? I also got a round here.""]"
7,27,7_black crow_crow crow_crow_rooster,"['black crow', 'crow crow', 'crow', 'rooster', 'owl', 'bark', 'dark', 'black', 'clouds', 'sun rising']","['Crow, crow, black crow  \r\nHey hey  \r\nDon’t stir up trouble  \r\nGo find your home', 'O crow, crow, black crow\r\nDo not fly high, the thunder breaks in the clouds\r\nIf you fly low, the secular world empties\r\n\r\nCrow, crow, black crow\r\nDo not fly too high, the thunder breaks in the clouds\r\nDo not fly too low, the secular world empties / cattle tail', 'Three-Character Phrase, Single-Wrapped Handkerchief  \r\nEven if soaked like dew  \r\nThere is no one who knows me at all  \r\nBuying a day without papers  \r\nPlacing it in front of the gate  \r\nWhere to go, not coming  \r\nClever rooster, don’t crow  \r\nBarking dog, don’t bark  \r\nIt all hurts my heart  \r\nWhere has the beloved gone  \r\nWill the barking dog not bark?  \r\nWill the crying rooster not cry?  \r\nIn the market of life, roosters crow  \r\nLiving life,  \r\nThe black crow caws harshly  \r\nIs today a far-off day?  \r\nTying the single-wrapped handkerchief  \r\nHanging it dripping  \r\nMy love, my dear love  \r\nIn the time of courting for a hundred years’ life  \r\nWhere has the promise gone?  \r\nLeaving brothers and parents behind  \r\nLeaving the Yangcheon parents beside  \r\nLeaving the evergreen tree beside  \r\nPromised to live a hundred years together  \r\nNo news from anywhere  \r\nWhen the moon rises, I think  \r\nWhen the sun sets, I think  \r\nThere is no dark night at all  \r\nSuddenly and inexplicably  \r\nThe black crow caws harshly  \r\nWhat news could come today?  \r\nThe crow caws joyfully  \r\nThe old color dims  \r\nLooking at the world,  \r\nOn the way to Bodujip, as morning breaks  \r\nEven if I starve from three meals and seven times  \r\nThe sound of the black crow’s cry  \r\nEven happily, the hand goes away  \r\nAfter making some noise  \r\nThe messenger came, the messenger came  \r\nWhat messenger has come?  \r\nPutting aside front and back doors  \r\nI heard that the beloved is coming  \r\nEven the dried-up rice is  \r\nSalty but sweet  \r\nNo matter how much the Yangcheon parents  \r\nCarefully arranged like young iron  \r\nYou said to live a hundred years  \r\nWill this ever come true?  \r\nThe six children, sons and daughters  \r\nWhat era will they face?']"
8,22,8_lotus_rice seedling_seeds_seed,"['lotus', 'rice seedling', 'seeds', 'seed', 'pond', 'fall asleep', 'falling asleep', 'sleep arms', 'miryang', 'asleep']","[""The big kid picking lotus seeds at Gonggal Pond in Sangju Hamchang  \r\nI will pick the lotus seeds for you, so fall asleep in my arms  \r\nIt's not hard to fall asleep, but picking lotus seeds is taking too long  \r\n\r\n- It is said that this was also sung while weeding the fields.  \r\n- The lyrics are related to rice planting rituals  \r\n- Continuous background noise"", ""The girl picking lotus seeds at Gonggal Pond in Sangju Hamchang\r\n\r\nI will give you lotus seed porridge, so try to fall asleep in my arms\r\n\r\nIt's hard to fall asleep, but it's getting late to pick lotus seeds"", ""At the Gonggal Pond in Hamchang, Sangju, that big baby is picking lotus seeds.  \r\nI will pick the lotus seed pods for you, so fall asleep in my arms.  \r\nIt's not easy to fall asleep, it's a sleepless place without lotus seeds.  \r\nIs there a separate lotus seed lady? If you sleep, will it become a lotus seed?  \r\n\r\nCalling again.""]"
9,19,9_teeth_branch_pumpkin_missing,"['teeth', 'branch', 'pumpkin', 'missing', 'bird', 'vine', 'rooster', 'owl', 'startled', 'tail']","['The jackal with a missing front tooth  \r\nThe wildcat with a missing back tooth  \r\nGoing backwards  \r\nGets caught on the pumpkin vine  \r\nFlapping around\r\n\r\n“We were supposed to meet. Ah—seeing the kids’ missing front teeth, that’s how we were”\r\n\r\nThe jackal with a missing front tooth  \r\nThe wildcat with a missing back tooth  \r\nGoing backwards  \r\nGets caught on the pumpkin vine  \r\nFlapping around\r\n\r\n“We were supposed to meet”\r\n\r\nThe jackal with a missing front tooth  \r\nThe wildcat with a missing back tooth  \r\nGoing backwards  \r\nFlapping around\r\n\r\nThe jackal with a missing front tooth  \r\nThe wildcat with a missing back tooth  \r\nGoing backwards  \r\nGets caught on the pumpkin vine  \r\nFlapping around', 'A branch with front teeth missing  \r\nA net bird with back teeth missing  \r\nOn the way to the back of the head  \r\nCaught on a pumpkin vine  \r\nThe barley pipe burst', ""The branch with missing front teeth  \r\nThe branch with missing back teeth  \r\nDon't go to the house behind  \r\nThe puppy gets scared  \r\nDon't go to the house in front  \r\nThe little meat gets scared  \r\n\r\nThe branch with missing front teeth  \r\nGoing to the house behind  \r\nGot caught on the pumpkin vine  \r\nAnd spilled seal droppings""]"
10,19,10_gold child_child jade_jade child_precious,"['gold child', 'child jade', 'jade child', 'precious', 'child siblings', 'children', 'child', 'treasure', 'jade', 'given jade']","['A thousand pieces of gold, ten thousand pieces of gold  \r\nSun and moon combined, red and rosy cheeks  \r\nOh, my precious child  \r\nOh, my precious child  \r\nPrecious, precious child  \r\nDid you fall from the sky?  \r\nOr did you sprout up suddenly from the ground?  \r\nTo parents, a filial child  \r\nAmong siblings, a loving child  \r\nAmong relatives, a harmonious child  \r\nIn the neighborhood, a beloved child  \r\nAmong friends, a loyal child  \r\nOh, my precious child  \r\nOh, my precious child  \r\nMay the heavens shine brightly  \r\nMay the earth shine brightly  \r\nMay the dragon and horse move swiftly  \r\nOh, my precious child', 'Golden child, jade child  \r\nLacquered blue sky, precious child  \r\nIf I gave you all the gold, I would buy you  \r\nIf I gave you all the jade, I would buy you  \r\nWhen I cherished and raised you  \r\nI laid you on a dry spot  \r\nThe good spot is where I lie down  \r\nRaising you as a treasure of gold and jade  \r\nI thought you were a very filial child  \r\nWhat kind of unfilial child are you?', 'Duing duing duing, Duing Duing-ah, Duing duing duing duing, Duingyeh  \r\nSilver child, gold child, farm... jade child  \r\nRich child, noble child, gold child... Gongmyeong child  \r\nAncient prosperity, sunlight child, vast fertile fields, moonlight child  \r\nSouthern elder, water-star child, five-colored bright dragon, spirit cloud child  \r\nTea cultivation master, mountainous child, clear dream, strong sea child  \r\nSea jade spear, longevity child, heavenly official peak, great blessing child  \r\nFor the king, a loyal child; for parents, a filial child  \r\nBetween brothers, a friendly child; between husband and wife, a harmonious child  \r\nTo the elder, a respectful child; to relatives, a harmonious child  \r\nIn every neighborhood, a considerate child; to friends, a faithful child  \r\nThe best child in the whole world, twin sons above, golden child  \r\nAt the foot of the mountain, white jade child, main grain flower, treasure child  \r\nNight light, luminous sky, pearl child, cherry blossom island, white flower child  \r\nOrchid grass, fragrant herb child, female pine, blue pine child, female bamboo bay’s bamboo child  \r\nEntering the path of the strong mountain leaders, prosperous child  \r\nTightly tying the jade-colored silk string, golden pouch child  \r\nWearing the belt of clear fame, loving child  \r\nWearing the seven-colored brocade, carrying in pairs, immortal child  \r\nSilver child, gold child, our baby plays well  \r\nLike the Supreme King in the five elements, playing like... at ...  \r\nHan prince’s daughter plays like at Sangsan temple, red pine daughter plays like at the pavilion  \r\nPlaying like festivity in windless conditions, playing like a songbird at the rebel’s pick  \r\nPlaying like a perfect match among the Seven Sages of the Bamboo Grove, playing like Baek Nak-cheon at Hyangsan cave  \r\nPlaying like a double fish at Akyang pavilion, playing like Wang Bal at Deunghwang pavilion  \r\nPlaying like Gu Yangsu in the Xuong pavilion, playing like Su Dongpo at Red Cliff river  \r\nPlaying like an immortal at Jade Pavilion, playing like Seo Wangmu at Yu Ji Yeon  \r\nPlaying like Yu Ja-seon in the celestial game, playing like the phoenix in Gisan Jo Yang  \r\nPlaying like a giraffe at the foundation of the nation through a thousand autumns, playing like twin dragons holding the sacred pearl  \r\nPlaying like a turtle at Yeonyeop statue, playing like Chae Ryeon in Gyeonggung twin dance  \r\nPlaying like a white crane amid pine and maple, playing like a parrot in the farmland language  \r\nPlaying like a mandarin duck on the blue lake, playing like a nightingale in the spring breeze  \r\nPlaying like a swallow at the curtain stand, playing like a bee and butterfly in Doriewon  \r\nPlaying like a goldfish at the glass harbor, playing like a deer in the ten longevity signs  \r\nPlaying like a monkey in the white child, playing like a tiger rashly and wildly  \r\nPlaying like a carp wriggling, floating gently, playing well  \r\nOur baby sleeps well  \r\n... like the hermit’s peaceful rest ... like the Supreme King’s sleep  \r\nLike Zhuangzi watching butterflies in the east wind, like Ye Dongbin in Huangyang’s bed  \r\nLike Jeongal Ho in the early spring pavilion, like Do Yeonmyeong at the northern window in the clear wind  \r\nLike Cheon Il Su mong, like Jin Du-nam sleeping, like Jang Chim Daepi strong and steady  \r\nLike Jeong Jeon Seol Shin, like Jeong Ui-cheon sleeping, like guest star Beom Ja and Um Ja-yong  \r\nLike Dusky Thrush singing at Hwangneung’s moonlight, like seagulls nesting in Sosaeng Se-u  \r\nLike clouds over Mansu Mountain, like waves on Dongjung Lake  \r\nLike windless calm at Gyeong-su, like mist amid mountain waves of Gisan  \r\nSilver child, gold child, our baby plays well  \r\nLove, love, my love, let’s sing a love song  \r\nIn bright heavens and the universe, love is bright as the sun and moon  \r\nAmong all treasures of the world, love is precious as a jewel  \r\nHigh as the five sacred mountains, deep as the four seas, love  \r\nStraight as pine and bamboo, strong as metal and stone, love  \r\nLike peonies blooming, smiling softly, love  \r\nLike intertwined grape vines, twisting and curling, love  \r\nLike a quick dart in the half moon, increasing here and there, love  \r\nLike the scent of dragon incense incense burning thick, love  \r\nLike golden needles in the candlelight room, love hidden in every corner  \r\nLike stretched silk unraveling and folding, love  \r\nLike trembling willow branches fluttering, weaving love  \r\nAre you not Hadong Mountain Peak, are you not military commander?  \r\nYou are the grand protector jewel  \r\nPhoenix among feathered creatures, qilin among noble beasts  \r\nBiru among human creatures, forever guardians  \r\nSilver child, gold child, our baby sleeps well']"
11,19,11_gyeongsang province_gyeongsang_province_country loyal,"['gyeongsang province', 'gyeongsang', 'province', 'country loyal', 'country', 'mountain', 'jeolla', 'king loyal', 'dragon', 'king']","['Boycott, boycott, boycott—this boycott is the true boycott  \r\nGyeongsang Province is the great boycott; where is the iron? It is iron  \r\nJeolla Province is the left official iron; boycott, boycott, boycott  \r\nWhere is the charcoal? It is charcoal from Hwangryonggol, the great charcoal  \r\nBoycott, boycott, boycott—this boycott is the true boycott  \r\nGyeongsang Province is the great boycott; boycott, boycott, boycott', 'Boycott, boycott, no boycott  \r\nThis boycott is not a boycott  \r\nTo the king, loyal subjects do not boycott  \r\nAmong brothers, there is no boycott of friendship  \r\n\r\n(Singer changes / Ms. Gongsunja)  \r\n\r\nBoycott, boycott, boycott  \r\nWho does this boycott target?  \r\nIt is the great boycott of Gyeongsang Province  \r\nBlow, blow, blow', ""Boycott, boycott, it's a boycott; whose boycott is this?\r\nIn Gyeongsang Province, it's a big boycott; in Jeolla Province, it's a western boycott.\r\nTo the country, loyal subjects do not boycott; to parents, filial sons do not boycott.\r\n\r\nBoycott, boycott, it's a boycott; whose boycott is this?\r\nIn Gyeongsang Province, it's a big boycott; in Jeolla Province, it's a western boycott.\r\nTo parents, filial sons do not boycott; among siblings, there is no boycott in brotherly love.\r\nBetween neighbors, there is no boycott in harmony; to the country, loyal subjects do not boycott.""]"
12,19,12_sleep coming_sleep comes_sleep sleep_sleep,"['sleep coming', 'sleep comes', 'sleep sleep', 'sleep', 'don sleep', 'sleep arms', 'coming', 'lay', 'tears fall', 'comes']","['Sleep is coming, sleep is coming  \r\nTo my eyes  \r\nSleep is coming', 'Sleep is coming, sleep is coming, sleep is coming to my eyes  \r\nWho says anything about the sleep that comes to my eyes?  \r\nSleep, oh sleep, how shameless it is, the seventh month’s fight has come  \r\nHow hateful, how hateful, the seventh month’s fight is hateful  \r\nSleep is coming, sleep is coming, sleep is coming to my eyes  \r\nWho says anything about the sleep that comes to my eyes?  \r\nHow hateful, how hateful, the seventh month’s fight is settling in  \r\nBecause I was told to have the seventh month’s fight,  \r\nI lay down by the grinding stone and take a nap.', '@Sleep is coming, sleep is coming\r\n\r\nSleep is coming to my eyes  \r\nTo my lantern-like eyes  \r\nSleep like a king’s dog is coming  \r\nSleep is coming, sleep is coming  \r\nSleep is coming to my eyes  \r\nGrandmother comes to give sleep  \r\nOnly five nyang and five don and sleep comes  \r\n\r\n@Spinning wheel, spinning wheel, turn round and round\r\n\r\nThe neighbor Kim Doryeong is preparing the night thread  \r\nSpinning wheel tools, weaving tools, janggu drum, sewing kit  \r\nCarrying half a handful of skeins on the head  \r\nCarrying one and a half handfuls of skeins on the head  \r\nThe spinning wheel’s medicine is the oil of the camellia tree']"
13,15,13_crows_black crow_crow_jujube,"['crows', 'black crow', 'crow', 'jujube', 'crow crow', 'snake', 'tiger', 'broom', 'fence', 'drum']","['Why are you calling the old man? Are you going to chop wood?  \r\nIf you go, you can’t come back. If you come, I will stop you.  \r\nIf I stop you, I am a gentleman.  \r\nIf I am a gentleman, I am a building.  \r\nIf I am a building, I am black.  \r\nIf I am black, I am a crow.  \r\nIf I am a crow, I am high.  \r\nIf I am high, I am a shaman.  \r\nIf I am a shaman, I drum.  \r\nIf I drum, I am a general.  \r\nIf I am a general, I strike.  \r\nIf I strike, I break.  \r\nIf I break, I am a ruler.  \r\nIf I am a ruler, I am a snake.  \r\nIf I am a snake, I am water.  \r\nIf I am water, I am a tiger.  \r\nIf I am a tiger, I run.  \r\nIf I run, I am a flea.  \r\nIf I am a flea, I am red.  \r\nIf I am red, I am a jujube.  \r\nIf I am a jujube, I am sweet.  \r\nIf I am sweet, I am syrup.  \r\nIf I am syrup, I am red.  \r\nIf I am red, I am an ant.', 'Hiding in the low mountain, what is it?  \r\nIt is a thorny bush.  \r\nThe thorny bush is white.  \r\nIt is a pale old man.  \r\nIs the old man walking?  \r\nIf he is walking, what is it?  \r\nIf he is walking, it is the iron broom.  \r\nThe iron broom has a handle.  \r\nThe handle has holes.  \r\nIf there are holes, it is sharp.  \r\nThe sharp one is black.  \r\nIf it is black, it is a crow.  \r\nIf it is a crow, it is a shaman.  \r\nThe shaman knocks.  \r\nIf he knocks, it is an iron rod.  \r\nIf it is an iron rod, it pinches.  \r\nIf it pinches, it is a crab.  \r\nIf it is red, it is a jujube.  \r\nThe jujube is sweet.  \r\nIf it is sweet, it is syrup.  \r\nThe syrup drips.  \r\nIf it drips, it is a wild goose.  \r\nIf it is a wild goose, it eats barley.  \r\nIf it eats barley, it is an ox.  \r\nThe ox grows horns.  \r\nIf horns grow, it is a deer.  \r\nThe deer runs.  \r\nIf it runs, it is a flea.  \r\nThe flea climbs the mountain.', 'That old man over there is going to cut wood.  \r\nIf you bend your back, you can’t go; if you bend your back, you go to the jilmæ.  \r\nThe jilmæ goes to your hole; your hole leads to the dongshiri.  \r\nThe dongshiri is black; if it’s black, it’s a crow.  \r\nThe crow is a roof; if it’s a roof, it’s a shaman.  \r\nThe shaman is stubborn; if you run, it’s the leader child.  \r\nIf it’s the leader, it’s a pincer; if you pinch, it’s to hold.  \r\nTo hold is useless; if useless, it’s a tiger.  \r\nThe tiger doesn’t run; if it runs, it’s a bai-raegi.  \r\nThe bai-raegi is red; if red, it’s a jujube.  \r\nThe jujube is sweet; if sweet, it’s syrup.  \r\nSyrup sticks; if it sticks, it’s a letter (or lover).']"
14,15,14_bean field_red beans_beans_red bean,"['bean field', 'red beans', 'beans', 'red bean', 'bean', 'plants', 'millet field', 'seed', 'birds', 'eat']","[""Even if you like beans in the bean field,  \r\nYou can't eat them because of the rising water.\r\n\r\nEven if you like red beans in the red bean field,  \r\nYou can't eat them because of the muddy water.\r\n\r\nEven if you like mung beans in the mung bean field,  \r\nYou can't eat them because of the muddy water."", ""Even though soybeans are good in the soybean field,  \r\nbecause of the frost, they can't be eaten.  \r\n\r\nEven though red beans are good in the red bean field,  \r\nbecause of the fire, they can't be eaten.  \r\n\r\nEven though mung beans are good in the mung bean field,  \r\nbecause of the hot water, they can't be eaten.  \r\n\r\nEven though soybeans are good in the soybean field,  \r\nbecause of the frost, they can't be eaten.  \r\n\r\nEven though red beans are good in the red bean field,  \r\nbecause of the fire, they can't be eaten.  \r\n\r\nEven though mung beans are good in the mung bean field,  \r\nbecause of the hot water, they can't be eaten."", 'In the bean field, beans are planted, so the birds eat them.  \r\nIn the red bean field, red beans are planted, but because of fire, they cannot be eaten.  \r\nAigo Taego/Sopal']"
15,15,15_seedling_tray_seedlings_plant seedlings,"['seedling', 'tray', 'seedlings', 'plant seedlings', 'seeds', 'wrap', 'plant', 'growing', 'lettuce', 'rice']","['Lift it up, lift it up, lift up this seedling tray  \r\nLift it up, lift it up, lift up this seedling tray', ""A: Let's remove it, let's remove it, let's remove it with this seedling tray.  \r\nB: Let's put it out, let's put it out, let's remove the flagstone and cobblestone."", 'Remove it, remove it, take out this seedling tray  \r\nLife messenger Lee Myung-seon, please hold this seedling tray firmly, hohoho  \r\nRemove it, remove it, surround this seedling tray  \r\nDeath messenger Ganglim Doryeong, take hold of this seedling tray  \r\nLife messenger Lee Myung-seon, please lift up this seedling tray  \r\nSurround it, surround it, surround this seedling tray, hohoho  \r\nSurround it, surround it, also surround the lettuce wraps  \r\nIs it only the lettuce wraps that are wraps? Seaweed wraps are also wraps  \r\nSurround it, surround it, surround this seedling tray  \r\nIs it only this seedling tray that is a wrap? Lettuce wraps are also wraps  \r\nIs it only lettuce wraps that are wraps? Red wraps are also wraps, hoho  \r\n\r\n(Three people sing together)  \r\nSprinkling seeds on Seoksan, this seedling growing is a difficult task  \r\nRemove it, remove it, take out this seedling tray  \r\nLife messenger Lee Myung-seon, please take this seedling tray away  \r\nDeath messenger Ganglim Doryeong, please take this seedling tray away, hoho  \r\n\r\n-Two people alternate singing or sing alone.  \r\n-At the request of the investigator, chorus is performed']"
16,14,16_smoke_tobacco_smoking_cigarette,"['smoke', 'tobacco', 'smoking', 'cigarette', 'burning', 'sunset', 'sun', 'spring', 'today sun', 'grandmother']","['Lighting a quick bush fire, I lit the cigarette\r\nWhen the taste of tobacco is this good, how would my love’s taste be?\r\nIf the tobacco taste is this much, how would my love’s affection be?\r\n\r\nThe sunset turns into ashes, and my beloved’s path is a thousand miles away\r\nEven if my beloved’s path is a thousand miles, my path is thousands of miles\r\n\r\nHas the sun already set today? Smoke rises from every hill\r\nWhere is my beloved who doesn’t know how to produce smoke?\r\n\r\nLoose, loose, messy hair, the sun has set, where are you going?\r\nMy mother, I am going to the tomb carrying my breastfeeding baby on my back\r\n\r\nAfter eating dinner and cleaning up, you clap your left hand\r\nThe place where you clap your hands is where you go at night, the tavern is where you go by day\r\n\r\nIn the sweetheart’s house inside Jinju castle\r\nThe front of the flower is your lying down, the back of the half-moon is my turning around', ""The sun has completely set today, yet smoke rises from every village.  \r\nWhere has my beloved gone, who doesn't know how to make smoke?  \r\n\r\nThe seal has been torn apart, where has the master gone?  \r\nThe seal has been torn apart, he went to the concubine's room to visit.  \r\n\r\nWhere has my grandmother gone, and why is my daughter’s servant jealous?  \r\nTea, tea, handmade sujebi soup is all laid out on the table.  \r\nWith the yellow persimmon jacket turned back, the porridge is spicy and hard to eat, it's sorrowful."", ""The sun is almost gone today, and smoke is coming from Golgolmadung.\r\nWhere has Woryeon gone, who doesn't know how to make smoke?\r\nHey, hey, my younger brother-in-law, what were you looking at with the baby's eyes?\r\nWas it the red jacket you wore, the back you leaned on, the socks you wore, or the bandages on your cheeks?\r\nBefore the hill, just sleep.\r\n\r\nThe sun is almost gone today, and smoke is coming from Golgolmadung.\r\nWhere has Uryeon gone, who doesn't know how to make smoke?\r\nHey, hey, it's time to sleep, younger brother-in-law, what were you looking at with the baby's eyes?\r\nWas it the red jacket you wore, the back you leaned on, the socks you wore, or the bandages on your cheeks?\r\nBefore the hill, just sleep.\r\n\r\nOh, young youths in the prime of life, don't envy the white hair.\r\nWe, too, were boys just the other day, now white hair and old age have come to us.\r\n\r\nOh time, oh seasons, do not go.\r\nThough aging is sad, the cold wind is more sorrowful.\r\nThe fire that burns the mountains and plants is something all people can extinguish,\r\nBut the fire burning inside me doesn't go out even if many try.\r\nIf only the outside burns, the smell is not the same as when the inside burns—\r\nThe fire at the pond in the yard burns only inside like me.\r\nThe old tree on the back hill, though cold, only withers inside like me.\r\n\r\nAt the peak of Haeaksan, the big baby from the pagoda tree goes out to tend the firewood.\r\nI, too, want to die and become a pagoda tree and have fun tending the firewood.\r\n\r\nHearing the rumor that Saeang Sangsa's eldest daughter is well-born,\r\nScholars from nine villages come to court her two or three times.\r\nAt the gate of the noble house, is it evening primrose or balsam?\r\nIs it the red dalbok song flower? When I touch the jacket's collar...""]"
17,14,17_rain_southeast wind_wind_wind blow,"['rain', 'southeast wind', 'wind', 'wind blow', 'wind blowing', 'rice field', 'spring', 'sunset', 'grass', 'clouds']","['Hand over that, rain is steadily falling on Galmibong  \r\nWearing a waterproof straw hat, hurry, hurry, until sunset  \r\nGoing to the fields, hurry, hurry, until sunset  \r\nSweeping the fields three times  \r\nReturning to our house, oh, my friend', 'Blow, blow, blow  \r\nSoutheast wind, blow  \r\nCome, rain  \r\nLet the drizzle come  \r\nBlow, blow, blow  \r\nBlow this way and that way  \r\nWith the southeast wind blowing  \r\nLet the spring rain come', ""Over there on Galmi Peak, the rain is heavily falling.  \r\nWearing a rain hat at the waist, tying a rice seedling to the back of the field (Hey, sorrow).  \r\nApril love letters sound good to hear (    “    )  \r\nDistant people sound good to hear (    ”    )  \r\nPeople beside me look good to see (    “    )  \r\nLet's dig up Sangsa and Neungsa valleys and live well until the grass grows (    ”    )""]"
18,13,18_seventy_eighty_eighty thousand_thirty,"['seventy', 'eighty', 'eighty thousand', 'thirty', 'seven', 'half', 'eighteen', 'thousand', 'lyrics', 'words']","[""Eight, nine, ten / Roar  \r\nTen, nine / That's right  \r\nTwenty rings / Roar  \r\nTwenty-nine / Roar  \r\nThirty / Roar  \r\nThirty-nine / Roar  \r\nForty rings / Sixty plus  \r\nForty-nine / Roar  \r\nFifty / That's right  \r\nHalf of a hundred / Roar  \r\nFifty-nine / Roar  \r\nSixty / That's right  \r\nSixty-nine /  \r\nSeventy rings / Roar  \r\nSeventy-nine / Roar  \r\nEighty / Oh dear, be done  \r\nEighty-nine / Roar  \r\nNinety / That's right  \r\nNinety-nine / Roar  \r\nOver one hundred and two / That's right  \r\nNine hundred plus / Roar"", ""@Ah, that's right\r\n\r\nIt moves into the sixties  \r\nSixty-two in the sixties  \r\nSixty-nine going into seventy  \r\nSeventy, or maybe eighty-two  \r\nEighty-nine, ninety-two  \r\nNinety-nine, this guy is a great lord  \r\nPassed over two hundred, reached eight hundred  \r\nEighty-nine, twenty  \r\nTwenty-nine, thirty-two  \r\nThirty-nine, forty-two  \r\nForty-nine, a hundred lines  \r\nFifty-nine, sixty-two  \r\nSixty-nine, seventy-two  \r\nSeventy-nine, eighty-two  \r\nEighty-nine, ninety-two  \r\nNinety-nine, eleven hundred and three hundred  \r\nWent up and passed over seven million  \r\nTwenty-eight, thirty-two  \r\nTwenty-nine, thirty-two  \r\nThirty-nine, forty-two  \r\nForty-nine, thirty-two  \r\nSeventy-nine, sixty-two  \r\nSixty-nine, seventy-two  \r\nSeventy-nine, eighty-two  \r\nEighty-nine, one hundred and forty thousand\r\n\r\n- (Lyrics not transcribed)\r\n\r\n- Sound of water splashing during irrigation  \r\n- Before and after rice transplanting, even until July and August when there is no water"", ""@Yes\r\n\r\n-One  \r\n-Two  \r\n-Three  \r\n-Four  \r\n-Five  \r\n-Six  \r\n-Seven  \r\n-Eight  \r\n-Nine  \r\n-This guy goes up  \r\n “That's right”  \r\n-Ten and fifty  \r\n-One in ten  \r\n-Two in ten  \r\n-Three in ten  \r\n-Four in ten  \r\n-Five in ten  \r\n-Six in ten  \r\n-Seven in ten  \r\n-Eight in ten  \r\n-Nine in ten  \r\n-This guy goes up  \r\n “That's right”  \r\n-Four and twenty  \r\n-One in twenty  \r\n-Two in twenty  \r\n-Three in twenty  \r\n-Four in twenty  \r\n-Five in twenty  \r\n-Six in twenty  \r\n-Seven in twenty  \r\n-Eight in twenty  \r\n-Nine in twenty  \r\n-This guy goes up  \r\n-There are thirty-three  \r\n-One in thirty  \r\n-Two in thirty  \r\n-Three in thirty  \r\n-Four in thirty  \r\n-Five in thirty  \r\n-Six in thirty  \r\n-Seven in thirty  \r\n-Eight in thirty  \r\n-Nine in thirty  \r\n-This guy goes up  \r\n-Half of eighty  \r\n-One in forty  \r\n-Two in forty  \r\n-Three in forty  \r\n-Four in forty  \r\n-Five in forty  \r\n-Six in forty  \r\n-Seven in forty  \r\n-Eight in forty  \r\n-Nine in forty  \r\n-This guy goes up  \r\n-Half of one hundred  \r\n-One in one hundred  \r\n-Two in one hundred  \r\n-Three in one hundred  \r\n-Four in one hundred  \r\n-Five in one hundred  \r\n-Six in one hundred  \r\n-Seven in one hundred  \r\n-Eight in one hundred  \r\n-Nine in one hundred  \r\n-This guy goes up  \r\n-Human sixty  \r\n-One in sixty  \r\n-Two in sixty  \r\n-Three in sixty  \r\n-Four in sixty  \r\n-Five in sixty  \r\n-Six in sixty  \r\n-Seven in sixty  \r\n-Eight in sixty  \r\n-Nine in sixty  \r\n-Human seventy  \r\n-One in seventy  \r\n-Two in seventy  \r\n-Three in seventy  \r\n-Four in seventy  \r\n-Five in seventy  \r\n-Six in seventy  \r\n-Seven in seventy  \r\n-Eight in seventy  \r\n-Nine in seventy  \r\n-This guy goes up  \r\n-Creaky eighty  \r\n-One in eighty  \r\n-Two in eighty  \r\n-Three in eighty  \r\n-Four in eighty  \r\n-Five in eighty  \r\n-Six in eighty  \r\n-Seven in eighty  \r\n-Eight in eighty  \r\n-Nine in eighty  \r\n-This guy goes up  \r\n-It's ninety-two  \r\n-One in ninety  \r\n-Two in ninety  \r\n-Three in ninety  \r\n-Four in ninety  \r\n-Five in ninety  \r\n-Six in ninety  \r\n-Seven in ninety  \r\n-Eight in ninety  \r\n-Nine in ninety  \r\n-This guy goes up  \r\n-It is one hundred  \r\n-The alternating shift  \r\n “is done”  \r\n-It’s done  \r\n “It’s stiff”""]"
19,12,19_white hair_hair_live years_youth,"['white hair', 'hair', 'live years', 'youth', 'old tree', 'elders', 'old lady', 'live grow', 'old man', 'grow']","['Young girls in the prime of youth, don’t judge by white hair.  \r\nYour youth too will grow old and eventually turn white.  \r\nWhether you go to the old house or wander the streets and rivers,  \r\nI was just young the day before yesterday,  \r\nBut today, my white hair has fully come.  \r\nWhen you and I meet, let’s live for a hundred years,  \r\nYes, let’s live for a hundred years.', 'Guya Guya Gamaguya  \r\nThe mountains, rivers, and plants grow young,  \r\nBut our lives grow old; in a lifetime of white hair,  \r\nWe grow old in vain, and youth is nowhere to be found.  \r\nGamaguya, over there, across those mountains and rivers,  \r\nThe grass leaves bloom gently,  \r\nBut our life, once gone, is hard to come back to.  \r\nAmong all the things in the world, only people exist.  \r\nOur life, once gone, never comes back again.  \r\nPeople of the world, do not disdain white hair.  \r\nGu Guya.', 'Oh, what a state this is  \r\nOh, what a state this is  \r\nThese are the youthful boys of eighty  \r\nDon’t laugh when you see white hair  \r\nIt’s natural to have white hair  \r\nOh, what a state this is  \r\n\r\nIf you build a house and live there for three years  \r\nIf you have a son, he will be a filial son  \r\nIf you have a daughter, she will be a virtuous woman  \r\nThe mountains are layered green hills  \r\nThe water slowly flows like the Han River  \r\nI go and come, I keep going  \r\nI go to earn money  \r\nOh, what a state this is  \r\n\r\n(Another person)  \r\nWho can stop the passing years?  \r\nWho can prevent white hair from coming?  \r\nOur elders stay healthy  \r\nLet’s live happily and well  \r\nThe blue sky has many stars  \r\nOur hearts have many troubles  \r\nO youthful boys of eighty  \r\nDon’t laugh when you see white hair  \r\nYesterday is youth, today is white hair  \r\nWho can stop that?  \r\nLive, live, grow old  \r\nIn youth’s prime  \r\nWe lived without time to play  \r\nHello, my friends']"
20,11,20_fruit_pear_seed_grows,"['fruit', 'pear', 'seed', 'grows', 'grow', 'seedlings', 'plant seedlings', 'month', 'sprout', 'july']","['Moya moya, yellow moya, when will you grow and bear fruit?  \r\nGrowing this month and growing next month, will you bear fruit in July or August?  \r\n\r\nTake it out, take it out, take out this seedling,  \r\nPlant the seedlings of blue fan and green grape, and set up a pavilion.  \r\n\r\nChild, the young master is ill; Mr. Sunggeom, peel the pear.  \r\nThe pear peeled by Mr. Sunggeom is tasty and tender.  \r\n\r\nA smart and tall maiden sat beside Ulbongnam,  \r\nHolding Ulbong and Julbong, fall asleep in this embrace.  \r\n\r\nA smart and tall maiden sat beside Ulbongnam.  \r\n\r\nMoya moya, yellow moya, when will you grow and bear fruit?  \r\nGrowing this month and growing next month, will you bear fruit the month after next?', 'Moya moya yellow moya  \r\nWhen will it grow to bear fruit?  \r\nThis month it grows, next month it grows,  \r\nNext month it will bear fruit.  \r\n\r\nMoya yellow moya  \r\nWhen will it grow to bear fruit?  \r\nThis month it grows, next month it grows,  \r\nNext month it will bear fruit.  \r\n\r\nMoya yellow moya  \r\nWhen will it grow to bear fruit?  \r\nThis month it grows, next month it grows,  \r\nIt will bear fruit in July or August.', ""Moya Moya, yellow moya, when will you grow up to bear fruit?  \r\nThis month you grow, next month you grow, next month you will bear fruit.  \r\nOn this mountain, that mountain, Yabu mountain, the nightingale cries sadly.  \r\nNo matter how sadly you cry, there will be only one day when flesh meets flesh.  \r\nCome on, my dear, come on, my dear, this little one, come on, my dear.  \r\nLet it fall off, let it fall off, let's remove this spot.  \r\n\r\nMoya Moya, yellow moya, when will you grow up to bear fruit?  \r\nThis month you grow, next month you grow, you will be responsible for bearing fruit.  \r\nThe irrigation channel is empty, where did the master idler go?  \r\nUp on the ridge, he left his concubine, and she went to sleep in the room.  \r\nShe sleeps at night, plays during the day.  \r\nMoya Moya, yellow moya, when will you grow up to bear fruit?  \r\nThis month you grow, next month you grow, in July and August you will bear fruit.  \r\nOn this rice field, Lord Yongshim, please grant a thousand sacks, ten thousand sacks.  \r\nForget the thousand and ten thousand sacks and grant a hundred million sacks.  \r\nLook at the milk like bitterness inside the inner layer of the ramie jacket.  \r\nOnce, twice, three times, when it's pierced, the courtyard fist shakes.  \r\nPlanting seedlings in this rice field, there is still half a moon left.  \r\nWhat kind of half moon are you? The waxing moon is the half moon.""]"
21,11,21_blow hard_blow blow_blow_wind blow,"['blow hard', 'blow blow', 'blow', 'wind blow', 'blows', 'wind', 'baby baby', 'child', 'baby', 'child siblings']","['Blow, blow, blow-blow, blow-blow  \r\nBlow this fire  \r\nTo dad, a dutiful son  \r\nAmong siblings, a brotherly son  \r\nWithin the family, a brotherly son  \r\nBlow, blow, blow  \r\nBlow this fire (pause)  \r\n\r\nBlow, blow, blow-blow (pause)', 'Blow, blow, fire, fire, cat,\r\nBlow, blow, rustle, rustle,\r\nBlow through a thousand kalpas, blow through ten thousand kalpas,\r\nBuy rice fields for the front yard, buy vegetable fields for the backyard,\r\nBlow, blow, rustle, rustle, blow, fire, fire,\r\nTo parents, be filial; among siblings, be friendly;\r\nWithin the family, be harmonious; among neighbors, be kindhearted.\r\n(Sound ends here)\r\n\r\nBlow, blow, fire, fire, rustle, rustle, blow,\r\nBlow through a thousand kalpas, blow through ten thousand kalpas,\r\nBlow, rustle, rustle,\r\nBuy rice fields for the front yard, buy vegetable fields for the backyard,\r\nBlow, rustle, rustle,\r\nTo parents, be filial; among siblings, be friendly;\r\nWithin the family, be harmonious; among neighbors, be kindhearted.\r\nBlow, rustle, rustle, blow, fire, fire,\r\nOur baby is sleeping well, blow through a thousand kalpas, blow through ten thousand kalpas.\r\n\r\n>', 'Blow, fire, blow hard  \r\nBlow, blow, blow  \r\nBlow hard, fire, hard blow  \r\nBuy the paddy field in front  \r\nBuy the field in the back  \r\nBlow, blow, blow  \r\nGold child, jade child  \r\nEven if given gold, can I buy you?  \r\nEven if given jade, can I buy you?  \r\nTo parents, be a filial child  \r\nAmong siblings, be harmonious  \r\nTo the country, be loyal  \r\nAmong comrades, be friendly  \r\nTo relatives, be peaceful  \r\n\r\nBlow, blow, blow  \r\nBlow hard, fire, hard blow  \r\nBuy the paddy field in front  \r\nBuy the field in the back  \r\nTo parents, be a filial child  \r\nBlow, blow, blow']"
22,11,22_iron_blow hard_blow blow_wind blow,"['iron', 'blow hard', 'blow blow', 'wind blow', 'blow', 'blowing', 'wind', 'gyeongsang', 'breeze', 'gyeongsang province']","['Blow, blow, blow, blow  \r\nWhat kind of iron is this iron?  \r\nEven the Yellow River is iron from Jaeryong  \r\nBlow, blow, blow  \r\nFluttering well, blowing well  \r\nIs the iron strong, does it blow well?  \r\nBlow, blow, blow  \r\nThe iron is good, it blows well  \r\nA wealthy man has appeared in Jang’an  \r\nBlow, blow, blow  \r\nFluttering well, it blows well  \r\n\r\n»', ""Blow, blow, blow strong winds  \r\nStep here, step there  \r\nShall I let the strong wind blow?  \r\nShall I let the gentle breeze blow?  \r\nBlow, blow, Pulmi  \r\nWhat kind of iron is this?  \r\nIn Andong, Gyeongsang Province,  \r\nIt is the best kind of iron.  \r\nHow much is this iron worth?  \r\nOne bundle of seaweed, one mal of rice,  \r\nFloat, float, Pulmi,  \r\nBlow, blow, blow strong winds.  \r\nBlowing the big wind,  \r\nLet's pour a small pot,  \r\nPour the big iron pot,  \r\nPour the big furnace again,  \r\nBlow, blow, blow strong winds."", ""Blow, blow, blow the fire, blow, blow\r\nWhat kind of iron is this? It's Gyeongsang-do iron, blow, blow the fire, blow the fireball, blow""]"
23,11,23_watermelon_husband_daughter law_dish,"['watermelon', 'husband', 'daughter law', 'dish', 'serve', 'meals', 'married life', 'cakes', 'serving', 'father']","[""Seong-a, Seong-a, how was living in your husband’s home?  \r\nLiving in the husband's house was good, but it was difficult to place the handmade cloth on the round wooden frame.  \r\nIt was also hard to serve rice in the round watermelon-shaped bowl.  \r\nIt was hard to speak with the newly widowed uncle.  \r\nOh, how good it is, oh, how good it is, but I cannot do the farming."", 'Seong-a, Seong-a, cousin Seong-a, how is married life treating you?  \r\nRound and round, using the watermelon dish to serve rice feels warm and affectionate.  \r\nWhen seeing the in-laws’ table, placing the spoon is also full of warmth.  \r\nThe unkempt father-in-law, scratching his head and talking,  \r\nEven speaking about that feels difficult.', ""Brother Seong, cousin Seong,  \r\nDo not worry just because I came out.  \r\nIf you set aside just one cup of rice,  \r\nSeong's family can eat, and I can eat too.  \r\nIf the holiday water flows away,  \r\nIs it Seong's matter or mine?  \r\nIf the rice crust goes away,  \r\nIs it Seong's matter or mine?  \r\nIf the radish greens go away,  \r\nIs it Seong's chicken or mine?  \r\nSeong's house is in a prosperous village,  \r\nThey tie a crossbar with a protective rope.  \r\nMy house is in a poor village,  \r\nWe tie a protective rope with watercress.  \r\nSeong's house is in a prosperous village,  \r\nThey build the fence with yeast cakes.  \r\nMy house is in a poor village,  \r\nWe build the fence with brass plates.  \r\nSeong's house is prosperous,  \r\nThey hang ornaments on their ears.  \r\nMy house is poor,  \r\nIf I hang ornaments on my ears,  \r\nWhen the southeast wind blows strongly,  \r\nThe sound of the ornaments is said to be even more pleasant.\r\n\r\n>""]"
24,10,24_fish_catch_bite_sea,"['fish', 'catch', 'bite', 'sea', 'hook', 'hung', 'caught', 'duck', 'string', 'line']","['There are strong hairtail fish in the Gangnam sea  \r\nWinking as they go, winking as they come  \r\nI am a fisherman with a fishing line and a strong drink  \r\nMy drink is a dark, rotten arrowroot wine  \r\nGoing here and there  \r\nEven at the end of fishing, I hook a big one  \r\nThe strong hairtail fish have returned to the Gangnam sea  \r\nTonight, before dawn  \r\nIf you bring just one with this basket to me  \r\nWhether it goes this way or that way, it’s only strong hairtail fish  \r\nThey come in schools  \r\nThe schools of hairtail fish playing in the Gangnam sea  \r\nTonight, you and I  \r\nLet’s be friends and have fun together  \r\nPlaying here and there  \r\nIs the act of a true man  \r\nStrong hairtail fish in the Gangnam sea  \r\nLet’s have fun tonight at this fishing spot', 'Ah, this one—could it be that one hairtail fish isn\'t fresh enough? Why isn\'t it biting the bait? Oh dear, startled me. Let me call out once.\r\n\r\nGangnam Baduk1) Hairtail fish,\r\nMy liquor is rotten three-string2).\r\nTry winking once in Hanyang3) water,\r\nIf you go deep, it\'s a long hairtail3),\r\nIf you go shallow4), it\'s a shallow hairtail5),\r\nFrom Shemi Kim Jwasu\'s6) house, the grand ruler,\r\nA straightforward topic7), Orang.\r\nAsk about this liquor and that liquor8),\r\nTap, tap, tap, ask around.\r\n\r\nIf you go deep, it\'s forty shots at long distance,\r\nAt medium distance, seventy shots,\r\nAt close distance, twenty shots.\r\nGoing this way, it doesn\'t bite,\r\nGoing that way, it still doesn\'t bite.\r\nLet me try giving bait once in Hanyang3).\r\n\r\nIf you go deep, it\'s a long hairtail.\r\n\r\n(""Ah, ah. This magnet is teasing me, I’ve been asked about it. Something this small just dies—it was real, really real. Oh, good! Asking is good."")\r\n\r\nYou pull hard, I pull hard,\r\nTry pulling, try pulling.\r\n\r\n---\r\n\r\n1) Gangnam Sea  \r\n2) My line is a rotten three-string  \r\n3) Hanyang  \r\n4) If you go shallow  \r\n5) Hairtail fish living in the shallow sea  \r\n6) Shemi Kim Jwasu\'s house. Shemi is Hoewon village, Cheongju City  \r\n7) A straightforward, unbending one  \r\n8) This line, that line  \r\n- The sound of hairtail fish pulling  \r\n>', 'You threw the thousand-fathom fishing line right into the middle of the great Daecheon Sea.  \r\nQuietly, quietly, surely biting, only one bit.  \r\nWhere are you going? Can’t you hear my voice?  \r\nQuietly, quietly, quietly, quietly,  \r\nPressed down in the winter squash, struggling to wiggle.  \r\n""Quickly take a bite. Take one more bite. You go all in, I’ll hold tight.""  \r\nSigh, oh, this is for sure a true bite. I have to bait it again and cast it again.  \r\n“Slurrrr, as the drink goes down.”  \r\nQuietly, quietly,  \r\nBite once more for the real catch.  \r\n“Pressing down in the winter squash, struggling to wiggle, take one more bite. The fish with a front tooth missing, the Dosan fish, take it firmly.  \r\nAfter flipping it over and biting hard, upon checking it over, oh, it’s a big fish. I have to bait it again and cast it again.”  \r\nQuietly, quietly, where is the real bite? Bite the hairtail fish (NG).  \r\n(No sound up to here)  \r\n\r\nAh, the hairtail fishing line, right in the middle of the great Daecheon Sea,  \r\nBlowing this sound, blowing that sound, awakening Hanyang from sleep,  \r\nCome to your senses, the hairtail fishing line.  \r\nGangnam Sea’s hairtail fish,  \r\nThis sea, this hairtail,  \r\nWhere are you going? Why not bite this fishing line? Where are you going?  \r\nIf you clash, you too hold tight, and I hold tight too.  \r\nWhere are you going? If there’s a fish with a front tooth missing,  \r\nYou hold tight, I hold tight and pull together.  \r\nIf it slowly and firmly bites,  \r\nDive into this fishing line. Where are you going that you don’t come?  \r\nSleep comes and Hanyang sleeps deeply,  \r\nI stay up all night watching you.  \r\nQuietly, quietly, if it bites firmly hold and give it a pull.  \r\nPressed down in the winter squash, struggling to wiggle,  \r\n""Where are you going? Why don’t you bite? Bite firmly.""  \r\nQuietly, quietly,  \r\n“Oh my, this bit firmly. You too hold tight, I too hold tight, let’s try once more. Try once more. Oh, this is for sure a true bite. Oh, this will sell well,  \r\nI can buy rice for my family with this, make a living and have a livelihood.  \r\nAh, again bait it and cast again.”  \r\nQuietly, quietly, when it bites hold tight, you hold tight, I hold tight,  \r\n“Bite firmly. Oh, it bit again. Let’s try again. Oh, this is also a true bite.  \r\nOh, if I sell this, I’ll give one hundred won per bite.  \r\nOh, this is really, really big money made. Then cast the thousand-fathom fishing line smoothly again.”  \r\nQuietly, quietly, suddenly appearing in this bait,  \r\nIf it suddenly strikes,  \r\n“Bite fully, you hairtail! Hold tight again. Let’s just try. Oh, this is a true bite.  \r\nOh, really, oh, Hanyang is lucky.  \r\nThis is really a great luck.  \r\nThe hairtail sees it and, oh, it’s hooked.  \r\nOh, if I sell this, it’s done.  \r\nThe day breaks. Now, stir and throw it in.”']"
