item_id,language
Erb_1809,cs
Erb_1811,cs
Erb_1814,cs
Erb_1815,cs
Erb_1816,cs
Erb_1817,cs
Erb_1818,cs
Erb_1819,cs
Erb_1820,cs
Erb_1821,cs
Erb_1823,cs
Erb_1824,cs
Erb_1827,cs
Erb_1828,cs
Erb_1829,cs
Erb_1831,cs
Erb_1833,cs
Erb_1834,cs
Erb_1836,cs
Erb_1838,cs
Erb_1839,cs
Erb_1840,cs
Erb_1843,cs
Erb_1844,cs
Erb_1848,cs
Erb_1858,cs
Erb_1860,cs
Erb_1861,cs
Erb_1864,cs
Erb_1865,cs
Erb_1866,cs
Erb_1867,cs
Erb_1868,cs
Erb_1872,cs
Erb_1873,cs
Erb_1874,cs
Erb_1875,cs
Erb_1876,cs
Erb_1877,cs
Erb_1878,cs
Erb_1879,cs
Erb_1882,cs
Erb_1883,cs
Erb_1884,cs
Erb_1887,cs
Erb_1890,cs
Erb_1893,cs
Erb_1894,cs
Erb_1895,cs
Erb_1896,cs
Erb_1897,cs
Erb_1898,cs
Erb_1905,cs
Erb_1907,cs
Erb_1909,cs
Erb_1910,cs
Erb_1915,cs
Erb_1917,cs
Erb_1918,cs
Erb_1924,cs
Erb_1928,cs
Erb_1929,cs
Erb_1930,cs
Erb_1931,cs
Erb_1932,cs
Erb_1934,cs
Erb_1940,cs
Erb_1942,cs
Erb_1943,cs
Erb_1944,cs
Erb_1945,cs
Erb_1946,cs
Erb_1948,cs
Erb_1950,cs
Erb_1951,cs
Erb_1952,cs
Erb_1955,cs
Erb_1957,cs
Erb_1958,cs
Erb_1959,cs
Erb_1967,cs
Erb_1968,cs
Erb_1969,cs
Erb_1970,cs
Erb_1972,cs
Erb_1973,cs
Erb_1974,cs
Erb_1978,cs
Erb_1979,cs
Erb_1980,cs
Erb_1981,cs
Erb_1982,cs
Erb_1984,cs
Erb_1987,cs
Erb_1988,cs
Erb_1989,cs
Erb_1991,cs
Erb_1992,cs
Erb_1993,cs
Erb_1994,cs
Erb_1995,cs
Erb_1997,cs
Erb_1999,cs
Erb_2003,cs
Erb_2004,cs
Erb_2005,cs
Erb_2009,cs
Erb_2013,cs
Erb_2016,cs
Erb_2017,cs
Erb_2018,cs
Erb_2020,cs
Erb_2022,cs
Erb_2023,cs
Erb_2024,cs
Erb_2025,cs
Erb_2026,cs
Erb_2027,cs
Erb_2034,cs
Erb_2036,cs
Erb_2039,cs
Erb_2040,cs
Erb_2041,cs
Erb_2044,cs
Erb_2048,cs
Erb_2049,cs
Erb_2051,cs
Erb_2052,cs
Erb_2054,cs
Erb_2055,cs
Erb_2056,cs
Erb_2057,cs
Erb_2058,cs
Erb_2059,cs
Erb_2060,cs
Erb_2061,cs
Erb_2062,cs
Erb_2063,cs
Erb_2065,cs
Erb_2067,cs
Erb_2068,cs
Erb_2069,cs
Erb_2070,cs
Erb_2072,cs
Erb_2074,cs
Erb_2075,cs
Erb_2077,cs
Erb_2082,cs
Erb_2083,cs
Erb_2084,cs
Erb_2086,cs
Erb_2088,cs
Erb_2089,cs
Erb_2090,cs
Erb_2091,cs
Erb_2092,cs
Erb_2093,cs
Erb_2095,cs
Erb_2097,cs
Erb_2099,cs
Erb_2100,cs
Erb_2102,cs
Erb_2104,cs
Erb_2106,cs
Erb_2107,cs
Erb_2108,cs
Erb_2109,cs
Erb_2110,cs
Erb_2112,cs
Erb_2113,cs
Erb_2114,cs
Erb_2116,cs
Erb_2117,cs
Erb_2119,cs
Erb_2120,cs
Erb_2121,cs
Erb_2124,cs
Erb_2126,cs
Erb_2127,cs
Erb_2128,cs
Erb_2130,cs
Erb_2131,cs
Erb_2134,cs
Erb_2135,cs
Erb_2137,cs
Erb_2138,cs
Erb_2141,cs
Erb_2143,cs
Erb_2145,cs
Erb_2146,cs
Erb_2150,cs
Erb_2151,cs
Erb_2153,cs
Erb_2154,cs
Erb_2159,cs
Erb_2160,cs
Erb_2163,cs
Erb_2166,cs
Erb_2169,cs
Erb_2170,cs
Erb_2171,cs
Erb_2175,cs
Erb_2177,cs
Erb_2180,cs
THB_40,cs
THB_100,cs
THB_101,cs
THB_102,cs
THB_103,cs
THB_104,cs
THB_105,cs
Pod_395,uk
Pod_396,uk
Pod_1404,uk
Pod_1405,uk
Pod_1406,uk
Pod_1407,uk
Pod_1408,uk
Pod_1409,uk
Pod_1410,uk
Pod_1411,uk
Pod_1412,uk
Pod_1413,uk
Pod_1414,uk
Pod_1415,uk
Pod_1416,uk
Pod_1417,uk
Pod_1418,uk
Pod_1419,uk
Pod_1420,uk
Pod_1421,uk
Pod_1422,uk
Pod_1423,uk
Pod_1424,uk
Pod_1425,uk
Pod_1426,uk
Pod_1427,uk
Pod_1428,uk
Pod_1429,uk
Pod_1430,uk
Pod_1431,uk
Pod_1432,uk
Pod_1433,uk
Pod_1434,uk
Pod_1435,uk
Pod_1436,uk
Pod_1437,uk
Pod_1438,uk
Pod_1439,uk
Pod_1440,uk
Pod_1441,uk
Pod_1442,uk
Pod_1443,uk
Pod_1444,uk
Pod_1445,uk
Pod_1446,uk
Pod_1447,uk
Pod_1448,uk
Pod_1449,uk
Pod_1450,uk
Pod_1451,uk
Pod_1452,uk
Pod_1453,uk
Pod_1454,uk
Pod_1455,uk
Pod_1456,uk
Pod_1457,uk
Pod_1458,uk
Pod_1459,uk
Pod_1460,uk
Pod_1461,uk
Pod_1462,uk
Pod_1463,uk
Pod_1464,uk
Pod_1465,uk
Pod_1466,uk
Pod_1467,uk
Pod_1468,uk
Pod_1470,uk
Pod_1471,uk
Pod_1472,uk
Pod_1473,uk
Pod_1474,uk
Pod_1475,uk
Pod_1476,uk
Pod_1477,uk
Pod_1478,uk
Pod_1479,uk
Pod_1480,uk
Pod_1481,uk
Pod_1482,uk
Pod_1483,uk
Pod_1484,uk
Pod_1485,uk
Pod_1486,uk
Pod_1487,uk
Pod_1488,uk
Pod_1489,uk
Pod_1490,uk
Pod_1491,uk
Pod_1492,uk
Pod_1493,uk
Pod_1494,uk
Pod_1495,uk
Pod_1496,uk
Pod_1497,uk
Pod_1498,uk
Pod_1499,uk
Pod_1500,uk
Pod_1501,uk
Pod_1503,uk
Pod_1504,uk
Pod_1505,uk
Pod_1506,uk
Pod_1507,uk
Pod_1508,uk
Pod_1509,uk
Pod_1510,uk
Pod_1511,uk
Pod_1512,uk
Pod_1513,uk
Pod_1514,uk
Pod_1515,uk
Pod_1516,uk
Pod_1517,uk
Pod_1518,uk
Pod_1519,uk
Pod_1520,uk
Pod_1521,uk
Pod_1522,uk
Pod_1523,uk
Pod_1524,uk
Pod_1525,uk
Pod_1526,uk
Pod_1527,uk
Pod_1528,uk
Pod_1529,uk
Pod_1530,uk
Pod_1531,uk
Pod_1532,uk
Pod_1533,uk
Pod_1534,uk
Pod_1535,uk
Pod_1536,uk
Pod_1537,uk
Pod_1538,uk
Pod_1539,uk
Pod_1540,uk
Pod_1541,uk
Pod_1542,uk
Pod_1543,uk
Pod_1544,uk
Pod_1545,uk
Pod_1546,uk
Pod_1547,uk
Pod_1548,uk
Pod_1549,uk
Pod_1550,uk
Pod_1551,uk
Pod_1552,uk
Pod_1553,uk
Pod_1554,uk
Pod_1555,uk
Pod_1556,uk
Pod_1557,uk
Pod_1558,uk
Pod_1559,uk
Pod_1560,uk
Pod_1561,uk
Pod_1562,uk
Pod_1563,uk
Pod_1564,uk
Pod_1565,uk
Pod_1566,uk
Pod_1567,uk
Pod_1568,uk
Pod_1569,uk
Pod_1570,uk
Pod_1571,uk
Pod_1572,uk
Pod_1573,uk
Pod_1574,uk
Pod_1575,uk
Pod_1576,uk
Pod_1577,uk
Pod_1578,uk
Pod_1579,uk
Pod_1580,uk
Pod_1581,uk
Pod_1582,uk
Pod_1583,uk
Pod_1584,uk
Pod_1585,uk
Pod_1586,uk
Pod_1587,uk
Pod_1588,uk
Pod_1589,uk
Pod_1590,uk
Pod_1591,uk
Pod_1592,uk
Pod_1593,uk
Pod_1594,uk
Pod_1595,uk
Pod_1596,uk
Pod_1597,uk
Pod_1598,uk
Pod_1599,uk
Pod_1600,uk
Pod_1601,uk
Pod_1602,uk
Pod_1603,uk
Pod_1604,uk
Pod_1605,uk
Pod_1606,uk
Pod_1607,uk
Pod_1608,uk
Pod_1609,uk
Pod_1610,uk
Pod_1611,uk
Pod_1612,uk
Pod_1613,uk
Pod_1614,uk
Pod_1615,uk
Pod_1616,uk
Pod_1639,uk
Vol_50,uk
Vol_51,uk
Vol_52,uk
Vol_53,uk
Vol_54,uk
Vol_55,uk
Vol_56,uk
Vol_57,uk
Vol_58,uk
Vol_59,uk
Vol_60,uk
Vol_61,uk
Vol_62,uk
Vol_63,uk
Vol_64,uk
Vol_65,uk
Vol_66,uk
Vol_67,uk
Vol_68,uk
Vol_69,uk
Vol_70,uk
Vol_71,uk
Vol_72,uk
Vol_73,uk
Vol_74,uk
Vol_75,uk
Vol_76,uk
Vol_77,uk
Vol_78,uk
Vol_79,uk
Vol_80,uk
Vol_81,uk
Vol_82,uk
Vol_83,uk
Vol_84,uk
Vol_85,uk
Vol_87,uk
Vol_88,uk
Vol_89,uk
Vol_90,uk
Vol_91,uk
Vol_116,uk
Vol_117,uk
young_wedding_both_348,nl
young_wedding_both_349,nl
young_wedding_both_350,nl
young_wedding_both_351,nl
young_wedding_both_352,nl
young_wedding_both_353,nl
young_wedding_both_354,nl
young_wedding_both_355,nl
young_wedding_both_356,nl
young_wedding_both_357,nl
young_wedding_both_358,nl
young_wedding_both_359,nl
young_wedding_both_360,nl
young_wedding_both_361,nl
young_wedding_both_362,nl
young_wedding_both_363,nl
young_wedding_both_364,nl
young_wedding_both_365,nl
young_wedding_both_366,nl
young_wedding_both_367,nl
young_wedding_both_368,nl
young_wedding_both_369,nl
young_wedding_both_370,nl
young_wedding_both_371,nl
young_wedding_both_372,nl
young_wedding_both_373,nl
young_wedding_both_374,nl
young_wedding_both_375,nl
young_wedding_both_376,nl
young_wedding_both_377,nl
young_wedding_both_378,nl
young_wedding_both_379,nl
young_wedding_both_380,nl
young_wedding_both_381,nl
young_wedding_both_382,nl
young_wedding_both_383,nl
young_wedding_both_384,nl
young_wedding_both_385,nl
young_wedding_both_386,nl
young_wedding_both_387,nl
young_wedding_both_388,nl
young_wedding_both_389,nl
young_wedding_both_390,nl
young_wedding_both_391,nl
young_wedding_both_392,nl
young_wedding_both_393,nl
young_wedding_both_394,nl
young_wedding_both_395,nl
young_wedding_both_396,nl
young_wedding_both_397,nl
young_wedding_both_398,nl
young_wedding_both_399,nl
young_wedding_both_400,nl
young_wedding_both_401,nl
young_wedding_both_402,nl
young_wedding_both_403,nl
young_wedding_both_404,nl
young_wedding_both_405,nl
young_wedding_both_406,nl
young_wedding_both_407,nl
young_wedding_both_408,nl
young_wedding_both_409,nl
young_wedding_both_410,nl
young_wedding_both_411,nl
young_wedding_both_412,nl
young_wedding_both_413,nl
young_wedding_both_414,nl
young_wedding_both_415,nl
young_wedding_both_416,nl
young_wedding_both_417,nl
young_wedding_both_418,nl
young_wedding_both_419,nl
young_wedding_both_420,nl
young_wedding_both_421,nl
young_wedding_both_422,nl
young_wedding_both_423,nl
young_wedding_both_424,nl
young_wedding_both_425,nl
young_wedding_both_426,nl
young_wedding_both_427,nl
young_wedding_both_429,nl
young_wedding_both_430,nl
young_wedding_both_431,nl
young_wedding_both_432,nl
young_wedding_both_433,nl
young_wedding_both_434,nl
young_wedding_both_435,nl
young_wedding_both_436,nl
young_wedding_both_438,nl
young_wedding_both_439,nl
young_wedding_both_440,nl
young_wedding_both_441,nl
young_wedding_both_442,nl
young_wedding_both_443,nl
young_wedding_both_444,nl
young_wedding_both_445,nl
young_wedding_both_446,nl
young_wedding_both_447,nl
young_wedding_both_448,nl
young_wedding_both_449,nl
young_wedding_both_450,nl
young_wedding_both_451,nl
young_wedding_both_452,nl
young_wedding_both_454,nl
young_wedding_both_455,nl
young_wedding_both_456,nl
young_wedding_both_457,nl
young_wedding_both_458,nl
young_wedding_both_459,nl
young_wedding_both_461,nl
young_wedding_both_462,nl
young_wedding_both_463,nl
young_wedding_both_464,nl
young_wedding_both_465,nl
young_wedding_both_466,nl
young_wedding_both_467,nl
young_wedding_both_468,nl
young_wedding_both_469,nl
young_wedding_both_471,nl
young_wedding_both_472,nl
young_wedding_both_474,nl
young_wedding_both_475,nl
young_wedding_both_476,nl
young_wedding_both_477,nl
young_wedding_both_478,nl
young_wedding_both_479,nl
young_wedding_both_480,nl
young_wedding_both_481,nl
young_wedding_both_482,nl
young_wedding_both_483,nl
young_wedding_both_484,nl
young_wedding_both_485,nl
young_wedding_both_486,nl
young_wedding_both_487,nl
young_wedding_both_488,nl
young_wedding_both_489,nl
young_wedding_both_490,nl
young_wedding_both_491,nl
young_wedding_both_492,nl
young_wedding_both_493,nl
young_wedding_both_494,nl
young_wedding_both_495,nl
young_wedding_both_496,nl
young_wedding_both_497,nl
young_wedding_both_498,nl
young_wedding_both_499,nl
young_wedding_both_500,nl
young_wedding_both_501,nl
young_wedding_both_502,nl