id,assigned_topic,topic_label,top_topic_prob
Erb_1809,0,0_praise_sorrow_god_soul,0.0
Erb_1811,0,0_praise_sorrow_god_soul,0.0
Erb_1814,0,0_praise_sorrow_god_soul,0.0
Erb_1815,25,25_little wine_heaven_drink little_lord god,1.0
Erb_1816,0,0_praise_sorrow_god_soul,0.0
Erb_1817,0,0_praise_sorrow_god_soul,0.0
Erb_1818,0,0_praise_sorrow_god_soul,0.0
Erb_1819,0,0_praise_sorrow_god_soul,0.0
Erb_1820,0,0_praise_sorrow_god_soul,0.0
Erb_1821,0,0_praise_sorrow_god_soul,0.0
Erb_1823,25,25_little wine_heaven_drink little_lord god,1.0
Erb_1824,0,0_praise_sorrow_god_soul,0.0
Erb_1827,0,0_praise_sorrow_god_soul,0.0
Erb_1828,0,0_praise_sorrow_god_soul,0.0
Erb_1829,0,0_praise_sorrow_god_soul,0.0
Erb_1831,0,0_praise_sorrow_god_soul,0.0
Erb_1833,25,25_little wine_heaven_drink little_lord god,1.0
Erb_1834,21,21_bark_shouts_trees_flee,0.65655947
Erb_1836,25,25_little wine_heaven_drink little_lord god,1.0
Erb_1838,0,0_praise_sorrow_god_soul,0.0
Erb_1839,0,0_praise_sorrow_god_soul,0.0
Erb_1840,23,23_spindle_spinning_rooster_spin,0.5649724
Erb_1843,25,25_little wine_heaven_drink little_lord god,1.0
Erb_1844,0,0_praise_sorrow_god_soul,0.0
Erb_1848,0,0_praise_sorrow_god_soul,0.0
Erb_1858,0,0_praise_sorrow_god_soul,0.0
Erb_1860,0,0_praise_sorrow_god_soul,0.0
Erb_1861,0,0_praise_sorrow_god_soul,0.0
Erb_1864,0,0_praise_sorrow_god_soul,0.0
Erb_1865,0,0_praise_sorrow_god_soul,0.0
Erb_1866,25,25_little wine_heaven_drink little_lord god,0.79793584
Erb_1867,0,0_praise_sorrow_god_soul,0.0
Erb_1868,0,0_praise_sorrow_god_soul,0.0
Erb_1872,0,0_praise_sorrow_god_soul,0.0
Erb_1873,0,0_praise_sorrow_god_soul,0.0
Erb_1874,0,0_praise_sorrow_god_soul,0.0
Erb_1875,0,0_praise_sorrow_god_soul,0.0
Erb_1876,0,0_praise_sorrow_god_soul,0.0
Erb_1877,0,0_praise_sorrow_god_soul,0.0
Erb_1878,0,0_praise_sorrow_god_soul,0.0
Erb_1879,0,0_praise_sorrow_god_soul,0.0
Erb_1882,0,0_praise_sorrow_god_soul,0.0
Erb_1883,0,0_praise_sorrow_god_soul,0.0
Erb_1884,12,12_dear maiden_praise_roses_joyful,1.0
Erb_1887,18,18_want farmer_pepíček_praises_horses,1.0
Erb_1890,0,0_praise_sorrow_god_soul,0.0
Erb_1893,0,0_praise_sorrow_god_soul,0.0
Erb_1894,0,0_praise_sorrow_god_soul,0.0
Erb_1895,0,0_praise_sorrow_god_soul,0.0
Erb_1896,25,25_little wine_heaven_drink little_lord god,1.0
Erb_1897,0,0_praise_sorrow_god_soul,0.0
Erb_1898,27,27_shines brightly_praise_worthy praise_praise lord,1.0
Erb_1905,0,0_praise_sorrow_god_soul,0.0
Erb_1907,0,0_praise_sorrow_god_soul,0.0
Erb_1909,0,0_praise_sorrow_god_soul,0.0
Erb_1910,0,0_praise_sorrow_god_soul,0.0
Erb_1915,0,0_praise_sorrow_god_soul,0.0
Erb_1917,0,0_praise_sorrow_god_soul,0.0
Erb_1918,12,12_dear maiden_praise_roses_joyful,1.0
Erb_1924,0,0_praise_sorrow_god_soul,0.0
Erb_1928,0,0_praise_sorrow_god_soul,0.0
Erb_1929,0,0_praise_sorrow_god_soul,0.0
Erb_1930,25,25_little wine_heaven_drink little_lord god,1.0
Erb_1931,0,0_praise_sorrow_god_soul,0.0
Erb_1932,0,0_praise_sorrow_god_soul,0.0
Erb_1934,26,26_beautiful hay_mowed hay_hay_sheepfold,1.0
Erb_1940,25,25_little wine_heaven_drink little_lord god,1.0
Erb_1942,0,0_praise_sorrow_god_soul,0.0
Erb_1943,25,25_little wine_heaven_drink little_lord god,1.0
Erb_1944,26,26_beautiful hay_mowed hay_hay_sheepfold,1.0
Erb_1945,0,0_praise_sorrow_god_soul,0.0
Erb_1946,0,0_praise_sorrow_god_soul,0.0
Erb_1948,0,0_praise_sorrow_god_soul,0.0
Erb_1950,0,0_praise_sorrow_god_soul,0.0
Erb_1951,0,0_praise_sorrow_god_soul,0.0
Erb_1952,25,25_little wine_heaven_drink little_lord god,1.0
Erb_1955,0,0_praise_sorrow_god_soul,0.0
Erb_1957,0,0_praise_sorrow_god_soul,0.0
Erb_1958,0,0_praise_sorrow_god_soul,0.0
Erb_1959,25,25_little wine_heaven_drink little_lord god,1.0
Erb_1967,25,25_little wine_heaven_drink little_lord god,1.0
Erb_1968,25,25_little wine_heaven_drink little_lord god,1.0
Erb_1969,0,0_praise_sorrow_god_soul,0.0
Erb_1970,0,0_praise_sorrow_god_soul,0.0
Erb_1972,25,25_little wine_heaven_drink little_lord god,1.0
Erb_1973,0,0_praise_sorrow_god_soul,0.0
Erb_1974,0,0_praise_sorrow_god_soul,0.0
Erb_1978,0,0_praise_sorrow_god_soul,0.0
Erb_1979,0,0_praise_sorrow_god_soul,0.0
Erb_1980,0,0_praise_sorrow_god_soul,0.0
Erb_1981,0,0_praise_sorrow_god_soul,0.0
Erb_1982,0,0_praise_sorrow_god_soul,0.0
Erb_1984,0,0_praise_sorrow_god_soul,0.0
Erb_1987,0,0_praise_sorrow_god_soul,0.0
Erb_1988,0,0_praise_sorrow_god_soul,0.0
Erb_1989,0,0_praise_sorrow_god_soul,0.0
Erb_1991,0,0_praise_sorrow_god_soul,0.0
Erb_1992,0,0_praise_sorrow_god_soul,0.0
Erb_1993,0,0_praise_sorrow_god_soul,0.0
Erb_1994,0,0_praise_sorrow_god_soul,0.0
Erb_1995,0,0_praise_sorrow_god_soul,0.0
Erb_1997,0,0_praise_sorrow_god_soul,0.0
Erb_1999,0,0_praise_sorrow_god_soul,0.0
Erb_2003,0,0_praise_sorrow_god_soul,0.0
Erb_2004,0,0_praise_sorrow_god_soul,0.0
Erb_2005,26,26_beautiful hay_mowed hay_hay_sheepfold,1.0
Erb_2009,0,0_praise_sorrow_god_soul,0.0
Erb_2013,0,0_praise_sorrow_god_soul,0.0
Erb_2016,0,0_praise_sorrow_god_soul,0.0
Erb_2017,0,0_praise_sorrow_god_soul,0.0
Erb_2018,0,0_praise_sorrow_god_soul,0.0
Erb_2020,0,0_praise_sorrow_god_soul,0.0
Erb_2022,0,0_praise_sorrow_god_soul,0.0
Erb_2023,0,0_praise_sorrow_god_soul,0.0
Erb_2024,0,0_praise_sorrow_god_soul,0.0
Erb_2025,0,0_praise_sorrow_god_soul,0.0
Erb_2026,26,26_beautiful hay_mowed hay_hay_sheepfold,1.0
Erb_2027,0,0_praise_sorrow_god_soul,0.0
Erb_2034,0,0_praise_sorrow_god_soul,0.0
Erb_2036,0,0_praise_sorrow_god_soul,0.0
Erb_2039,0,0_praise_sorrow_god_soul,0.0
Erb_2040,0,0_praise_sorrow_god_soul,0.0
Erb_2041,0,0_praise_sorrow_god_soul,0.0
Erb_2044,25,25_little wine_heaven_drink little_lord god,1.0
Erb_2048,0,0_praise_sorrow_god_soul,0.0
Erb_2049,0,0_praise_sorrow_god_soul,0.0
Erb_2051,0,0_praise_sorrow_god_soul,0.0
Erb_2052,0,0_praise_sorrow_god_soul,0.0
Erb_2054,0,0_praise_sorrow_god_soul,0.0
Erb_2055,0,0_praise_sorrow_god_soul,0.0
Erb_2056,21,21_bark_shouts_trees_flee,0.51307595
Erb_2057,0,0_praise_sorrow_god_soul,0.0
Erb_2058,0,0_praise_sorrow_god_soul,0.0
Erb_2059,0,0_praise_sorrow_god_soul,0.0
Erb_2060,0,0_praise_sorrow_god_soul,0.0
Erb_2061,25,25_little wine_heaven_drink little_lord god,1.0
Erb_2062,0,0_praise_sorrow_god_soul,0.0
Erb_2063,25,25_little wine_heaven_drink little_lord god,0.6967969
Erb_2065,0,0_praise_sorrow_god_soul,0.0
Erb_2067,0,0_praise_sorrow_god_soul,0.0
Erb_2068,0,0_praise_sorrow_god_soul,0.0
Erb_2069,0,0_praise_sorrow_god_soul,0.0
Erb_2070,0,0_praise_sorrow_god_soul,0.0
Erb_2072,0,0_praise_sorrow_god_soul,0.0
Erb_2074,0,0_praise_sorrow_god_soul,0.0
Erb_2075,18,18_want farmer_pepíček_praises_horses,1.0
Erb_2077,0,0_praise_sorrow_god_soul,0.0
Erb_2082,0,0_praise_sorrow_god_soul,0.0
Erb_2083,0,0_praise_sorrow_god_soul,0.0
Erb_2084,0,0_praise_sorrow_god_soul,0.0
Erb_2086,0,0_praise_sorrow_god_soul,0.0
Erb_2088,0,0_praise_sorrow_god_soul,0.0
Erb_2089,0,0_praise_sorrow_god_soul,0.0
Erb_2090,0,0_praise_sorrow_god_soul,0.0
Erb_2091,0,0_praise_sorrow_god_soul,0.0
Erb_2092,0,0_praise_sorrow_god_soul,0.0
Erb_2093,0,0_praise_sorrow_god_soul,0.0
Erb_2095,25,25_little wine_heaven_drink little_lord god,1.0
Erb_2097,0,0_praise_sorrow_god_soul,0.0
Erb_2099,25,25_little wine_heaven_drink little_lord god,0.7898011
Erb_2100,0,0_praise_sorrow_god_soul,0.0
Erb_2102,23,23_spindle_spinning_rooster_spin,0.584387
Erb_2104,25,25_little wine_heaven_drink little_lord god,1.0
Erb_2106,0,0_praise_sorrow_god_soul,0.0
Erb_2107,0,0_praise_sorrow_god_soul,0.0
Erb_2108,0,0_praise_sorrow_god_soul,0.0
Erb_2109,0,0_praise_sorrow_god_soul,0.0
Erb_2110,25,25_little wine_heaven_drink little_lord god,1.0
Erb_2112,0,0_praise_sorrow_god_soul,0.0
Erb_2113,0,0_praise_sorrow_god_soul,0.0
Erb_2114,0,0_praise_sorrow_god_soul,0.0
Erb_2116,0,0_praise_sorrow_god_soul,0.0
Erb_2117,0,0_praise_sorrow_god_soul,0.0
Erb_2119,0,0_praise_sorrow_god_soul,0.0
Erb_2120,0,0_praise_sorrow_god_soul,0.0
Erb_2121,0,0_praise_sorrow_god_soul,0.0
Erb_2124,18,18_want farmer_pepíček_praises_horses,1.0
Erb_2126,26,26_beautiful hay_mowed hay_hay_sheepfold,1.0
Erb_2127,26,26_beautiful hay_mowed hay_hay_sheepfold,1.0
Erb_2128,0,0_praise_sorrow_god_soul,0.0
Erb_2130,0,0_praise_sorrow_god_soul,0.0
Erb_2131,18,18_want farmer_pepíček_praises_horses,1.0
Erb_2134,0,0_praise_sorrow_god_soul,0.0
Erb_2135,0,0_praise_sorrow_god_soul,0.0
Erb_2137,0,0_praise_sorrow_god_soul,0.0
Erb_2138,0,0_praise_sorrow_god_soul,0.0
Erb_2141,0,0_praise_sorrow_god_soul,0.0
Erb_2143,0,0_praise_sorrow_god_soul,0.0
Erb_2145,18,18_want farmer_pepíček_praises_horses,1.0
Erb_2146,0,0_praise_sorrow_god_soul,0.0
Erb_2150,0,0_praise_sorrow_god_soul,0.0
Erb_2151,0,0_praise_sorrow_god_soul,0.0
Erb_2153,0,0_praise_sorrow_god_soul,0.0
Erb_2154,21,21_bark_shouts_trees_flee,1.0
Erb_2159,0,0_praise_sorrow_god_soul,0.0
Erb_2160,0,0_praise_sorrow_god_soul,0.0
Erb_2163,0,0_praise_sorrow_god_soul,0.0
Erb_2166,0,0_praise_sorrow_god_soul,0.0
Erb_2169,0,0_praise_sorrow_god_soul,0.0
Erb_2170,23,23_spindle_spinning_rooster_spin,1.0
Erb_2171,25,25_little wine_heaven_drink little_lord god,1.0
Erb_2175,0,0_praise_sorrow_god_soul,0.0
Erb_2177,0,0_praise_sorrow_god_soul,0.0
Erb_2180,0,0_praise_sorrow_god_soul,0.0
THB_40,0,0_praise_sorrow_god_soul,0.0
THB_100,0,0_praise_sorrow_god_soul,0.0
THB_101,0,0_praise_sorrow_god_soul,0.0
THB_102,0,0_praise_sorrow_god_soul,0.0
THB_103,0,0_praise_sorrow_god_soul,0.0
THB_104,0,0_praise_sorrow_god_soul,0.0
THB_105,0,0_praise_sorrow_god_soul,0.0
h21305000012,25,25_little wine_heaven_drink little_lord god,0.7763604
e000151070015,0,0_praise_sorrow_god_soul,0.0
eys0617770000,25,25_little wine_heaven_drink little_lord god,1.0
eys0617830287,0,0_praise_sorrow_god_soul,0.0
h21304930008,25,25_little wine_heaven_drink little_lord god,1.0
e000076970008,0,0_praise_sorrow_god_soul,0.0
eys0807390339,0,0_praise_sorrow_god_soul,0.0
h21305400049,0,0_praise_sorrow_god_soul,0.0
e000093390023,0,0_praise_sorrow_god_soul,0.0
e000099700006,26,26_beautiful hay_mowed hay_hay_sheepfold,1.0
e000138100007,25,25_little wine_heaven_drink little_lord god,0.7787414
eys0910530166,0,0_praise_sorrow_god_soul,0.0
h21400660083,0,0_praise_sorrow_god_soul,0.0
eks1500010001,25,25_little wine_heaven_drink little_lord god,0.69344467
h31703830047,0,0_praise_sorrow_god_soul,0.0
e000093890060,0,0_praise_sorrow_god_soul,0.0
e000123260005,26,26_beautiful hay_mowed hay_hay_sheepfold,1.0
e000598850000,18,18_want farmer_pepíček_praises_horses,1.0
e000613860003,0,0_praise_sorrow_god_soul,0.0
ea00006930012,25,25_little wine_heaven_drink little_lord god,1.0
eks1500040003,0,0_praise_sorrow_god_soul,0.0
ekse00380000,0,0_praise_sorrow_god_soul,0.0
era200101440001,0,0_praise_sorrow_god_soul,0.0
era201101840004,0,0_praise_sorrow_god_soul,0.0
era201103470003,0,0_praise_sorrow_god_soul,0.0
era201400770017,0,0_praise_sorrow_god_soul,0.0
era201402870024,0,0_praise_sorrow_god_soul,0.0
era202401570002,0,0_praise_sorrow_god_soul,0.0
era202403540008,0,0_praise_sorrow_god_soul,0.0
era202403770004,0,0_praise_sorrow_god_soul,0.0
era203201730004,0,0_praise_sorrow_god_soul,0.0
estk4000600094,0,0_praise_sorrow_god_soul,0.0
eys0506170036,0,0_praise_sorrow_god_soul,0.0
eys0506300060,0,0_praise_sorrow_god_soul,0.0
eys0610680228,0,0_praise_sorrow_god_soul,0.0
eys0614410114,0,0_praise_sorrow_god_soul,0.0
eys0614660155,25,25_little wine_heaven_drink little_lord god,1.0
eys0614760170,23,23_spindle_spinning_rooster_spin,1.0
eys0614860183,26,26_beautiful hay_mowed hay_hay_sheepfold,1.0
eys0615110244,0,0_praise_sorrow_god_soul,0.0
eys0616190047,0,0_praise_sorrow_god_soul,0.0
eys0706630026,0,0_praise_sorrow_god_soul,0.0
eys0706800056,21,21_bark_shouts_trees_flee,0.47850183
eys0715340010,0,0_praise_sorrow_god_soul,0.0
eys0715460027,0,0_praise_sorrow_god_soul,0.0
eys0715690076,0,0_praise_sorrow_god_soul,0.0
eys0715960116,0,0_praise_sorrow_god_soul,0.0
eys0716160145,19,19_widow_widow widow_allow mother_green meadow,1.0
eys0716980268,20,20_lullaby lullaby_lullaby_lullaby baby_sleep lullaby,1.0
eys0716980269,0,0_praise_sorrow_god_soul,0.0
eys0717540369,0,0_praise_sorrow_god_soul,0.0
eys0717550372,0,0_praise_sorrow_god_soul,0.0
eys0722820026,0,0_praise_sorrow_god_soul,0.0
eys0722910041,0,0_praise_sorrow_god_soul,0.0
eys0722920043,0,0_praise_sorrow_god_soul,0.0
eys0723140094,0,0_praise_sorrow_god_soul,0.0
eys0723150096,23,23_spindle_spinning_rooster_spin,1.0
eys0805580059,0,0_praise_sorrow_god_soul,0.0
eys0805620068,18,18_want farmer_pepíček_praises_horses,1.0
eys0806100140,0,0_praise_sorrow_god_soul,0.0
eys0806530216,0,0_praise_sorrow_god_soul,0.0
eys0806880268,24,24_rice cake_rice fields_arirang arariyo_sangju,1.0
eys0808150447,0,0_praise_sorrow_god_soul,0.0
eys0808210454,0,0_praise_sorrow_god_soul,0.0
eys0808360479,0,0_praise_sorrow_god_soul,0.0
eys080837480b,0,0_praise_sorrow_god_soul,0.0
eys0811530008,23,23_spindle_spinning_rooster_spin,1.0
eys0811780054,25,25_little wine_heaven_drink little_lord god,1.0
eys0909490011,0,0_praise_sorrow_god_soul,0.0
eys0910020091,0,0_praise_sorrow_god_soul,0.0
eys0922830094,25,25_little wine_heaven_drink little_lord god,1.0
eys1022430016,0,0_praise_sorrow_god_soul,0.0
eys1022630061,12,12_dear maiden_praise_roses_joyful,1.0
eys1022780086,22,22_weaving song_song weaving_fairy_sound dragon,1.0
eys1022880100,0,0_praise_sorrow_god_soul,0.0
eys1029050081,0,0_praise_sorrow_god_soul,0.0
h10100180002,0,0_praise_sorrow_god_soul,0.0
h10101990032,0,0_praise_sorrow_god_soul,0.0
h10102020037,0,0_praise_sorrow_god_soul,0.0
h10102450128,0,0_praise_sorrow_god_soul,0.0
h10700370019,0,0_praise_sorrow_god_soul,0.0
h10700600059,0,0_praise_sorrow_god_soul,0.0
h20102850423,0,0_praise_sorrow_god_soul,0.0
h20102880426,0,0_praise_sorrow_god_soul,0.0
h21109540011,25,25_little wine_heaven_drink little_lord god,1.0
h21300830027,23,23_spindle_spinning_rooster_spin,1.0
h21301290022,13,13_lullaby baby_lullaby_lullaby lullaby_lullaby little,1.0
h21304900006,0,0_praise_sorrow_god_soul,0.0
h21304960009,0,0_praise_sorrow_god_soul,0.0
h21306030003,24,24_rice cake_rice fields_arirang arariyo_sangju,1.0
h21403410004,0,0_praise_sorrow_god_soul,0.0
h22609160021,25,25_little wine_heaven_drink little_lord god,0.5182954
h24000901036,0,0_praise_sorrow_god_soul,0.0
h24607080020,9,9_lullaby lullaby_lullaby_sleeping lullaby_lullaby sleeping,0.79989123
h25706320016,0,0_praise_sorrow_god_soul,0.0
h30101360004,0,0_praise_sorrow_god_soul,0.0
h30101400008,0,0_praise_sorrow_god_soul,0.0
h30400830001,25,25_little wine_heaven_drink little_lord god,1.0
h31708530008,0,0_praise_sorrow_god_soul,0.0
goheung-0512,0,0_praise_sorrow_god_soul,0.0
yeongdong-0104,0,0_praise_sorrow_god_soul,0.0
hwacheon-0217,0,0_praise_sorrow_god_soul,0.0
gn.goseong-0107,24,24_rice cake_rice fields_arirang arariyo_sangju,1.0
hampyeong-0402,20,20_lullaby lullaby_lullaby_lullaby baby_sleep lullaby,1.0
yeongam-0423,0,0_praise_sorrow_god_soul,0.0
icheon-0412,0,0_praise_sorrow_god_soul,0.0
jindo-0543,0,0_praise_sorrow_god_soul,0.0
cheolwon-0310,0,0_praise_sorrow_god_soul,0.0
namhae-0205,25,25_little wine_heaven_drink little_lord god,1.0
nonsan-0106,0,0_praise_sorrow_god_soul,0.0
ulsan-0919,0,0_praise_sorrow_god_soul,0.0
gochang-0712,9,9_lullaby lullaby_lullaby_sleeping lullaby_lullaby sleeping,1.0
yangyang-1208,3,3_farming_harvest_crescent moon_moon crescent,0.80898446
muju-0508,0,0_praise_sorrow_god_soul,0.0
yanggu-0929,0,0_praise_sorrow_god_soul,0.0
hwacheon-0208,0,0_praise_sorrow_god_soul,0.0
gangjin-0309,24,24_rice cake_rice fields_arirang arariyo_sangju,0.6903368
dalseong-0119,22,22_weaving song_song weaving_fairy_sound dragon,1.0
hampyeong-0404,0,0_praise_sorrow_god_soul,0.0
yeonggwang-0136,0,0_praise_sorrow_god_soul,0.0
hampyeong-0403,0,0_praise_sorrow_god_soul,0.0
gwangjusi-0235,22,22_weaving song_song weaving_fairy_sound dragon,0.76699185
andong-0223,13,13_lullaby baby_lullaby_lullaby lullaby_lullaby little,1.0
haenam-0523,13,13_lullaby baby_lullaby_lullaby lullaby_lullaby little,0.57134205
namhae-0206,25,25_little wine_heaven_drink little_lord god,0.4909917
mungyeong-0513,0,0_praise_sorrow_god_soul,0.0
yeonggwang-0225,22,22_weaving song_song weaving_fairy_sound dragon,0.58046293
seosan-0204,0,0_praise_sorrow_god_soul,0.0
sinan-0721,0,0_praise_sorrow_god_soul,0.0
inje-0209,0,0_praise_sorrow_god_soul,0.0
yeonggwang-0411,0,0_praise_sorrow_god_soul,0.0
yeongcheon-0223,0,0_praise_sorrow_god_soul,0.0
muju-0713,0,0_praise_sorrow_god_soul,0.0
damyang-0417,20,20_lullaby lullaby_lullaby_lullaby baby_sleep lullaby,0.5031468
hwacheon-0917,0,0_praise_sorrow_god_soul,0.0
dalseong-0308,0,0_praise_sorrow_god_soul,0.0
dalseong-0213,9,9_lullaby lullaby_lullaby_sleeping lullaby_lullaby sleeping,0.5162702
eumseong-0512,0,0_praise_sorrow_god_soul,0.0
sancheong-0118,12,12_dear maiden_praise_roses_joyful,1.0
gwangyang-0108,8,8_holy evening_wreath_praise god_evening good,0.7034082
chilgok-0403,22,22_weaving song_song weaving_fairy_sound dragon,0.5097367
cheongsong-0228,0,0_praise_sorrow_god_soul,0.0
gyeongsan-0703,0,0_praise_sorrow_god_soul,0.0
yeocheon-0231,0,0_praise_sorrow_god_soul,0.0
hongcheon-1312,0,0_praise_sorrow_god_soul,0.0
wando-0233,20,20_lullaby lullaby_lullaby_lullaby baby_sleep lullaby,0.76690274
gimje-0508,0,0_praise_sorrow_god_soul,0.0
gyeongju-0210,20,20_lullaby lullaby_lullaby_lullaby baby_sleep lullaby,1.0
damyang-0419,0,0_praise_sorrow_god_soul,0.0
yeonggwang-0519,0,0_praise_sorrow_god_soul,0.0
gn.goseong-0602,0,0_praise_sorrow_god_soul,0.0
jinan-0605,23,23_spindle_spinning_rooster_spin,1.0
milyang-1008,0,0_praise_sorrow_god_soul,0.0
pyeongchang-1112,0,0_praise_sorrow_god_soul,0.0
goheung-0114,0,0_praise_sorrow_god_soul,0.0
wando-0520,0,0_praise_sorrow_god_soul,0.0
goesan-0120,23,23_spindle_spinning_rooster_spin,1.0
yangyang-2207,3,3_farming_harvest_crescent moon_moon crescent,1.0
jeongseon-1406,24,24_rice cake_rice fields_arirang arariyo_sangju,1.0
namwon-0313,0,0_praise_sorrow_god_soul,0.0
yeongyang-0120,0,0_praise_sorrow_god_soul,0.0
geochang-0222,12,12_dear maiden_praise_roses_joyful,1.0
sangju-1409,0,0_praise_sorrow_god_soul,0.0
seongju-0303,22,22_weaving song_song weaving_fairy_sound dragon,1.0
gokseong-0106,26,26_beautiful hay_mowed hay_hay_sheepfold,1.0
bonghwa-0204,0,0_praise_sorrow_god_soul,0.0
hwacheon-0216,0,0_praise_sorrow_god_soul,0.0
yeonggwang-0420,25,25_little wine_heaven_drink little_lord god,1.0
yeongwol-0306,0,0_praise_sorrow_god_soul,0.0
ulreung-0223,0,0_praise_sorrow_god_soul,0.0
icheon-0410,0,0_praise_sorrow_god_soul,0.0
bonghwa-0707,0,0_praise_sorrow_god_soul,0.0
bonghwa-0720,0,0_praise_sorrow_god_soul,0.0
yeongil-0332,24,24_rice cake_rice fields_arirang arariyo_sangju,0.9336714
jindo-0545,23,23_spindle_spinning_rooster_spin,1.0
cheolwon-0813,0,0_praise_sorrow_god_soul,0.0
muju-0441,0,0_praise_sorrow_god_soul,0.0
jeongseon-1316,0,0_praise_sorrow_god_soul,0.0
hampyeong-0439,24,24_rice cake_rice fields_arirang arariyo_sangju,1.0
seongju-0336,0,0_praise_sorrow_god_soul,0.0
cheolwon-1212,0,0_praise_sorrow_god_soul,0.0
hampyeong-0428,0,0_praise_sorrow_god_soul,0.0
jangheung-0229,0,0_praise_sorrow_god_soul,0.0
goheung-0113,24,24_rice cake_rice fields_arirang arariyo_sangju,1.0
eumseong-0528,0,0_praise_sorrow_god_soul,0.0
hampyeong-0602,13,13_lullaby baby_lullaby_lullaby lullaby_lullaby little,0.3393184
yecheon-0704,0,0_praise_sorrow_god_soul,0.0
imsil-0520,0,0_praise_sorrow_god_soul,0.0
sangju-0820,0,0_praise_sorrow_god_soul,0.0
yeongdeok-0333,0,0_praise_sorrow_god_soul,0.0
cheongsong-0521,0,0_praise_sorrow_god_soul,0.0
bonghwa-0706,0,0_praise_sorrow_god_soul,0.0
dalseong-0531,0,0_praise_sorrow_god_soul,0.0
seocheon-0202,14,14_mandarin ducks_longing_mandarin_giyeok,1.0
gimje-0518,0,0_praise_sorrow_god_soul,0.0
yanggu-0716,0,0_praise_sorrow_god_soul,0.0
seungju-0203,23,23_spindle_spinning_rooster_spin,0.50592226
wando-0523,0,0_praise_sorrow_god_soul,0.0
goheung-0408,0,0_praise_sorrow_god_soul,0.0
bonghwa-0614,0,0_praise_sorrow_god_soul,0.0
gochang-0525,0,0_praise_sorrow_god_soul,0.0
seongju-0629,9,9_lullaby lullaby_lullaby_sleeping lullaby_lullaby sleeping,0.70643425
yeonggwang-0614,25,25_little wine_heaven_drink little_lord god,1.0
gw.goseong-0516,0,0_praise_sorrow_god_soul,0.0
yangyang-0511,0,0_praise_sorrow_god_soul,0.0
geumreung-0135,0,0_praise_sorrow_god_soul,0.0
uljin-1002,0,0_praise_sorrow_god_soul,0.0
naju-0219,0,0_praise_sorrow_god_soul,0.0
buan-0615,0,0_praise_sorrow_god_soul,0.0
geumsan-0806,0,0_praise_sorrow_god_soul,0.0
muan-0704,20,20_lullaby lullaby_lullaby_lullaby baby_sleep lullaby,1.0
hampyeong-0408,0,0_praise_sorrow_god_soul,0.0
hoengseong-0425,3,3_farming_harvest_crescent moon_moon crescent,1.0
jindo-0523,23,23_spindle_spinning_rooster_spin,1.0
bonghwa-0403,0,0_praise_sorrow_god_soul,0.0
pyeongchang-0806,0,0_praise_sorrow_god_soul,0.0
yeongdeok-0208,0,0_praise_sorrow_god_soul,0.0
sinan-1013,0,0_praise_sorrow_god_soul,0.0
sinan-0314,0,0_praise_sorrow_god_soul,0.0
yeongdeok-0207,22,22_weaving song_song weaving_fairy_sound dragon,1.0
samcheok-1207,0,0_praise_sorrow_god_soul,0.0
yecheon-0422,0,0_praise_sorrow_god_soul,0.0
gangjin-0601,0,0_praise_sorrow_god_soul,0.0
sinan-0427,0,0_praise_sorrow_god_soul,0.0
seungju-0304,0,0_praise_sorrow_god_soul,0.0
tongyeong-0413,20,20_lullaby lullaby_lullaby_lullaby baby_sleep lullaby,1.0
yeongam-0224,0,0_praise_sorrow_god_soul,0.0
gangjin-0602,20,20_lullaby lullaby_lullaby_lullaby baby_sleep lullaby,1.0
samcheok-1104,0,0_praise_sorrow_god_soul,0.0
jungwon-0334,0,0_praise_sorrow_god_soul,0.0
haenam-0127,0,0_praise_sorrow_god_soul,0.0
geumreung-0433,24,24_rice cake_rice fields_arirang arariyo_sangju,0.5159428
muju-0704,0,0_praise_sorrow_god_soul,0.0
gn.goseong-0519,0,0_praise_sorrow_god_soul,0.0
geochang-0315,20,20_lullaby lullaby_lullaby_lullaby baby_sleep lullaby,1.0
jinan-0603,0,0_praise_sorrow_god_soul,0.0
gangjin-0618,0,0_praise_sorrow_god_soul,0.0
gangjin-0716,24,24_rice cake_rice fields_arirang arariyo_sangju,0.5887673
yeocheon-0327,0,0_praise_sorrow_god_soul,0.0
bonghwa-0311,9,9_lullaby lullaby_lullaby_sleeping lullaby_lullaby sleeping,1.0
gangjin-0312,22,22_weaving song_song weaving_fairy_sound dragon,1.0
yeonggwang-0609,0,0_praise_sorrow_god_soul,0.0
hapcheon-0516,0,0_praise_sorrow_god_soul,0.0
gangjin-0626,20,20_lullaby lullaby_lullaby_lullaby baby_sleep lullaby,1.0
tongyeong-0304,0,0_praise_sorrow_god_soul,0.0
damyang-0122,0,0_praise_sorrow_god_soul,0.0
haenam-0411,0,0_praise_sorrow_god_soul,0.0
muan-0155,0,0_praise_sorrow_god_soul,0.0
gangjin-0212,0,0_praise_sorrow_god_soul,0.0
yeongil-0524,0,0_praise_sorrow_god_soul,0.0
geumreung-0206,0,0_praise_sorrow_god_soul,0.0
gyeongju-0211,20,20_lullaby lullaby_lullaby_lullaby baby_sleep lullaby,1.0
samcheok-1012,0,0_praise_sorrow_god_soul,0.0
chilgok-0606,0,0_praise_sorrow_god_soul,0.0
uljin-0115,0,0_praise_sorrow_god_soul,0.0
inje-0105,0,0_praise_sorrow_god_soul,0.0
gimhae-0212,0,0_praise_sorrow_god_soul,0.0
jeongseon-0724,0,0_praise_sorrow_god_soul,0.0
hoengseong-0107,3,3_farming_harvest_crescent moon_moon crescent,1.0
chilgok-0471,0,0_praise_sorrow_god_soul,0.0
naju-0319,0,0_praise_sorrow_god_soul,0.0
boeun-0211,9,9_lullaby lullaby_lullaby_sleeping lullaby_lullaby sleeping,0.37691984
yeongam-0512,12,12_dear maiden_praise_roses_joyful,0.6141419
ulreung-0209,0,0_praise_sorrow_god_soul,0.0
seongju-0313,22,22_weaving song_song weaving_fairy_sound dragon,0.61298716
tongyeong-0713,0,0_praise_sorrow_god_soul,0.0
geoje-0521,0,0_praise_sorrow_god_soul,0.0
yeocheon-0227,28,28_joyful spirit_bride_feast_noblemen,1.0
yeongdeok-0309,0,0_praise_sorrow_god_soul,0.0
yeonggwang-0142,13,13_lullaby baby_lullaby_lullaby lullaby_lullaby little,0.51001656
gn.goseong-0531,24,24_rice cake_rice fields_arirang arariyo_sangju,1.0
yeongdeok-0204,24,24_rice cake_rice fields_arirang arariyo_sangju,0.6292052
hadong-0136,0,0_praise_sorrow_god_soul,0.0
jangsu-0233,28,28_joyful spirit_bride_feast_noblemen,1.0
yecheon-0503,0,0_praise_sorrow_god_soul,0.0
jeongseon-1111,0,0_praise_sorrow_god_soul,0.0
chilgok-0402,0,0_praise_sorrow_god_soul,0.0
sancheong-0509,0,0_praise_sorrow_god_soul,0.0
wando-0718,9,9_lullaby lullaby_lullaby_sleeping lullaby_lullaby sleeping,0.46123138
wando-0408,24,24_rice cake_rice fields_arirang arariyo_sangju,1.0
iksan-0206,0,0_praise_sorrow_god_soul,0.0
jangsu-0342,25,25_little wine_heaven_drink little_lord god,1.0
sancheong-0443,0,0_praise_sorrow_god_soul,0.0
wanju-0523,0,0_praise_sorrow_god_soul,0.0
daejeon-0510,20,20_lullaby lullaby_lullaby_lullaby baby_sleep lullaby,1.0
seungju-0307,0,0_praise_sorrow_god_soul,0.0
samcheok-1209,0,0_praise_sorrow_god_soul,0.0
jinyang-0907,0,0_praise_sorrow_god_soul,0.0
jungwon-0336,0,0_praise_sorrow_god_soul,0.0
jinan-0626,0,0_praise_sorrow_god_soul,0.0
eumseong-0518,0,0_praise_sorrow_god_soul,0.0
yeongyang-0118,0,0_praise_sorrow_god_soul,0.0
milyang-1009,0,0_praise_sorrow_god_soul,0.0
uljin-0613,0,0_praise_sorrow_god_soul,0.0
sinan-0117,0,0_praise_sorrow_god_soul,0.0
sancheong-0527,0,0_praise_sorrow_god_soul,0.0
jangheung-0514,0,0_praise_sorrow_god_soul,0.0
cheongdo-0111,0,0_praise_sorrow_god_soul,0.0
seongju-0143,20,20_lullaby lullaby_lullaby_lullaby baby_sleep lullaby,1.0
yeocheon-0326,20,20_lullaby lullaby_lullaby_lullaby baby_sleep lullaby,0.6456684
yangyang-1805,24,24_rice cake_rice fields_arirang arariyo_sangju,1.0
jeongseon-0723,0,0_praise_sorrow_god_soul,0.0
uljin-0719,24,24_rice cake_rice fields_arirang arariyo_sangju,1.0
gunwi-0238,0,0_praise_sorrow_god_soul,0.0
goheung-0221,0,0_praise_sorrow_god_soul,0.0
yanggu-0408,0,0_praise_sorrow_god_soul,0.0
samcheok-1017,24,24_rice cake_rice fields_arirang arariyo_sangju,0.7132493
imsil-0208,9,9_lullaby lullaby_lullaby_sleeping lullaby_lullaby sleeping,1.0
hwacheon-0209,20,20_lullaby lullaby_lullaby_lullaby baby_sleep lullaby,1.0
yeonggwang-0612,26,26_beautiful hay_mowed hay_hay_sheepfold,1.0
cheolwon-1201,20,20_lullaby lullaby_lullaby_lullaby baby_sleep lullaby,1.0
dalseong-0335,0,0_praise_sorrow_god_soul,0.0
jeongseon-0726,0,0_praise_sorrow_god_soul,0.0
yeongcheon-0120,0,0_praise_sorrow_god_soul,0.0
milyang-1711,0,0_praise_sorrow_god_soul,0.0
nonsan-0201,26,26_beautiful hay_mowed hay_hay_sheepfold,1.0
haman-0128,0,0_praise_sorrow_god_soul,0.0
bonghwa-0712,0,0_praise_sorrow_god_soul,0.0
bonghwa-0312,9,9_lullaby lullaby_lullaby_sleeping lullaby_lullaby sleeping,1.0
jangseong-0228,24,24_rice cake_rice fields_arirang arariyo_sangju,1.0
goheung-0220,0,0_praise_sorrow_god_soul,0.0
gokseong-0413,0,0_praise_sorrow_god_soul,0.0
cheolwon-1214,20,20_lullaby lullaby_lullaby_lullaby baby_sleep lullaby,1.0
hampyeong-0603,20,20_lullaby lullaby_lullaby_lullaby baby_sleep lullaby,1.0
euiryeong-0508,0,0_praise_sorrow_god_soul,0.0
inje-0208,0,0_praise_sorrow_god_soul,0.0
gangjin-0714,9,9_lullaby lullaby_lullaby_sleeping lullaby_lullaby sleeping,1.0
chilgok-0318,0,0_praise_sorrow_god_soul,0.0
bukjeju-1512,0,0_praise_sorrow_god_soul,0.0
bonghwa-0713,20,20_lullaby lullaby_lullaby_lullaby baby_sleep lullaby,1.0
jangheung-0219,0,0_praise_sorrow_god_soul,0.0
jangseong-0235,0,0_praise_sorrow_god_soul,0.0
seosan-0706,0,0_praise_sorrow_god_soul,0.0
gw.goseong-1210,0,0_praise_sorrow_god_soul,0.0
gw.goseong-0607,24,24_rice cake_rice fields_arirang arariyo_sangju,0.9391601
yeongdeok-0202,0,0_praise_sorrow_god_soul,0.0
sancheong-0422,20,20_lullaby lullaby_lullaby_lullaby baby_sleep lullaby,0.658305
dalseong-0214,9,9_lullaby lullaby_lullaby_sleeping lullaby_lullaby sleeping,0.5056631
chuncheon-0313,0,0_praise_sorrow_god_soul,0.0
boeun-0412,0,0_praise_sorrow_god_soul,0.0
gangjin-0319,0,0_praise_sorrow_god_soul,0.0
boseong-0135,0,0_praise_sorrow_god_soul,0.0
wanju-0424,20,20_lullaby lullaby_lullaby_lullaby baby_sleep lullaby,1.0
seongju-0833,12,12_dear maiden_praise_roses_joyful,1.0
hamyang-0328,0,0_praise_sorrow_god_soul,0.0
yanggu-0302,0,0_praise_sorrow_god_soul,0.0
yeonggwang-0611,0,0_praise_sorrow_god_soul,0.0
muju-0703,0,0_praise_sorrow_god_soul,0.0
yeongam-0520,0,0_praise_sorrow_god_soul,0.0
jeongeup-0462,0,0_praise_sorrow_god_soul,0.0
hwasun-0312,23,23_spindle_spinning_rooster_spin,0.74193317
yangyang-1206,0,0_praise_sorrow_god_soul,0.0
jungwon-0335,0,0_praise_sorrow_god_soul,0.0
gn.goseong-0211,0,0_praise_sorrow_god_soul,0.0
dalseong-0302,22,22_weaving song_song weaving_fairy_sound dragon,1.0
ulreung-0224,0,0_praise_sorrow_god_soul,0.0
haman-0616,0,0_praise_sorrow_god_soul,0.0
nonsan-0101,0,0_praise_sorrow_god_soul,0.0
mungyeong-0317,0,0_praise_sorrow_god_soul,0.0
jangheung-0411,0,0_praise_sorrow_god_soul,0.0
gimje-0310,0,0_praise_sorrow_god_soul,0.0
naju-0332,0,0_praise_sorrow_god_soul,0.0
yeongil-0616,20,20_lullaby lullaby_lullaby_lullaby baby_sleep lullaby,1.0
seungju-0319,0,0_praise_sorrow_god_soul,0.0
sangju-0817,25,25_little wine_heaven_drink little_lord god,1.0
gwangjusi-0140,0,0_praise_sorrow_god_soul,0.0
gangjin-0711,0,0_praise_sorrow_god_soul,0.0
geumsan-1106,24,24_rice cake_rice fields_arirang arariyo_sangju,1.0
milyang-0606,25,25_little wine_heaven_drink little_lord god,0.57391155
sancheong-0441,0,0_praise_sorrow_god_soul,0.0
jangheung-0515,0,0_praise_sorrow_god_soul,0.0
haenam-0128,0,0_praise_sorrow_god_soul,0.0
yanggu-0435,0,0_praise_sorrow_god_soul,0.0
jindo-0108,0,0_praise_sorrow_god_soul,0.0
hadong-0409,24,24_rice cake_rice fields_arirang arariyo_sangju,0.5041624
hapcheon-0510,0,0_praise_sorrow_god_soul,0.0
milyang-0604,26,26_beautiful hay_mowed hay_hay_sheepfold,1.0
hwasun-0311,0,0_praise_sorrow_god_soul,0.0
muan-0705,0,0_praise_sorrow_god_soul,0.0
seungju-0340,0,0_praise_sorrow_god_soul,0.0
pyeongchang-1114,3,3_farming_harvest_crescent moon_moon crescent,1.0
yangyang-2101,0,0_praise_sorrow_god_soul,0.0
jangheung-0228,0,0_praise_sorrow_god_soul,0.0
geochang-0509,0,0_praise_sorrow_god_soul,0.0
imsil-0510,0,0_praise_sorrow_god_soul,0.0
chilgok-0301,20,20_lullaby lullaby_lullaby_lullaby baby_sleep lullaby,1.0
yanggu-0110,0,0_praise_sorrow_god_soul,0.0
seongju-0641,0,0_praise_sorrow_god_soul,0.0
jeongseon-0811,0,0_praise_sorrow_god_soul,0.0
namhae-0110,0,0_praise_sorrow_god_soul,0.0
ulsan-0409,22,22_weaving song_song weaving_fairy_sound dragon,1.0
wando-0407,20,20_lullaby lullaby_lullaby_lullaby baby_sleep lullaby,1.0
seungju-0342,24,24_rice cake_rice fields_arirang arariyo_sangju,1.0
naju-0311,0,0_praise_sorrow_god_soul,0.0
hampyeong-0139,0,0_praise_sorrow_god_soul,0.0
bonghwa-0705,0,0_praise_sorrow_god_soul,0.0
hampyeong-0612,0,0_praise_sorrow_god_soul,0.0
euiryeong-0326,0,0_praise_sorrow_god_soul,0.0
namwon-0713,20,20_lullaby lullaby_lullaby_lullaby baby_sleep lullaby,1.0
goryeong-0614,22,22_weaving song_song weaving_fairy_sound dragon,1.0
yeongdeok-0138,0,0_praise_sorrow_god_soul,0.0
jangheung-0225,23,23_spindle_spinning_rooster_spin,1.0
yeongam-0218,0,0_praise_sorrow_god_soul,0.0
chilgok-0316,0,0_praise_sorrow_god_soul,0.0
euiseong-0721,0,0_praise_sorrow_god_soul,0.0
sancheong-0523,0,0_praise_sorrow_god_soul,0.0
sacheon-0110,0,0_praise_sorrow_god_soul,0.0
boseong-0138,20,20_lullaby lullaby_lullaby_lullaby baby_sleep lullaby,1.0
uljin-1003,22,22_weaving song_song weaving_fairy_sound dragon,1.0
ganghwa-0702,0,0_praise_sorrow_god_soul,0.0
incheon-0102,0,0_praise_sorrow_god_soul,0.0
goheung-0230,20,20_lullaby lullaby_lullaby_lullaby baby_sleep lullaby,1.0
yangyang-0314,3,3_farming_harvest_crescent moon_moon crescent,1.0
cheolwon-0812,0,0_praise_sorrow_god_soul,0.0
yecheon-0504,0,0_praise_sorrow_god_soul,0.0
naju-0411,0,0_praise_sorrow_god_soul,0.0
yecheon-0423,0,0_praise_sorrow_god_soul,0.0
yeonggwang-0433,0,0_praise_sorrow_god_soul,0.0
yangyang-1502,0,0_praise_sorrow_god_soul,0.0
naju-0212,0,0_praise_sorrow_god_soul,0.0
yeongwol-0106,0,0_praise_sorrow_god_soul,0.0
euiseong-0231,0,0_praise_sorrow_god_soul,0.0
euiryeong-0214,0,0_praise_sorrow_god_soul,0.0
jangheung-0221,0,0_praise_sorrow_god_soul,0.0
goheung-0112,0,0_praise_sorrow_god_soul,0.0
wando-0223,21,21_bark_shouts_trees_flee,0.83794916
hamyang-0140,0,0_praise_sorrow_god_soul,0.0
yecheon-0424,0,0_praise_sorrow_god_soul,0.0
chilgok-0317,0,0_praise_sorrow_god_soul,0.0
gw.goseong-0604,0,0_praise_sorrow_god_soul,0.0
goryeong-0529,22,22_weaving song_song weaving_fairy_sound dragon,1.0
haenam-0130,0,0_praise_sorrow_god_soul,0.0
sangju-1008,0,0_praise_sorrow_god_soul,0.0
yangsan-0214,24,24_rice cake_rice fields_arirang arariyo_sangju,0.5959275
boseong-0126,25,25_little wine_heaven_drink little_lord god,1.0
haenam-0409,25,25_little wine_heaven_drink little_lord god,0.7793751
sinan-0614,0,0_praise_sorrow_god_soul,0.0
boseong-0134,20,20_lullaby lullaby_lullaby_lullaby baby_sleep lullaby,1.0
yangyang-2103,0,0_praise_sorrow_god_soul,0.0
sangju-1039,0,0_praise_sorrow_god_soul,0.0
boseong-0142,18,18_want farmer_pepíček_praises_horses,1.0
ulreung-0325,0,0_praise_sorrow_god_soul,0.0
gwangyang-0114,25,25_little wine_heaven_drink little_lord god,0.82885426
wando-0423,0,0_praise_sorrow_god_soul,0.0
seongju-0827,22,22_weaving song_song weaving_fairy_sound dragon,1.0
haenam-0414,0,0_praise_sorrow_god_soul,0.0
hoengseong-0424,3,3_farming_harvest_crescent moon_moon crescent,1.0
boseong-0123,19,19_widow_widow widow_allow mother_green meadow,1.0
goheung-0115,20,20_lullaby lullaby_lullaby_lullaby baby_sleep lullaby,1.0
samcheok-1001,0,0_praise_sorrow_god_soul,0.0
gokseong-0409,24,24_rice cake_rice fields_arirang arariyo_sangju,0.5368093
yeongam-0514,20,20_lullaby lullaby_lullaby_lullaby baby_sleep lullaby,1.0
geochang-0510,0,0_praise_sorrow_god_soul,0.0
geumsan-0920,0,0_praise_sorrow_god_soul,0.0
cheolwon-1019,0,0_praise_sorrow_god_soul,0.0
geumsan-0917,24,24_rice cake_rice fields_arirang arariyo_sangju,1.0
yeongam-0424,0,0_praise_sorrow_god_soul,0.0
gw.goseong-0708,0,0_praise_sorrow_god_soul,0.0
changwon-0208,0,0_praise_sorrow_god_soul,0.0
gimhae-0304,0,0_praise_sorrow_god_soul,0.0
cheolwon-1051,22,22_weaving song_song weaving_fairy_sound dragon,1.0
gunwi-0239,0,0_praise_sorrow_god_soul,0.0
imsil-0218,22,22_weaving song_song weaving_fairy_sound dragon,1.0
hampyeong-0443,0,0_praise_sorrow_god_soul,0.0
jinyang-0911,0,0_praise_sorrow_god_soul,0.0
geoje-0618,0,0_praise_sorrow_god_soul,0.0
cheongdo-0515,0,0_praise_sorrow_god_soul,0.0
yeongwol-0107,22,22_weaving song_song weaving_fairy_sound dragon,1.0
seungju-0346,0,0_praise_sorrow_god_soul,0.0
yeocheon-0225,0,0_praise_sorrow_god_soul,0.0
seocheon-0720,0,0_praise_sorrow_god_soul,0.0
gimhae-0110,22,22_weaving song_song weaving_fairy_sound dragon,1.0
namwon-0312,0,0_praise_sorrow_god_soul,0.0
yeongdeok-0203,0,0_praise_sorrow_god_soul,0.0
hongcheon-0411,0,0_praise_sorrow_god_soul,0.0
bonghwa-0711,0,0_praise_sorrow_god_soul,0.0
tongyeong-0710,24,24_rice cake_rice fields_arirang arariyo_sangju,1.0
imsil-0209,0,0_praise_sorrow_god_soul,0.0
goheung-0110,0,0_praise_sorrow_god_soul,0.0
cheongdo-0705,0,0_praise_sorrow_god_soul,0.0
hapcheon-0509,0,0_praise_sorrow_god_soul,0.0
wando-0207,0,0_praise_sorrow_god_soul,0.0
jangsu-0223,9,9_lullaby lullaby_lullaby_sleeping lullaby_lullaby sleeping,0.6771097
gunwi-0240,20,20_lullaby lullaby_lullaby_lullaby baby_sleep lullaby,1.0
goheung-0119,0,0_praise_sorrow_god_soul,0.0
damyang-0124,0,0_praise_sorrow_god_soul,0.0
sinan-0805,0,0_praise_sorrow_god_soul,0.0
yeongil-0512,25,25_little wine_heaven_drink little_lord god,1.0
yecheon-0821,19,19_widow_widow widow_allow mother_green meadow,1.0
wonju-0222,0,0_praise_sorrow_god_soul,0.0
damyang-0115,0,0_praise_sorrow_god_soul,0.0
hadong-0410,20,20_lullaby lullaby_lullaby_lullaby baby_sleep lullaby,1.0
hampyeong-0522,0,0_praise_sorrow_god_soul,0.0
mungyeong-0510,0,0_praise_sorrow_god_soul,0.0
sinan-1121,0,0_praise_sorrow_god_soul,0.0
seungju-0112,0,0_praise_sorrow_god_soul,0.0
jeongseon-0810,0,0_praise_sorrow_god_soul,0.0
hongcheon-0406,3,3_farming_harvest_crescent moon_moon crescent,1.0
chilgok-0314,0,0_praise_sorrow_god_soul,0.0
cheolwon-1205,0,0_praise_sorrow_god_soul,0.0
goesan-0315,22,22_weaving song_song weaving_fairy_sound dragon,1.0
yecheon-0809,0,0_praise_sorrow_god_soul,0.0
yeonggwang-0238,0,0_praise_sorrow_god_soul,0.0
haenam-0511,0,0_praise_sorrow_god_soul,0.0
boryeong-0231,0,0_praise_sorrow_god_soul,0.0
jangsu-0113,20,20_lullaby lullaby_lullaby_lullaby baby_sleep lullaby,1.0
dalseong-0307,0,0_praise_sorrow_god_soul,0.0
yangyang-1714,24,24_rice cake_rice fields_arirang arariyo_sangju,0.98019964
cheolwon-1203,0,0_praise_sorrow_god_soul,0.0
yangyang-2102,0,0_praise_sorrow_god_soul,0.0
namhae-0219,0,0_praise_sorrow_god_soul,0.0
naju-0511,0,0_praise_sorrow_god_soul,0.0
seungju-0339,25,25_little wine_heaven_drink little_lord god,1.0
muju-0401,19,19_widow_widow widow_allow mother_green meadow,1.0
naju-0331,25,25_little wine_heaven_drink little_lord god,1.0
sinan-0118,24,24_rice cake_rice fields_arirang arariyo_sangju,1.0
daejeon-0501,0,0_praise_sorrow_god_soul,0.0
jungwon-0337,0,0_praise_sorrow_god_soul,0.0
sacheon-0210,0,0_praise_sorrow_god_soul,0.0
namhae-0315,0,0_praise_sorrow_god_soul,0.0
bukjeju-0219,0,0_praise_sorrow_god_soul,0.0
geoje-0409,0,0_praise_sorrow_god_soul,0.0
hampyeong-0518,23,23_spindle_spinning_rooster_spin,0.50706255
jangheung-0509,20,20_lullaby lullaby_lullaby_lullaby baby_sleep lullaby,1.0
haenam-0433,0,0_praise_sorrow_god_soul,0.0
boryeong-0232,0,0_praise_sorrow_god_soul,0.0
gangjin-0310,0,0_praise_sorrow_god_soul,0.0
geoje-0417,0,0_praise_sorrow_god_soul,0.0
seungju-0347,20,20_lullaby lullaby_lullaby_lullaby baby_sleep lullaby,1.0
chilgok-0514,0,0_praise_sorrow_god_soul,0.0
jinyang-0406,0,0_praise_sorrow_god_soul,0.0
ulsan-0908,25,25_little wine_heaven_drink little_lord god,0.5116082
gwangyang-0113,25,25_little wine_heaven_drink little_lord god,1.0
sinan-0843,0,0_praise_sorrow_god_soul,0.0
geumsan-1108,24,24_rice cake_rice fields_arirang arariyo_sangju,1.0
jindo-0109,0,0_praise_sorrow_god_soul,0.0
sinan-0913,23,23_spindle_spinning_rooster_spin,1.0
ulsan-0421,24,24_rice cake_rice fields_arirang arariyo_sangju,1.0
hamyang-0106,0,0_praise_sorrow_god_soul,0.0
cheolwon-1020,0,0_praise_sorrow_god_soul,0.0
jangheung-0220,0,0_praise_sorrow_god_soul,0.0
seonsan-0609,20,20_lullaby lullaby_lullaby_lullaby baby_sleep lullaby,1.0
hampyeong-0422,0,0_praise_sorrow_god_soul,0.0
tongyeong-0625,0,0_praise_sorrow_god_soul,0.0
yeongil-0606,0,0_praise_sorrow_god_soul,0.0
namwon-0311,0,0_praise_sorrow_god_soul,0.0
goheung-0407,0,0_praise_sorrow_god_soul,0.0
jangseong-0538,0,0_praise_sorrow_god_soul,0.0
yeongdeok-0209,24,24_rice cake_rice fields_arirang arariyo_sangju,1.0
jungwon-0338,0,0_praise_sorrow_god_soul,0.0
seungju-0336,19,19_widow_widow widow_allow mother_green meadow,0.53850895
hamyang-0139,0,0_praise_sorrow_god_soul,0.0
yecheon-0309,0,0_praise_sorrow_god_soul,0.0
tongyeong-0614,0,0_praise_sorrow_god_soul,0.0
yangyang-0510,0,0_praise_sorrow_god_soul,0.0
jeongseon-0809,0,0_praise_sorrow_god_soul,0.0
hampyeong-0517,0,0_praise_sorrow_god_soul,0.0
yeongam-0516,0,0_praise_sorrow_god_soul,0.0
cheolwon-0807,0,0_praise_sorrow_god_soul,0.0
hampyeong-0444,12,12_dear maiden_praise_roses_joyful,1.0
gn.goseong-0319,0,0_praise_sorrow_god_soul,0.0
yangyang-1315,3,3_farming_harvest_crescent moon_moon crescent,1.0
goheung-0513,0,0_praise_sorrow_god_soul,0.0
gokseong-0105,0,0_praise_sorrow_god_soul,0.0
sangju-1014,0,0_praise_sorrow_god_soul,0.0
gwangjusi-0147,0,0_praise_sorrow_god_soul,0.0
gimje-0511,0,0_praise_sorrow_god_soul,0.0
hampyeong-0523,0,0_praise_sorrow_god_soul,0.0
sinan-0216,0,0_praise_sorrow_god_soul,0.0
nonsan-0105,0,0_praise_sorrow_god_soul,0.0
wonju-0106,0,0_praise_sorrow_god_soul,0.0
sangju-1009,0,0_praise_sorrow_god_soul,0.0
geoje-0616,26,26_beautiful hay_mowed hay_hay_sheepfold,0.53693014
euiseong-0232,0,0_praise_sorrow_god_soul,0.0
hwacheon-0312,0,0_praise_sorrow_god_soul,0.0
inje-0210,24,24_rice cake_rice fields_arirang arariyo_sangju,1.0
daejeon-0511,0,0_praise_sorrow_god_soul,0.0
muan-0319,0,0_praise_sorrow_god_soul,0.0
hwasun-0201,20,20_lullaby lullaby_lullaby_lullaby baby_sleep lullaby,1.0
young_wedding_both_348,0,0_praise_sorrow_god_soul,0.0
young_wedding_both_349,0,0_praise_sorrow_god_soul,0.0
young_wedding_both_350,0,0_praise_sorrow_god_soul,0.0
young_wedding_both_351,28,28_joyful spirit_bride_feast_noblemen,1.0
young_wedding_both_352,0,0_praise_sorrow_god_soul,0.0
young_wedding_both_353,0,0_praise_sorrow_god_soul,0.0
young_wedding_both_354,0,0_praise_sorrow_god_soul,0.0
young_wedding_both_355,0,0_praise_sorrow_god_soul,0.0
young_wedding_both_356,0,0_praise_sorrow_god_soul,0.0
young_wedding_both_357,0,0_praise_sorrow_god_soul,0.0
young_wedding_both_358,25,25_little wine_heaven_drink little_lord god,0.6885737
young_wedding_both_359,25,25_little wine_heaven_drink little_lord god,1.0
young_wedding_both_360,0,0_praise_sorrow_god_soul,0.0
young_wedding_both_361,25,25_little wine_heaven_drink little_lord god,0.78962123
young_wedding_both_362,0,0_praise_sorrow_god_soul,0.0
young_wedding_both_363,12,12_dear maiden_praise_roses_joyful,1.0
young_wedding_both_364,0,0_praise_sorrow_god_soul,0.0
young_wedding_both_365,0,0_praise_sorrow_god_soul,0.0
young_wedding_both_366,0,0_praise_sorrow_god_soul,0.0
young_wedding_both_367,0,0_praise_sorrow_god_soul,0.0
young_wedding_both_368,0,0_praise_sorrow_god_soul,0.0
young_wedding_both_369,0,0_praise_sorrow_god_soul,0.0
young_wedding_both_370,0,0_praise_sorrow_god_soul,0.0
young_wedding_both_371,0,0_praise_sorrow_god_soul,0.0
young_wedding_both_372,25,25_little wine_heaven_drink little_lord god,1.0
young_wedding_both_373,0,0_praise_sorrow_god_soul,0.0
young_wedding_both_374,0,0_praise_sorrow_god_soul,0.0
young_wedding_both_375,24,24_rice cake_rice fields_arirang arariyo_sangju,1.0
young_wedding_both_376,0,0_praise_sorrow_god_soul,0.0
young_wedding_both_377,27,27_shines brightly_praise_worthy praise_praise lord,1.0
young_wedding_both_378,0,0_praise_sorrow_god_soul,0.0
young_wedding_both_379,25,25_little wine_heaven_drink little_lord god,1.0
young_wedding_both_380,25,25_little wine_heaven_drink little_lord god,1.0
young_wedding_both_381,25,25_little wine_heaven_drink little_lord god,0.51252365
young_wedding_both_382,0,0_praise_sorrow_god_soul,0.0
young_wedding_both_383,0,0_praise_sorrow_god_soul,0.0
young_wedding_both_384,0,0_praise_sorrow_god_soul,0.0
young_wedding_both_385,25,25_little wine_heaven_drink little_lord god,1.0
young_wedding_both_386,0,0_praise_sorrow_god_soul,0.0
young_wedding_both_387,25,25_little wine_heaven_drink little_lord god,1.0
young_wedding_both_388,0,0_praise_sorrow_god_soul,0.0
young_wedding_both_389,0,0_praise_sorrow_god_soul,0.0
young_wedding_both_390,21,21_bark_shouts_trees_flee,1.0
young_wedding_both_391,0,0_praise_sorrow_god_soul,0.0
young_wedding_both_392,20,20_lullaby lullaby_lullaby_lullaby baby_sleep lullaby,0.52658385
young_wedding_both_393,0,0_praise_sorrow_god_soul,0.0
young_wedding_both_394,24,24_rice cake_rice fields_arirang arariyo_sangju,1.0
young_wedding_both_395,0,0_praise_sorrow_god_soul,0.0
young_wedding_both_396,0,0_praise_sorrow_god_soul,0.0
young_wedding_both_397,23,23_spindle_spinning_rooster_spin,1.0
young_wedding_both_398,0,0_praise_sorrow_god_soul,0.0
young_wedding_both_399,25,25_little wine_heaven_drink little_lord god,1.0
young_wedding_both_400,0,0_praise_sorrow_god_soul,0.0
young_wedding_both_401,0,0_praise_sorrow_god_soul,0.0
young_wedding_both_402,0,0_praise_sorrow_god_soul,0.0
young_wedding_both_403,24,24_rice cake_rice fields_arirang arariyo_sangju,1.0
young_wedding_both_404,0,0_praise_sorrow_god_soul,0.0
young_wedding_both_405,0,0_praise_sorrow_god_soul,0.0
young_wedding_both_406,0,0_praise_sorrow_god_soul,0.0
young_wedding_both_407,25,25_little wine_heaven_drink little_lord god,0.50407815
young_wedding_both_408,0,0_praise_sorrow_god_soul,0.0
young_wedding_both_409,0,0_praise_sorrow_god_soul,0.0
young_wedding_both_410,0,0_praise_sorrow_god_soul,0.0
young_wedding_both_411,0,0_praise_sorrow_god_soul,0.0
young_wedding_both_412,17,17_seaman_sailing_sailors_dear fatherland,1.0
young_wedding_both_413,0,0_praise_sorrow_god_soul,0.0
young_wedding_both_414,17,17_seaman_sailing_sailors_dear fatherland,1.0
young_wedding_both_415,0,0_praise_sorrow_god_soul,0.0
young_wedding_both_416,0,0_praise_sorrow_god_soul,0.0
young_wedding_both_417,25,25_little wine_heaven_drink little_lord god,1.0
young_wedding_both_418,0,0_praise_sorrow_god_soul,0.0
young_wedding_both_419,28,28_joyful spirit_bride_feast_noblemen,1.0
young_wedding_both_420,0,0_praise_sorrow_god_soul,0.0
young_wedding_both_421,28,28_joyful spirit_bride_feast_noblemen,1.0
young_wedding_both_422,0,0_praise_sorrow_god_soul,0.0
young_wedding_both_423,25,25_little wine_heaven_drink little_lord god,0.78962123
young_wedding_both_424,28,28_joyful spirit_bride_feast_noblemen,1.0
young_wedding_both_425,28,28_joyful spirit_bride_feast_noblemen,1.0
young_wedding_both_426,24,24_rice cake_rice fields_arirang arariyo_sangju,0.5014269
young_wedding_both_427,0,0_praise_sorrow_god_soul,0.0
young_wedding_both_429,25,25_little wine_heaven_drink little_lord god,0.7313457
young_wedding_both_430,28,28_joyful spirit_bride_feast_noblemen,0.7552236
young_wedding_both_431,24,24_rice cake_rice fields_arirang arariyo_sangju,0.78472936
young_wedding_both_432,0,0_praise_sorrow_god_soul,0.0
young_wedding_both_433,12,12_dear maiden_praise_roses_joyful,1.0
young_wedding_both_434,24,24_rice cake_rice fields_arirang arariyo_sangju,1.0
young_wedding_both_435,28,28_joyful spirit_bride_feast_noblemen,0.82809925
young_wedding_both_436,19,19_widow_widow widow_allow mother_green meadow,0.8946222
young_wedding_both_438,0,0_praise_sorrow_god_soul,0.0
young_wedding_both_439,17,17_seaman_sailing_sailors_dear fatherland,1.0
young_wedding_both_440,25,25_little wine_heaven_drink little_lord god,1.0
young_wedding_both_441,25,25_little wine_heaven_drink little_lord god,1.0
young_wedding_both_442,0,0_praise_sorrow_god_soul,0.0
young_wedding_both_443,25,25_little wine_heaven_drink little_lord god,0.86700845
young_wedding_both_444,0,0_praise_sorrow_god_soul,0.0
young_wedding_both_445,25,25_little wine_heaven_drink little_lord god,1.0
young_wedding_both_446,0,0_praise_sorrow_god_soul,0.0
young_wedding_both_447,24,24_rice cake_rice fields_arirang arariyo_sangju,0.660996
young_wedding_both_448,17,17_seaman_sailing_sailors_dear fatherland,1.0
young_wedding_both_449,25,25_little wine_heaven_drink little_lord god,1.0
young_wedding_both_450,0,0_praise_sorrow_god_soul,0.0
young_wedding_both_451,0,0_praise_sorrow_god_soul,0.0
young_wedding_both_452,27,27_shines brightly_praise_worthy praise_praise lord,0.50006557
young_wedding_both_454,0,0_praise_sorrow_god_soul,0.0
young_wedding_both_455,28,28_joyful spirit_bride_feast_noblemen,1.0
young_wedding_both_456,25,25_little wine_heaven_drink little_lord god,1.0
young_wedding_both_457,0,0_praise_sorrow_god_soul,0.0
young_wedding_both_458,25,25_little wine_heaven_drink little_lord god,0.6157211
young_wedding_both_459,25,25_little wine_heaven_drink little_lord god,0.7677276
young_wedding_both_461,25,25_little wine_heaven_drink little_lord god,0.7752071
young_wedding_both_462,0,0_praise_sorrow_god_soul,0.0
young_wedding_both_463,0,0_praise_sorrow_god_soul,0.0
young_wedding_both_464,25,25_little wine_heaven_drink little_lord god,1.0
young_wedding_both_465,0,0_praise_sorrow_god_soul,0.0
young_wedding_both_466,28,28_joyful spirit_bride_feast_noblemen,1.0
young_wedding_both_467,25,25_little wine_heaven_drink little_lord god,0.6834411
young_wedding_both_468,0,0_praise_sorrow_god_soul,0.0
young_wedding_both_469,0,0_praise_sorrow_god_soul,0.0
young_wedding_both_471,0,0_praise_sorrow_god_soul,0.0
young_wedding_both_472,0,0_praise_sorrow_god_soul,0.0
young_wedding_both_474,0,0_praise_sorrow_god_soul,0.0
young_wedding_both_475,24,24_rice cake_rice fields_arirang arariyo_sangju,1.0
young_wedding_both_476,23,23_spindle_spinning_rooster_spin,0.3394258
young_wedding_both_477,25,25_little wine_heaven_drink little_lord god,1.0
young_wedding_both_478,0,0_praise_sorrow_god_soul,0.0
young_wedding_both_479,25,25_little wine_heaven_drink little_lord god,1.0
young_wedding_both_480,25,25_little wine_heaven_drink little_lord god,1.0
young_wedding_both_481,25,25_little wine_heaven_drink little_lord god,1.0
young_wedding_both_482,28,28_joyful spirit_bride_feast_noblemen,1.0
young_wedding_both_483,25,25_little wine_heaven_drink little_lord god,1.0
young_wedding_both_484,0,0_praise_sorrow_god_soul,0.0
young_wedding_both_485,25,25_little wine_heaven_drink little_lord god,1.0
young_wedding_both_486,28,28_joyful spirit_bride_feast_noblemen,1.0
young_wedding_both_487,0,0_praise_sorrow_god_soul,0.0
young_wedding_both_488,25,25_little wine_heaven_drink little_lord god,1.0
young_wedding_both_489,25,25_little wine_heaven_drink little_lord god,1.0
young_wedding_both_490,21,21_bark_shouts_trees_flee,1.0
young_wedding_both_491,0,0_praise_sorrow_god_soul,0.0
young_wedding_both_492,0,0_praise_sorrow_god_soul,0.0
young_wedding_both_493,0,0_praise_sorrow_god_soul,0.0
young_wedding_both_494,0,0_praise_sorrow_god_soul,0.0
young_wedding_both_495,0,0_praise_sorrow_god_soul,0.0
young_wedding_both_496,0,0_praise_sorrow_god_soul,0.0
young_wedding_both_497,0,0_praise_sorrow_god_soul,0.0
young_wedding_both_498,24,24_rice cake_rice fields_arirang arariyo_sangju,1.0
young_wedding_both_499,0,0_praise_sorrow_god_soul,0.0
young_wedding_both_500,0,0_praise_sorrow_god_soul,0.0
young_wedding_both_501,0,0_praise_sorrow_god_soul,0.0
young_wedding_both_502,27,27_shines brightly_praise_worthy praise_praise lord,1.0
Pod_395,0,0_praise_sorrow_god_soul,0.0
Pod_396,0,0_praise_sorrow_god_soul,0.0
Pod_1404,0,0_praise_sorrow_god_soul,0.0
Pod_1405,0,0_praise_sorrow_god_soul,0.0
Pod_1406,0,0_praise_sorrow_god_soul,0.0
Pod_1407,0,0_praise_sorrow_god_soul,0.0
Pod_1408,0,0_praise_sorrow_god_soul,0.0
Pod_1409,0,0_praise_sorrow_god_soul,0.0
Pod_1410,0,0_praise_sorrow_god_soul,0.0
Pod_1411,0,0_praise_sorrow_god_soul,0.0
Pod_1412,19,19_widow_widow widow_allow mother_green meadow,1.0
Pod_1413,0,0_praise_sorrow_god_soul,0.0
Pod_1414,0,0_praise_sorrow_god_soul,0.0
Pod_1415,0,0_praise_sorrow_god_soul,0.0
Pod_1416,0,0_praise_sorrow_god_soul,0.0
Pod_1417,25,25_little wine_heaven_drink little_lord god,1.0
Pod_1418,25,25_little wine_heaven_drink little_lord god,1.0
Pod_1419,0,0_praise_sorrow_god_soul,0.0
Pod_1420,0,0_praise_sorrow_god_soul,0.0
Pod_1421,25,25_little wine_heaven_drink little_lord god,1.0
Pod_1422,0,0_praise_sorrow_god_soul,0.0
Pod_1423,0,0_praise_sorrow_god_soul,0.0
Pod_1424,0,0_praise_sorrow_god_soul,0.0
Pod_1425,0,0_praise_sorrow_god_soul,0.0
Pod_1426,0,0_praise_sorrow_god_soul,0.0
Pod_1427,0,0_praise_sorrow_god_soul,0.0
Pod_1428,0,0_praise_sorrow_god_soul,0.0
Pod_1429,0,0_praise_sorrow_god_soul,0.0
Pod_1430,0,0_praise_sorrow_god_soul,0.0
Pod_1431,0,0_praise_sorrow_god_soul,0.0
Pod_1432,0,0_praise_sorrow_god_soul,0.0
Pod_1433,0,0_praise_sorrow_god_soul,0.0
Pod_1434,0,0_praise_sorrow_god_soul,0.0
Pod_1435,0,0_praise_sorrow_god_soul,0.0
Pod_1436,0,0_praise_sorrow_god_soul,0.0
Pod_1437,0,0_praise_sorrow_god_soul,0.0
Pod_1438,0,0_praise_sorrow_god_soul,0.0
Pod_1439,0,0_praise_sorrow_god_soul,0.0
Pod_1440,0,0_praise_sorrow_god_soul,0.0
Pod_1441,25,25_little wine_heaven_drink little_lord god,1.0
Pod_1442,0,0_praise_sorrow_god_soul,0.0
Pod_1443,0,0_praise_sorrow_god_soul,0.0
Pod_1444,0,0_praise_sorrow_god_soul,0.0
Pod_1445,0,0_praise_sorrow_god_soul,0.0
Pod_1446,21,21_bark_shouts_trees_flee,1.0
Pod_1447,0,0_praise_sorrow_god_soul,0.0
Pod_1448,0,0_praise_sorrow_god_soul,0.0
Pod_1449,19,19_widow_widow widow_allow mother_green meadow,1.0
Pod_1450,0,0_praise_sorrow_god_soul,0.0
Pod_1451,19,19_widow_widow widow_allow mother_green meadow,1.0
Pod_1452,25,25_little wine_heaven_drink little_lord god,1.0
Pod_1453,0,0_praise_sorrow_god_soul,0.0
Pod_1454,0,0_praise_sorrow_god_soul,0.0
Pod_1455,0,0_praise_sorrow_god_soul,0.0
Pod_1456,0,0_praise_sorrow_god_soul,0.0
Pod_1457,0,0_praise_sorrow_god_soul,0.0
Pod_1458,0,0_praise_sorrow_god_soul,0.0
Pod_1459,0,0_praise_sorrow_god_soul,0.0
Pod_1460,0,0_praise_sorrow_god_soul,0.0
Pod_1461,0,0_praise_sorrow_god_soul,0.0
Pod_1462,25,25_little wine_heaven_drink little_lord god,1.0
Pod_1463,0,0_praise_sorrow_god_soul,0.0
Pod_1464,25,25_little wine_heaven_drink little_lord god,1.0
Pod_1465,0,0_praise_sorrow_god_soul,0.0
Pod_1466,0,0_praise_sorrow_god_soul,0.0
Pod_1467,0,0_praise_sorrow_god_soul,0.0
Pod_1468,13,13_lullaby baby_lullaby_lullaby lullaby_lullaby little,1.0
Pod_1470,0,0_praise_sorrow_god_soul,0.0
Pod_1471,25,25_little wine_heaven_drink little_lord god,0.81567305
Pod_1472,0,0_praise_sorrow_god_soul,0.0
Pod_1473,20,20_lullaby lullaby_lullaby_lullaby baby_sleep lullaby,1.0
Pod_1474,0,0_praise_sorrow_god_soul,0.0
Pod_1475,0,0_praise_sorrow_god_soul,0.0
Pod_1476,0,0_praise_sorrow_god_soul,0.0
Pod_1477,0,0_praise_sorrow_god_soul,0.0
Pod_1478,19,19_widow_widow widow_allow mother_green meadow,1.0
Pod_1479,0,0_praise_sorrow_god_soul,0.0
Pod_1480,0,0_praise_sorrow_god_soul,0.0
Pod_1481,0,0_praise_sorrow_god_soul,0.0
Pod_1482,0,0_praise_sorrow_god_soul,0.0
Pod_1483,0,0_praise_sorrow_god_soul,0.0
Pod_1484,0,0_praise_sorrow_god_soul,0.0
Pod_1485,0,0_praise_sorrow_god_soul,0.0
Pod_1486,0,0_praise_sorrow_god_soul,0.0
Pod_1487,0,0_praise_sorrow_god_soul,0.0
Pod_1488,0,0_praise_sorrow_god_soul,0.0
Pod_1489,0,0_praise_sorrow_god_soul,0.0
Pod_1490,10,10_cook_caresses_bake_dear darling,1.0
Pod_1491,0,0_praise_sorrow_god_soul,0.0
Pod_1492,0,0_praise_sorrow_god_soul,0.0
Pod_1493,0,0_praise_sorrow_god_soul,0.0
Pod_1494,0,0_praise_sorrow_god_soul,0.0
Pod_1495,0,0_praise_sorrow_god_soul,0.0
Pod_1496,0,0_praise_sorrow_god_soul,0.0
Pod_1497,0,0_praise_sorrow_god_soul,0.0
Pod_1498,0,0_praise_sorrow_god_soul,0.0
Pod_1499,0,0_praise_sorrow_god_soul,0.0
Pod_1500,0,0_praise_sorrow_god_soul,0.0
Pod_1501,0,0_praise_sorrow_god_soul,0.0
Pod_1503,0,0_praise_sorrow_god_soul,0.0
Pod_1504,0,0_praise_sorrow_god_soul,0.0
Pod_1505,0,0_praise_sorrow_god_soul,0.0
Pod_1506,0,0_praise_sorrow_god_soul,0.0
Pod_1507,0,0_praise_sorrow_god_soul,0.0
Pod_1508,0,0_praise_sorrow_god_soul,0.0
Pod_1509,0,0_praise_sorrow_god_soul,0.0
Pod_1510,0,0_praise_sorrow_god_soul,0.0
Pod_1511,0,0_praise_sorrow_god_soul,0.0
Pod_1512,0,0_praise_sorrow_god_soul,0.0
Pod_1513,0,0_praise_sorrow_god_soul,0.0
Pod_1514,0,0_praise_sorrow_god_soul,0.0
Pod_1515,0,0_praise_sorrow_god_soul,0.0
Pod_1516,0,0_praise_sorrow_god_soul,0.0
Pod_1517,0,0_praise_sorrow_god_soul,0.0
Pod_1518,0,0_praise_sorrow_god_soul,0.0
Pod_1519,0,0_praise_sorrow_god_soul,0.0
Pod_1520,0,0_praise_sorrow_god_soul,0.0
Pod_1521,0,0_praise_sorrow_god_soul,0.0
Pod_1522,0,0_praise_sorrow_god_soul,0.0
Pod_1523,0,0_praise_sorrow_god_soul,0.0
Pod_1524,0,0_praise_sorrow_god_soul,0.0
Pod_1525,0,0_praise_sorrow_god_soul,0.0
Pod_1526,0,0_praise_sorrow_god_soul,0.0
Pod_1527,0,0_praise_sorrow_god_soul,0.0
Pod_1528,0,0_praise_sorrow_god_soul,0.0
Pod_1529,0,0_praise_sorrow_god_soul,0.0
Pod_1530,0,0_praise_sorrow_god_soul,0.0
Pod_1531,0,0_praise_sorrow_god_soul,0.0
Pod_1532,0,0_praise_sorrow_god_soul,0.0
Pod_1533,25,25_little wine_heaven_drink little_lord god,0.54697174
Pod_1534,0,0_praise_sorrow_god_soul,0.0
Pod_1535,0,0_praise_sorrow_god_soul,0.0
Pod_1536,0,0_praise_sorrow_god_soul,0.0
Pod_1537,0,0_praise_sorrow_god_soul,0.0
Pod_1538,19,19_widow_widow widow_allow mother_green meadow,1.0
Pod_1539,25,25_little wine_heaven_drink little_lord god,0.81082445
Pod_1540,0,0_praise_sorrow_god_soul,0.0
Pod_1541,0,0_praise_sorrow_god_soul,0.0
Pod_1542,13,13_lullaby baby_lullaby_lullaby lullaby_lullaby little,0.5267877
Pod_1543,0,0_praise_sorrow_god_soul,0.0
Pod_1544,0,0_praise_sorrow_god_soul,0.0
Pod_1545,25,25_little wine_heaven_drink little_lord god,1.0
Pod_1546,25,25_little wine_heaven_drink little_lord god,1.0
Pod_1547,0,0_praise_sorrow_god_soul,0.0
Pod_1548,0,0_praise_sorrow_god_soul,0.0
Pod_1549,0,0_praise_sorrow_god_soul,0.0
Pod_1550,0,0_praise_sorrow_god_soul,0.0
Pod_1551,0,0_praise_sorrow_god_soul,0.0
Pod_1552,0,0_praise_sorrow_god_soul,0.0
Pod_1553,0,0_praise_sorrow_god_soul,0.0
Pod_1554,0,0_praise_sorrow_god_soul,0.0
Pod_1555,0,0_praise_sorrow_god_soul,0.0
Pod_1556,0,0_praise_sorrow_god_soul,0.0
Pod_1557,0,0_praise_sorrow_god_soul,0.0
Pod_1558,0,0_praise_sorrow_god_soul,0.0
Pod_1559,18,18_want farmer_pepíček_praises_horses,1.0
Pod_1560,0,0_praise_sorrow_god_soul,0.0
Pod_1561,0,0_praise_sorrow_god_soul,0.0
Pod_1562,0,0_praise_sorrow_god_soul,0.0
Pod_1563,0,0_praise_sorrow_god_soul,0.0
Pod_1564,0,0_praise_sorrow_god_soul,0.0
Pod_1565,0,0_praise_sorrow_god_soul,0.0
Pod_1566,0,0_praise_sorrow_god_soul,0.0
Pod_1567,25,25_little wine_heaven_drink little_lord god,1.0
Pod_1568,0,0_praise_sorrow_god_soul,0.0
Pod_1569,21,21_bark_shouts_trees_flee,1.0
Pod_1570,0,0_praise_sorrow_god_soul,0.0
Pod_1571,20,20_lullaby lullaby_lullaby_lullaby baby_sleep lullaby,1.0
Pod_1572,0,0_praise_sorrow_god_soul,0.0
Pod_1573,0,0_praise_sorrow_god_soul,0.0
Pod_1574,0,0_praise_sorrow_god_soul,0.0
Pod_1575,0,0_praise_sorrow_god_soul,0.0
Pod_1576,0,0_praise_sorrow_god_soul,0.0
Pod_1577,0,0_praise_sorrow_god_soul,0.0
Pod_1578,0,0_praise_sorrow_god_soul,0.0
Pod_1579,0,0_praise_sorrow_god_soul,0.0
Pod_1580,0,0_praise_sorrow_god_soul,0.0
Pod_1581,0,0_praise_sorrow_god_soul,0.0
Pod_1582,0,0_praise_sorrow_god_soul,0.0
Pod_1583,0,0_praise_sorrow_god_soul,0.0
Pod_1584,0,0_praise_sorrow_god_soul,0.0
Pod_1585,0,0_praise_sorrow_god_soul,0.0
Pod_1586,0,0_praise_sorrow_god_soul,0.0
Pod_1587,0,0_praise_sorrow_god_soul,0.0
Pod_1588,0,0_praise_sorrow_god_soul,0.0
Pod_1589,20,20_lullaby lullaby_lullaby_lullaby baby_sleep lullaby,0.49119246
Pod_1590,19,19_widow_widow widow_allow mother_green meadow,1.0
Pod_1591,0,0_praise_sorrow_god_soul,0.0
Pod_1592,0,0_praise_sorrow_god_soul,0.0
Pod_1593,25,25_little wine_heaven_drink little_lord god,0.56528145
Pod_1594,0,0_praise_sorrow_god_soul,0.0
Pod_1595,0,0_praise_sorrow_god_soul,0.0
Pod_1596,0,0_praise_sorrow_god_soul,0.0
Pod_1597,0,0_praise_sorrow_god_soul,0.0
Pod_1598,0,0_praise_sorrow_god_soul,0.0
Pod_1599,10,10_cook_caresses_bake_dear darling,1.0
Pod_1600,10,10_cook_caresses_bake_dear darling,1.0
Pod_1601,0,0_praise_sorrow_god_soul,0.0
Pod_1602,23,23_spindle_spinning_rooster_spin,0.3357792
Pod_1603,0,0_praise_sorrow_god_soul,0.0
Pod_1604,0,0_praise_sorrow_god_soul,0.0
Pod_1605,0,0_praise_sorrow_god_soul,0.0
Pod_1606,0,0_praise_sorrow_god_soul,0.0
Pod_1607,0,0_praise_sorrow_god_soul,0.0
Pod_1608,0,0_praise_sorrow_god_soul,0.0
Pod_1609,25,25_little wine_heaven_drink little_lord god,1.0
Pod_1610,0,0_praise_sorrow_god_soul,0.0
Pod_1611,0,0_praise_sorrow_god_soul,0.0
Pod_1612,0,0_praise_sorrow_god_soul,0.0
Pod_1613,0,0_praise_sorrow_god_soul,0.0
Pod_1614,0,0_praise_sorrow_god_soul,0.0
Pod_1615,25,25_little wine_heaven_drink little_lord god,1.0
Pod_1616,0,0_praise_sorrow_god_soul,0.0
Pod_1639,25,25_little wine_heaven_drink little_lord god,1.0
Vol_50,0,0_praise_sorrow_god_soul,0.0
Vol_51,0,0_praise_sorrow_god_soul,0.0
Vol_52,0,0_praise_sorrow_god_soul,0.0
Vol_53,0,0_praise_sorrow_god_soul,0.0
Vol_54,0,0_praise_sorrow_god_soul,0.0
Vol_55,0,0_praise_sorrow_god_soul,0.0
Vol_56,0,0_praise_sorrow_god_soul,0.0
Vol_57,0,0_praise_sorrow_god_soul,0.0
Vol_58,0,0_praise_sorrow_god_soul,0.0
Vol_59,0,0_praise_sorrow_god_soul,0.0
Vol_60,0,0_praise_sorrow_god_soul,0.0
Vol_61,0,0_praise_sorrow_god_soul,0.0
Vol_62,13,13_lullaby baby_lullaby_lullaby lullaby_lullaby little,0.6171982
Vol_63,0,0_praise_sorrow_god_soul,0.0
Vol_64,19,19_widow_widow widow_allow mother_green meadow,1.0
Vol_65,0,0_praise_sorrow_god_soul,0.0
Vol_66,0,0_praise_sorrow_god_soul,0.0
Vol_67,0,0_praise_sorrow_god_soul,0.0
Vol_68,0,0_praise_sorrow_god_soul,0.0
Vol_69,0,0_praise_sorrow_god_soul,0.0
Vol_70,0,0_praise_sorrow_god_soul,0.0
Vol_71,0,0_praise_sorrow_god_soul,0.0
Vol_72,25,25_little wine_heaven_drink little_lord god,1.0
Vol_73,0,0_praise_sorrow_god_soul,0.0
Vol_74,25,25_little wine_heaven_drink little_lord god,1.0
Vol_75,0,0_praise_sorrow_god_soul,0.0
Vol_76,0,0_praise_sorrow_god_soul,0.0
Vol_77,0,0_praise_sorrow_god_soul,0.0
Vol_78,0,0_praise_sorrow_god_soul,0.0
Vol_79,0,0_praise_sorrow_god_soul,0.0
Vol_80,0,0_praise_sorrow_god_soul,0.0
Vol_81,0,0_praise_sorrow_god_soul,0.0
Vol_82,0,0_praise_sorrow_god_soul,0.0
Vol_83,0,0_praise_sorrow_god_soul,0.0
Vol_84,0,0_praise_sorrow_god_soul,0.0
Vol_85,0,0_praise_sorrow_god_soul,0.0
Vol_87,0,0_praise_sorrow_god_soul,0.0
Vol_88,0,0_praise_sorrow_god_soul,0.0
Vol_89,21,21_bark_shouts_trees_flee,0.50304085
Vol_90,0,0_praise_sorrow_god_soul,0.0
Vol_91,0,0_praise_sorrow_god_soul,0.0
Vol_116,25,25_little wine_heaven_drink little_lord god,1.0
Vol_117,0,0_praise_sorrow_god_soul,0.0
