fold,id,true_label,pred_label,correct,assigned_topic,topic_label
1,Erb_1809,cs,et,False,10,10_wheat_barley_rye_pea
1,Erb_1820,cs,cs,True,10,10_wheat_barley_rye_pea
1,Erb_1829,cs,et,False,14,14_herd_dog_tail_turning
1,Erb_1834,cs,cs,True,11,11_apples_tree_sisters_wine
1,Erb_1860,cs,uk,False,9,9_wedding_crows_crow_married
1,Erb_1864,cs,uk,False,9,9_wedding_crows_crow_married
1,Erb_1896,cs,cs,True,17,17_crooked_tavern_trembles_straight
1,Erb_1897,cs,cs,True,16,16_wolf_bear_anne_leg
1,Erb_1907,cs,et,False,17,17_crooked_tavern_trembles_straight
1,Erb_1909,cs,uk,False,4,4_servants_thousand_soul_book
1,Erb_1924,cs,nl,False,9,9_wedding_crows_crow_married
1,Erb_1943,cs,cs,True,1,1_nicholas_saint_blessed_god
1,Erb_1944,cs,nl,False,15,15_bow_fall_sail_singing
1,Erb_1945,cs,uk,False,8,8_june_march_saint_day
1,Erb_1946,cs,uk,False,8,8_june_march_saint_day
1,Erb_1948,cs,nl,False,15,15_bow_fall_sail_singing
1,Erb_1967,cs,cs,True,11,11_apples_tree_sisters_wine
1,Erb_1972,cs,nl,False,1,1_nicholas_saint_blessed_god
1,Erb_1979,cs,et,False,0,0_servant_cat_wreath_horse
1,Erb_1991,cs,et,False,0,0_servant_cat_wreath_horse
1,Erb_1994,cs,et,False,0,0_servant_cat_wreath_horse
1,Erb_1999,cs,et,False,3,3_oxen_gentlemen_peasants_plow
1,Erb_2003,cs,cs,True,3,3_oxen_gentlemen_peasants_plow
1,Erb_2009,cs,uk,False,9,9_wedding_crows_crow_married
1,Erb_2013,cs,nl,False,7,7_legs_calf_reed_nest
1,Erb_2020,cs,cs,True,18,18_hats_hat_cap_hay
1,Erb_2022,cs,et,False,0,0_servant_cat_wreath_horse
1,Erb_2034,cs,cs,True,18,18_hats_hat_cap_hay
1,Erb_2044,cs,nl,False,9,9_wedding_crows_crow_married
1,Erb_2057,cs,cs,True,18,18_hats_hat_cap_hay
1,Erb_2059,cs,cs,True,18,18_hats_hat_cap_hay
1,Erb_2063,cs,cs,True,18,18_hats_hat_cap_hay
1,Erb_2074,cs,et,False,0,0_servant_cat_wreath_horse
1,Erb_2090,cs,cs,True,17,17_crooked_tavern_trembles_straight
1,Erb_2091,cs,nl,False,4,4_servants_thousand_soul_book
1,Erb_2102,cs,uk,False,9,9_wedding_crows_crow_married
1,Erb_2104,cs,nl,False,9,9_wedding_crows_crow_married
1,Erb_2109,cs,uk,False,9,9_wedding_crows_crow_married
1,Erb_2135,cs,et,False,13,13_bake_basket_bells_eggs
1,Erb_2145,cs,uk,False,9,9_wedding_crows_crow_married
1,Erb_2151,cs,nl,False,3,3_oxen_gentlemen_peasants_plow
1,Erb_2180,cs,et,False,17,17_crooked_tavern_trembles_straight
1,THB_102,cs,et,False,13,13_bake_basket_bells_eggs
1,h21304930008,et,et,True,17,17_crooked_tavern_trembles_straight
1,eys0807390339,et,et,True,14,14_herd_dog_tail_turning
1,h21305400049,et,et,True,7,7_legs_calf_reed_nest
1,e000093390023,et,cs,False,18,18_hats_hat_cap_hay
1,eks1500040003,et,nl,False,9,9_wedding_crows_crow_married
1,era202401570002,et,cs,False,6,6_sparrow_cabbage_pea_chirp
1,era202403540008,et,et,True,17,17_crooked_tavern_trembles_straight
1,eys0610680228,et,et,True,3,3_oxen_gentlemen_peasants_plow
1,eys0715690076,et,et,True,16,16_wolf_bear_anne_leg
1,eys0716980268,et,et,True,16,16_wolf_bear_anne_leg
1,eys0716980269,et,nl,False,15,15_bow_fall_sail_singing
1,eys0722820026,et,nl,False,7,7_legs_calf_reed_nest
1,eys0805620068,et,cs,False,9,9_wedding_crows_crow_married
1,eys0811780054,et,et,True,3,3_oxen_gentlemen_peasants_plow
1,h10100180002,et,et,True,7,7_legs_calf_reed_nest
1,h10700370019,et,et,True,14,14_herd_dog_tail_turning
1,h21300830027,et,cs,False,14,14_herd_dog_tail_turning
1,h21301290022,et,cs,False,13,13_bake_basket_bells_eggs
1,h24000901036,et,et,True,12,12_march_thirty_month_june
1,young_wedding_both_353,nl,cs,False,10,10_wheat_barley_rye_pea
1,young_wedding_both_354,nl,uk,False,8,8_june_march_saint_day
1,young_wedding_both_355,nl,uk,False,4,4_servants_thousand_soul_book
1,young_wedding_both_368,nl,nl,True,7,7_legs_calf_reed_nest
1,young_wedding_both_370,nl,cs,False,8,8_june_march_saint_day
1,young_wedding_both_374,nl,uk,False,8,8_june_march_saint_day
1,young_wedding_both_382,nl,uk,False,4,4_servants_thousand_soul_book
1,young_wedding_both_392,nl,et,False,14,14_herd_dog_tail_turning
1,young_wedding_both_407,nl,cs,False,8,8_june_march_saint_day
1,young_wedding_both_417,nl,nl,True,9,9_wedding_crows_crow_married
1,young_wedding_both_418,nl,et,False,12,12_march_thirty_month_june
1,young_wedding_both_419,nl,nl,True,15,15_bow_fall_sail_singing
1,young_wedding_both_422,nl,nl,True,1,1_nicholas_saint_blessed_god
1,young_wedding_both_426,nl,uk,False,8,8_june_march_saint_day
1,young_wedding_both_429,nl,nl,True,2,2_beer_beer drink_drank_eating
1,young_wedding_both_433,nl,nl,True,7,7_legs_calf_reed_nest
1,young_wedding_both_439,nl,nl,True,15,15_bow_fall_sail_singing
1,young_wedding_both_443,nl,nl,True,15,15_bow_fall_sail_singing
1,young_wedding_both_446,nl,nl,True,15,15_bow_fall_sail_singing
1,young_wedding_both_458,nl,uk,False,9,9_wedding_crows_crow_married
1,young_wedding_both_459,nl,nl,True,15,15_bow_fall_sail_singing
1,young_wedding_both_478,nl,nl,True,1,1_nicholas_saint_blessed_god
1,young_wedding_both_483,nl,nl,True,9,9_wedding_crows_crow_married
1,young_wedding_both_486,nl,cs,False,11,11_apples_tree_sisters_wine
1,young_wedding_both_489,nl,nl,True,9,9_wedding_crows_crow_married
1,young_wedding_both_493,nl,nl,True,15,15_bow_fall_sail_singing
1,young_wedding_both_495,nl,cs,False,10,10_wheat_barley_rye_pea
1,young_wedding_both_496,nl,nl,True,7,7_legs_calf_reed_nest
1,young_wedding_both_498,nl,nl,True,15,15_bow_fall_sail_singing
1,young_wedding_both_499,nl,et,False,12,12_march_thirty_month_june
1,Pod_1407,uk,uk,True,8,8_june_march_saint_day
1,Pod_1415,uk,nl,False,1,1_nicholas_saint_blessed_god
1,Pod_1416,uk,et,False,9,9_wedding_crows_crow_married
1,Pod_1421,uk,cs,False,2,2_beer_beer drink_drank_eating
1,Pod_1435,uk,cs,False,10,10_wheat_barley_rye_pea
1,Pod_1439,uk,et,False,10,10_wheat_barley_rye_pea
1,Pod_1447,uk,nl,False,15,15_bow_fall_sail_singing
1,Pod_1453,uk,cs,False,6,6_sparrow_cabbage_pea_chirp
1,Pod_1456,uk,et,False,4,4_servants_thousand_soul_book
1,Pod_1462,uk,uk,True,2,2_beer_beer drink_drank_eating
1,Pod_1467,uk,nl,False,3,3_oxen_gentlemen_peasants_plow
1,Pod_1472,uk,nl,False,15,15_bow_fall_sail_singing
1,Pod_1484,uk,et,False,6,6_sparrow_cabbage_pea_chirp
1,Pod_1488,uk,cs,False,10,10_wheat_barley_rye_pea
1,Pod_1495,uk,uk,True,13,13_bake_basket_bells_eggs
1,Pod_1500,uk,et,False,6,6_sparrow_cabbage_pea_chirp
1,Pod_1501,uk,et,False,9,9_wedding_crows_crow_married
1,Pod_1505,uk,uk,True,8,8_june_march_saint_day
1,Pod_1508,uk,nl,False,15,15_bow_fall_sail_singing
1,Pod_1517,uk,nl,False,1,1_nicholas_saint_blessed_god
1,Pod_1523,uk,et,False,10,10_wheat_barley_rye_pea
1,Pod_1525,uk,uk,True,6,6_sparrow_cabbage_pea_chirp
1,Pod_1528,uk,uk,True,13,13_bake_basket_bells_eggs
1,Pod_1535,uk,uk,True,8,8_june_march_saint_day
1,Pod_1541,uk,uk,True,4,4_servants_thousand_soul_book
1,Pod_1543,uk,nl,False,4,4_servants_thousand_soul_book
1,Pod_1544,uk,cs,False,5,5_matchmaker_vodka_melody_wedding
1,Pod_1548,uk,uk,True,2,2_beer_beer drink_drank_eating
1,Pod_1555,uk,et,False,0,0_servant_cat_wreath_horse
1,Pod_1556,uk,cs,False,17,17_crooked_tavern_trembles_straight
1,Pod_1560,uk,et,False,0,0_servant_cat_wreath_horse
1,Pod_1563,uk,et,False,0,0_servant_cat_wreath_horse
1,Pod_1567,uk,cs,False,5,5_matchmaker_vodka_melody_wedding
1,Pod_1573,uk,et,False,7,7_legs_calf_reed_nest
1,Pod_1587,uk,uk,True,13,13_bake_basket_bells_eggs
1,Pod_1590,uk,et,False,7,7_legs_calf_reed_nest
1,Pod_1592,uk,nl,False,4,4_servants_thousand_soul_book
1,Pod_1597,uk,et,False,0,0_servant_cat_wreath_horse
1,Pod_1598,uk,et,False,0,0_servant_cat_wreath_horse
1,Pod_1604,uk,et,False,0,0_servant_cat_wreath_horse
1,Vol_51,uk,et,False,8,8_june_march_saint_day
1,Vol_53,uk,et,False,13,13_bake_basket_bells_eggs
1,Vol_54,uk,cs,False,17,17_crooked_tavern_trembles_straight
1,Vol_55,uk,uk,True,13,13_bake_basket_bells_eggs
1,Vol_57,uk,uk,True,4,4_servants_thousand_soul_book
1,Vol_64,uk,uk,True,6,6_sparrow_cabbage_pea_chirp
1,Vol_67,uk,uk,True,6,6_sparrow_cabbage_pea_chirp
1,Vol_68,uk,cs,False,13,13_bake_basket_bells_eggs
1,Vol_71,uk,cs,False,11,11_apples_tree_sisters_wine
1,Vol_73,uk,uk,True,4,4_servants_thousand_soul_book
1,Vol_87,uk,uk,True,12,12_march_thirty_month_june
1,Vol_91,uk,nl,False,1,1_nicholas_saint_blessed_god
2,Erb_1815,cs,et,False,2,2_beer_beer drink_drank_eating
2,Erb_1816,cs,et,False,14,14_herd_dog_tail_turning
2,Erb_1818,cs,et,False,0,0_servant_cat_wreath_horse
2,Erb_1828,cs,et,False,0,0_servant_cat_wreath_horse
2,Erb_1839,cs,et,False,0,0_servant_cat_wreath_horse
2,Erb_1840,cs,nl,False,9,9_wedding_crows_crow_married
2,Erb_1872,cs,et,False,0,0_servant_cat_wreath_horse
2,Erb_1873,cs,et,False,0,0_servant_cat_wreath_horse
2,Erb_1890,cs,cs,True,17,17_crooked_tavern_trembles_straight
2,Erb_1893,cs,cs,True,18,18_hats_hat_cap_hay
2,Erb_1917,cs,cs,True,11,11_apples_tree_sisters_wine
2,Erb_1918,cs,et,False,18,18_hats_hat_cap_hay
2,Erb_1929,cs,nl,False,9,9_wedding_crows_crow_married
2,Erb_1934,cs,et,False,6,6_sparrow_cabbage_pea_chirp
2,Erb_1955,cs,et,False,0,0_servant_cat_wreath_horse
2,Erb_1959,cs,et,False,11,11_apples_tree_sisters_wine
2,Erb_1969,cs,uk,False,13,13_bake_basket_bells_eggs
2,Erb_1980,cs,et,False,14,14_herd_dog_tail_turning
2,Erb_1981,cs,et,False,0,0_servant_cat_wreath_horse
2,Erb_1993,cs,uk,False,13,13_bake_basket_bells_eggs
2,Erb_2036,cs,nl,False,12,12_march_thirty_month_june
2,Erb_2051,cs,nl,False,7,7_legs_calf_reed_nest
2,Erb_2054,cs,cs,True,3,3_oxen_gentlemen_peasants_plow
2,Erb_2055,cs,cs,True,18,18_hats_hat_cap_hay
2,Erb_2062,cs,uk,False,4,4_servants_thousand_soul_book
2,Erb_2067,cs,et,False,16,16_wolf_bear_anne_leg
2,Erb_2070,cs,cs,True,18,18_hats_hat_cap_hay
2,Erb_2077,cs,et,False,0,0_servant_cat_wreath_horse
2,Erb_2088,cs,cs,True,5,5_matchmaker_vodka_melody_wedding
2,Erb_2089,cs,et,False,0,0_servant_cat_wreath_horse
2,Erb_2095,cs,cs,True,11,11_apples_tree_sisters_wine
2,Erb_2106,cs,et,False,14,14_herd_dog_tail_turning
2,Erb_2112,cs,cs,True,17,17_crooked_tavern_trembles_straight
2,Erb_2119,cs,et,False,16,16_wolf_bear_anne_leg
2,Erb_2120,cs,et,False,16,16_wolf_bear_anne_leg
2,Erb_2124,cs,uk,False,16,16_wolf_bear_anne_leg
2,Erb_2130,cs,nl,False,4,4_servants_thousand_soul_book
2,Erb_2131,cs,et,False,13,13_bake_basket_bells_eggs
2,Erb_2137,cs,uk,False,5,5_matchmaker_vodka_melody_wedding
2,Erb_2153,cs,uk,False,5,5_matchmaker_vodka_melody_wedding
2,Erb_2171,cs,cs,True,9,9_wedding_crows_crow_married
2,THB_100,cs,et,False,0,0_servant_cat_wreath_horse
2,e000099700006,et,et,True,14,14_herd_dog_tail_turning
2,e000123260005,et,et,True,13,13_bake_basket_bells_eggs
2,e000598850000,et,cs,False,17,17_crooked_tavern_trembles_straight
2,e000613860003,et,et,True,14,14_herd_dog_tail_turning
2,era201103470003,et,cs,False,11,11_apples_tree_sisters_wine
2,era202403770004,et,nl,False,15,15_bow_fall_sail_singing
2,eys0506170036,et,et,True,14,14_herd_dog_tail_turning
2,eys0716160145,et,et,True,9,9_wedding_crows_crow_married
2,eys0723150096,et,et,True,0,0_servant_cat_wreath_horse
2,eys0806100140,et,cs,False,17,17_crooked_tavern_trembles_straight
2,eys0806880268,et,et,True,16,16_wolf_bear_anne_leg
2,eys0808150447,et,nl,False,15,15_bow_fall_sail_singing
2,eys0808210454,et,cs,False,5,5_matchmaker_vodka_melody_wedding
2,eys0909490011,et,et,True,10,10_wheat_barley_rye_pea
2,eys0922830094,et,et,True,2,2_beer_beer drink_drank_eating
2,h10101990032,et,nl,False,15,15_bow_fall_sail_singing
2,h10102450128,et,et,True,4,4_servants_thousand_soul_book
2,h21403410004,et,et,True,4,4_servants_thousand_soul_book
2,h22609160021,et,et,True,5,5_matchmaker_vodka_melody_wedding
2,h30400830001,et,et,True,9,9_wedding_crows_crow_married
2,young_wedding_both_348,nl,nl,True,15,15_bow_fall_sail_singing
2,young_wedding_both_350,nl,et,False,5,5_matchmaker_vodka_melody_wedding
2,young_wedding_both_360,nl,nl,True,15,15_bow_fall_sail_singing
2,young_wedding_both_366,nl,cs,False,9,9_wedding_crows_crow_married
2,young_wedding_both_376,nl,uk,False,9,9_wedding_crows_crow_married
2,young_wedding_both_383,nl,et,False,16,16_wolf_bear_anne_leg
2,young_wedding_both_394,nl,nl,True,15,15_bow_fall_sail_singing
2,young_wedding_both_402,nl,et,False,10,10_wheat_barley_rye_pea
2,young_wedding_both_405,nl,nl,True,15,15_bow_fall_sail_singing
2,young_wedding_both_423,nl,nl,True,9,9_wedding_crows_crow_married
2,young_wedding_both_424,nl,cs,False,11,11_apples_tree_sisters_wine
2,young_wedding_both_425,nl,cs,False,3,3_oxen_gentlemen_peasants_plow
2,young_wedding_both_432,nl,et,False,4,4_servants_thousand_soul_book
2,young_wedding_both_434,nl,cs,False,6,6_sparrow_cabbage_pea_chirp
2,young_wedding_both_435,nl,nl,True,9,9_wedding_crows_crow_married
2,young_wedding_both_438,nl,nl,True,15,15_bow_fall_sail_singing
2,young_wedding_both_448,nl,et,False,12,12_march_thirty_month_june
2,young_wedding_both_454,nl,nl,True,15,15_bow_fall_sail_singing
2,young_wedding_both_455,nl,et,False,16,16_wolf_bear_anne_leg
2,young_wedding_both_462,nl,nl,True,15,15_bow_fall_sail_singing
2,young_wedding_both_464,nl,et,False,2,2_beer_beer drink_drank_eating
2,young_wedding_both_469,nl,uk,False,13,13_bake_basket_bells_eggs
2,young_wedding_both_474,nl,et,False,0,0_servant_cat_wreath_horse
2,young_wedding_both_479,nl,nl,True,9,9_wedding_crows_crow_married
2,young_wedding_both_485,nl,nl,True,1,1_nicholas_saint_blessed_god
2,young_wedding_both_487,nl,nl,True,7,7_legs_calf_reed_nest
2,young_wedding_both_488,nl,nl,True,15,15_bow_fall_sail_singing
2,young_wedding_both_490,nl,nl,True,12,12_march_thirty_month_june
2,young_wedding_both_500,nl,uk,False,4,4_servants_thousand_soul_book
2,young_wedding_both_502,nl,nl,True,1,1_nicholas_saint_blessed_god
2,Pod_396,uk,et,False,13,13_bake_basket_bells_eggs
2,Pod_1406,uk,nl,False,1,1_nicholas_saint_blessed_god
2,Pod_1412,uk,uk,True,6,6_sparrow_cabbage_pea_chirp
2,Pod_1413,uk,et,False,0,0_servant_cat_wreath_horse
2,Pod_1414,uk,nl,False,8,8_june_march_saint_day
2,Pod_1423,uk,nl,False,9,9_wedding_crows_crow_married
2,Pod_1427,uk,et,False,8,8_june_march_saint_day
2,Pod_1428,uk,cs,False,5,5_matchmaker_vodka_melody_wedding
2,Pod_1436,uk,et,False,9,9_wedding_crows_crow_married
2,Pod_1437,uk,et,False,0,0_servant_cat_wreath_horse
2,Pod_1438,uk,et,False,14,14_herd_dog_tail_turning
2,Pod_1442,uk,et,False,0,0_servant_cat_wreath_horse
2,Pod_1452,uk,et,False,2,2_beer_beer drink_drank_eating
2,Pod_1454,uk,et,False,0,0_servant_cat_wreath_horse
2,Pod_1460,uk,uk,True,6,6_sparrow_cabbage_pea_chirp
2,Pod_1463,uk,uk,True,8,8_june_march_saint_day
2,Pod_1464,uk,cs,False,9,9_wedding_crows_crow_married
2,Pod_1474,uk,uk,True,4,4_servants_thousand_soul_book
2,Pod_1475,uk,et,False,4,4_servants_thousand_soul_book
2,Pod_1477,uk,uk,True,4,4_servants_thousand_soul_book
2,Pod_1481,uk,nl,False,8,8_june_march_saint_day
2,Pod_1482,uk,et,False,13,13_bake_basket_bells_eggs
2,Pod_1485,uk,et,False,11,11_apples_tree_sisters_wine
2,Pod_1489,uk,uk,True,1,1_nicholas_saint_blessed_god
2,Pod_1499,uk,cs,False,10,10_wheat_barley_rye_pea
2,Pod_1509,uk,nl,False,1,1_nicholas_saint_blessed_god
2,Pod_1521,uk,et,False,0,0_servant_cat_wreath_horse
2,Pod_1532,uk,uk,True,9,9_wedding_crows_crow_married
2,Pod_1533,uk,nl,False,8,8_june_march_saint_day
2,Pod_1540,uk,nl,False,1,1_nicholas_saint_blessed_god
2,Pod_1545,uk,et,False,2,2_beer_beer drink_drank_eating
2,Pod_1553,uk,uk,True,2,2_beer_beer drink_drank_eating
2,Pod_1568,uk,uk,True,5,5_matchmaker_vodka_melody_wedding
2,Pod_1577,uk,et,False,12,12_march_thirty_month_june
2,Pod_1579,uk,et,False,0,0_servant_cat_wreath_horse
2,Pod_1586,uk,uk,True,13,13_bake_basket_bells_eggs
2,Pod_1588,uk,nl,False,9,9_wedding_crows_crow_married
2,Pod_1589,uk,nl,False,9,9_wedding_crows_crow_married
2,Pod_1593,uk,uk,True,5,5_matchmaker_vodka_melody_wedding
2,Pod_1599,uk,uk,True,13,13_bake_basket_bells_eggs
2,Pod_1602,uk,nl,False,15,15_bow_fall_sail_singing
2,Pod_1603,uk,uk,True,8,8_june_march_saint_day
2,Pod_1616,uk,uk,True,5,5_matchmaker_vodka_melody_wedding
2,Vol_52,uk,uk,True,13,13_bake_basket_bells_eggs
2,Vol_58,uk,cs,False,1,1_nicholas_saint_blessed_god
2,Vol_69,uk,nl,False,12,12_march_thirty_month_june
2,Vol_72,uk,uk,True,6,6_sparrow_cabbage_pea_chirp
2,Vol_74,uk,et,False,2,2_beer_beer drink_drank_eating
2,Vol_84,uk,et,False,0,0_servant_cat_wreath_horse
2,Vol_88,uk,et,False,14,14_herd_dog_tail_turning
2,Vol_117,uk,cs,False,11,11_apples_tree_sisters_wine
3,Erb_1821,cs,cs,True,9,9_wedding_crows_crow_married
3,Erb_1838,cs,uk,False,6,6_sparrow_cabbage_pea_chirp
3,Erb_1861,cs,cs,True,10,10_wheat_barley_rye_pea
3,Erb_1867,cs,et,False,0,0_servant_cat_wreath_horse
3,Erb_1868,cs,nl,False,9,9_wedding_crows_crow_married
3,Erb_1876,cs,nl,False,3,3_oxen_gentlemen_peasants_plow
3,Erb_1878,cs,uk,False,13,13_bake_basket_bells_eggs
3,Erb_1879,cs,uk,False,4,4_servants_thousand_soul_book
3,Erb_1887,cs,cs,True,5,5_matchmaker_vodka_melody_wedding
3,Erb_1894,cs,cs,True,18,18_hats_hat_cap_hay
3,Erb_1895,cs,uk,False,1,1_nicholas_saint_blessed_god
3,Erb_1905,cs,cs,True,3,3_oxen_gentlemen_peasants_plow
3,Erb_1915,cs,uk,False,6,6_sparrow_cabbage_pea_chirp
3,Erb_1930,cs,et,False,7,7_legs_calf_reed_nest
3,Erb_1940,cs,uk,False,8,8_june_march_saint_day
3,Erb_1957,cs,nl,False,15,15_bow_fall_sail_singing
3,Erb_1970,cs,uk,False,13,13_bake_basket_bells_eggs
3,Erb_1974,cs,uk,False,6,6_sparrow_cabbage_pea_chirp
3,Erb_1984,cs,et,False,13,13_bake_basket_bells_eggs
3,Erb_1987,cs,cs,True,18,18_hats_hat_cap_hay
3,Erb_1988,cs,cs,True,16,16_wolf_bear_anne_leg
3,Erb_1992,cs,et,False,0,0_servant_cat_wreath_horse
3,Erb_1997,cs,uk,False,10,10_wheat_barley_rye_pea
3,Erb_2023,cs,et,False,0,0_servant_cat_wreath_horse
3,Erb_2027,cs,et,False,12,12_march_thirty_month_june
3,Erb_2039,cs,cs,True,14,14_herd_dog_tail_turning
3,Erb_2058,cs,uk,False,10,10_wheat_barley_rye_pea
3,Erb_2068,cs,et,False,0,0_servant_cat_wreath_horse
3,Erb_2075,cs,nl,False,15,15_bow_fall_sail_singing
3,Erb_2092,cs,cs,True,5,5_matchmaker_vodka_melody_wedding
3,Erb_2093,cs,et,False,0,0_servant_cat_wreath_horse
3,Erb_2100,cs,uk,False,9,9_wedding_crows_crow_married
3,Erb_2121,cs,et,False,3,3_oxen_gentlemen_peasants_plow
3,Erb_2134,cs,et,False,10,10_wheat_barley_rye_pea
3,Erb_2163,cs,et,False,5,5_matchmaker_vodka_melody_wedding
3,Erb_2166,cs,et,False,6,6_sparrow_cabbage_pea_chirp
3,Erb_2169,cs,uk,False,5,5_matchmaker_vodka_melody_wedding
3,Erb_2170,cs,uk,False,8,8_june_march_saint_day
3,Erb_2175,cs,uk,False,6,6_sparrow_cabbage_pea_chirp
3,THB_101,cs,uk,False,8,8_june_march_saint_day
3,THB_103,cs,et,False,11,11_apples_tree_sisters_wine
3,THB_105,cs,cs,True,14,14_herd_dog_tail_turning
3,e000138100007,et,et,True,12,12_march_thirty_month_june
3,eks1500010001,et,et,True,14,14_herd_dog_tail_turning
3,h31703830047,et,cs,False,14,14_herd_dog_tail_turning
3,e000093890060,et,et,True,4,4_servants_thousand_soul_book
3,ekse00380000,et,cs,False,11,11_apples_tree_sisters_wine
3,era201101840004,et,et,True,0,0_servant_cat_wreath_horse
3,era201400770017,et,uk,False,9,9_wedding_crows_crow_married
3,estk4000600094,et,et,True,13,13_bake_basket_bells_eggs
3,eys0706630026,et,nl,False,1,1_nicholas_saint_blessed_god
3,eys0715460027,et,uk,False,2,2_beer_beer drink_drank_eating
3,eys0722910041,et,cs,False,14,14_herd_dog_tail_turning
3,eys0723140094,et,et,True,13,13_bake_basket_bells_eggs
3,eys0806530216,et,uk,False,6,6_sparrow_cabbage_pea_chirp
3,eys0808360479,et,et,True,14,14_herd_dog_tail_turning
3,eys080837480b,et,uk,False,10,10_wheat_barley_rye_pea
3,eys0910020091,et,et,True,12,12_march_thirty_month_june
3,eys1022430016,et,et,True,0,0_servant_cat_wreath_horse
3,h20102880426,et,nl,False,15,15_bow_fall_sail_singing
3,h24607080020,et,et,True,16,16_wolf_bear_anne_leg
3,h30101360004,et,et,True,5,5_matchmaker_vodka_melody_wedding
3,young_wedding_both_349,nl,nl,True,15,15_bow_fall_sail_singing
3,young_wedding_both_352,nl,uk,False,4,4_servants_thousand_soul_book
3,young_wedding_both_357,nl,nl,True,12,12_march_thirty_month_june
3,young_wedding_both_358,nl,et,False,14,14_herd_dog_tail_turning
3,young_wedding_both_359,nl,nl,True,12,12_march_thirty_month_june
3,young_wedding_both_361,nl,et,False,9,9_wedding_crows_crow_married
3,young_wedding_both_362,nl,nl,True,15,15_bow_fall_sail_singing
3,young_wedding_both_363,nl,nl,True,7,7_legs_calf_reed_nest
3,young_wedding_both_367,nl,cs,False,9,9_wedding_crows_crow_married
3,young_wedding_both_372,nl,nl,True,9,9_wedding_crows_crow_married
3,young_wedding_both_375,nl,cs,False,11,11_apples_tree_sisters_wine
3,young_wedding_both_384,nl,et,False,16,16_wolf_bear_anne_leg
3,young_wedding_both_385,nl,cs,False,15,15_bow_fall_sail_singing
3,young_wedding_both_388,nl,nl,True,15,15_bow_fall_sail_singing
3,young_wedding_both_395,nl,et,False,4,4_servants_thousand_soul_book
3,young_wedding_both_398,nl,cs,False,9,9_wedding_crows_crow_married
3,young_wedding_both_399,nl,nl,True,9,9_wedding_crows_crow_married
3,young_wedding_both_404,nl,et,False,4,4_servants_thousand_soul_book
3,young_wedding_both_406,nl,et,False,0,0_servant_cat_wreath_horse
3,young_wedding_both_409,nl,nl,True,15,15_bow_fall_sail_singing
3,young_wedding_both_412,nl,uk,False,1,1_nicholas_saint_blessed_god
3,young_wedding_both_421,nl,cs,False,9,9_wedding_crows_crow_married
3,young_wedding_both_442,nl,nl,True,9,9_wedding_crows_crow_married
3,young_wedding_both_445,nl,nl,True,7,7_legs_calf_reed_nest
3,young_wedding_both_447,nl,nl,True,9,9_wedding_crows_crow_married
3,young_wedding_both_461,nl,nl,True,9,9_wedding_crows_crow_married
3,young_wedding_both_463,nl,nl,True,7,7_legs_calf_reed_nest
3,young_wedding_both_465,nl,nl,True,9,9_wedding_crows_crow_married
3,young_wedding_both_466,nl,uk,False,4,4_servants_thousand_soul_book
3,young_wedding_both_491,nl,cs,False,14,14_herd_dog_tail_turning
3,Pod_1409,uk,et,False,14,14_herd_dog_tail_turning
3,Pod_1410,uk,cs,False,10,10_wheat_barley_rye_pea
3,Pod_1417,uk,et,False,2,2_beer_beer drink_drank_eating
3,Pod_1420,uk,uk,True,6,6_sparrow_cabbage_pea_chirp
3,Pod_1424,uk,uk,True,13,13_bake_basket_bells_eggs
3,Pod_1426,uk,cs,False,3,3_oxen_gentlemen_peasants_plow
3,Pod_1432,uk,uk,True,6,6_sparrow_cabbage_pea_chirp
3,Pod_1440,uk,et,False,7,7_legs_calf_reed_nest
3,Pod_1443,uk,et,False,0,0_servant_cat_wreath_horse
3,Pod_1444,uk,uk,True,13,13_bake_basket_bells_eggs
3,Pod_1445,uk,cs,False,9,9_wedding_crows_crow_married
3,Pod_1448,uk,uk,True,8,8_june_march_saint_day
3,Pod_1457,uk,et,False,7,7_legs_calf_reed_nest
3,Pod_1461,uk,et,False,0,0_servant_cat_wreath_horse
3,Pod_1465,uk,et,False,13,13_bake_basket_bells_eggs
3,Pod_1466,uk,uk,True,13,13_bake_basket_bells_eggs
3,Pod_1473,uk,cs,False,9,9_wedding_crows_crow_married
3,Pod_1479,uk,nl,False,9,9_wedding_crows_crow_married
3,Pod_1480,uk,cs,False,9,9_wedding_crows_crow_married
3,Pod_1483,uk,et,False,16,16_wolf_bear_anne_leg
3,Pod_1490,uk,uk,True,11,11_apples_tree_sisters_wine
3,Pod_1494,uk,uk,True,13,13_bake_basket_bells_eggs
3,Pod_1504,uk,cs,False,9,9_wedding_crows_crow_married
3,Pod_1511,uk,cs,False,9,9_wedding_crows_crow_married
3,Pod_1514,uk,et,False,0,0_servant_cat_wreath_horse
3,Pod_1515,uk,et,False,13,13_bake_basket_bells_eggs
3,Pod_1516,uk,nl,False,1,1_nicholas_saint_blessed_god
3,Pod_1519,uk,uk,True,8,8_june_march_saint_day
3,Pod_1526,uk,et,False,14,14_herd_dog_tail_turning
3,Pod_1530,uk,cs,False,13,13_bake_basket_bells_eggs
3,Pod_1534,uk,uk,True,8,8_june_march_saint_day
3,Pod_1538,uk,uk,True,4,4_servants_thousand_soul_book
3,Pod_1539,uk,uk,True,2,2_beer_beer drink_drank_eating
3,Pod_1551,uk,uk,True,2,2_beer_beer drink_drank_eating
3,Pod_1561,uk,et,False,14,14_herd_dog_tail_turning
3,Pod_1564,uk,uk,True,10,10_wheat_barley_rye_pea
3,Pod_1575,uk,uk,True,12,12_march_thirty_month_june
3,Pod_1578,uk,uk,True,2,2_beer_beer drink_drank_eating
3,Pod_1580,uk,cs,False,9,9_wedding_crows_crow_married
3,Pod_1581,uk,et,False,10,10_wheat_barley_rye_pea
3,Pod_1582,uk,cs,False,9,9_wedding_crows_crow_married
3,Pod_1585,uk,uk,True,13,13_bake_basket_bells_eggs
3,Pod_1591,uk,nl,False,15,15_bow_fall_sail_singing
3,Pod_1595,uk,nl,False,15,15_bow_fall_sail_singing
3,Pod_1611,uk,cs,False,17,17_crooked_tavern_trembles_straight
3,Pod_1614,uk,uk,True,5,5_matchmaker_vodka_melody_wedding
3,Pod_1615,uk,uk,True,2,2_beer_beer drink_drank_eating
3,Vol_50,uk,et,False,9,9_wedding_crows_crow_married
3,Vol_60,uk,cs,False,9,9_wedding_crows_crow_married
3,Vol_61,uk,cs,False,5,5_matchmaker_vodka_melody_wedding
3,Vol_78,uk,uk,True,5,5_matchmaker_vodka_melody_wedding
4,Erb_1814,cs,et,False,0,0_servant_cat_wreath_horse
4,Erb_1823,cs,cs,True,18,18_hats_hat_cap_hay
4,Erb_1827,cs,et,False,0,0_servant_cat_wreath_horse
4,Erb_1833,cs,et,False,12,12_march_thirty_month_june
4,Erb_1843,cs,et,False,0,0_servant_cat_wreath_horse
4,Erb_1848,cs,cs,True,8,8_june_march_saint_day
4,Erb_1858,cs,et,False,0,0_servant_cat_wreath_horse
4,Erb_1866,cs,nl,False,1,1_nicholas_saint_blessed_god
4,Erb_1874,cs,nl,False,9,9_wedding_crows_crow_married
4,Erb_1882,cs,nl,False,15,15_bow_fall_sail_singing
4,Erb_1884,cs,cs,True,6,6_sparrow_cabbage_pea_chirp
4,Erb_1931,cs,et,False,0,0_servant_cat_wreath_horse
4,Erb_1950,cs,et,False,0,0_servant_cat_wreath_horse
4,Erb_1952,cs,nl,False,1,1_nicholas_saint_blessed_god
4,Erb_1973,cs,et,False,10,10_wheat_barley_rye_pea
4,Erb_1978,cs,nl,False,15,15_bow_fall_sail_singing
4,Erb_1982,cs,nl,False,9,9_wedding_crows_crow_married
4,Erb_1989,cs,et,False,0,0_servant_cat_wreath_horse
4,Erb_1995,cs,uk,False,6,6_sparrow_cabbage_pea_chirp
4,Erb_2005,cs,cs,True,11,11_apples_tree_sisters_wine
4,Erb_2018,cs,nl,False,13,13_bake_basket_bells_eggs
4,Erb_2024,cs,et,False,0,0_servant_cat_wreath_horse
4,Erb_2026,cs,et,False,0,0_servant_cat_wreath_horse
4,Erb_2040,cs,nl,False,9,9_wedding_crows_crow_married
4,Erb_2049,cs,nl,False,4,4_servants_thousand_soul_book
4,Erb_2052,cs,nl,False,12,12_march_thirty_month_june
4,Erb_2056,cs,cs,True,18,18_hats_hat_cap_hay
4,Erb_2060,cs,cs,True,11,11_apples_tree_sisters_wine
4,Erb_2061,cs,cs,True,10,10_wheat_barley_rye_pea
4,Erb_2069,cs,et,False,13,13_bake_basket_bells_eggs
4,Erb_2072,cs,et,False,13,13_bake_basket_bells_eggs
4,Erb_2082,cs,et,False,0,0_servant_cat_wreath_horse
4,Erb_2084,cs,et,False,0,0_servant_cat_wreath_horse
4,Erb_2108,cs,nl,False,9,9_wedding_crows_crow_married
4,Erb_2110,cs,uk,False,1,1_nicholas_saint_blessed_god
4,Erb_2114,cs,nl,False,4,4_servants_thousand_soul_book
4,Erb_2138,cs,et,False,0,0_servant_cat_wreath_horse
4,Erb_2143,cs,nl,False,9,9_wedding_crows_crow_married
4,Erb_2146,cs,cs,True,5,5_matchmaker_vodka_melody_wedding
4,Erb_2154,cs,nl,False,7,7_legs_calf_reed_nest
4,Erb_2159,cs,et,False,13,13_bake_basket_bells_eggs
4,Erb_2160,cs,et,False,13,13_bake_basket_bells_eggs
4,h21305000012,et,et,True,13,13_bake_basket_bells_eggs
4,e000151070015,et,et,True,17,17_crooked_tavern_trembles_straight
4,eys0617770000,et,et,True,14,14_herd_dog_tail_turning
4,eys0617830287,et,et,True,9,9_wedding_crows_crow_married
4,e000076970008,et,et,True,10,10_wheat_barley_rye_pea
4,eys0910530166,et,et,True,11,11_apples_tree_sisters_wine
4,era200101440001,et,et,True,7,7_legs_calf_reed_nest
4,era201402870024,et,uk,False,13,13_bake_basket_bells_eggs
4,eys0614410114,et,uk,False,13,13_bake_basket_bells_eggs
4,eys0615110244,et,et,True,6,6_sparrow_cabbage_pea_chirp
4,eys0715340010,et,nl,False,12,12_march_thirty_month_june
4,eys0722920043,et,nl,False,12,12_march_thirty_month_june
4,eys1022630061,et,cs,False,3,3_oxen_gentlemen_peasants_plow
4,eys1022880100,et,et,True,12,12_march_thirty_month_june
4,eys1029050081,et,uk,False,2,2_beer_beer drink_drank_eating
4,h21109540011,et,uk,False,2,2_beer_beer drink_drank_eating
4,h21306030003,et,et,True,5,5_matchmaker_vodka_melody_wedding
4,h25706320016,et,cs,False,5,5_matchmaker_vodka_melody_wedding
4,h30101400008,et,et,True,16,16_wolf_bear_anne_leg
4,h31708530008,et,et,True,10,10_wheat_barley_rye_pea
4,young_wedding_both_365,nl,nl,True,4,4_servants_thousand_soul_book
4,young_wedding_both_369,nl,nl,True,9,9_wedding_crows_crow_married
4,young_wedding_both_378,nl,nl,True,15,15_bow_fall_sail_singing
4,young_wedding_both_380,nl,nl,True,9,9_wedding_crows_crow_married
4,young_wedding_both_381,nl,nl,True,9,9_wedding_crows_crow_married
4,young_wedding_both_391,nl,uk,False,1,1_nicholas_saint_blessed_god
4,young_wedding_both_393,nl,nl,True,9,9_wedding_crows_crow_married
4,young_wedding_both_396,nl,nl,True,15,15_bow_fall_sail_singing
4,young_wedding_both_401,nl,cs,False,8,8_june_march_saint_day
4,young_wedding_both_410,nl,cs,False,3,3_oxen_gentlemen_peasants_plow
4,young_wedding_both_411,nl,et,False,15,15_bow_fall_sail_singing
4,young_wedding_both_414,nl,uk,False,3,3_oxen_gentlemen_peasants_plow
4,young_wedding_both_415,nl,nl,True,9,9_wedding_crows_crow_married
4,young_wedding_both_416,nl,nl,True,12,12_march_thirty_month_june
4,young_wedding_both_427,nl,cs,False,3,3_oxen_gentlemen_peasants_plow
4,young_wedding_both_430,nl,nl,True,9,9_wedding_crows_crow_married
4,young_wedding_both_431,nl,nl,True,9,9_wedding_crows_crow_married
4,young_wedding_both_452,nl,nl,True,7,7_legs_calf_reed_nest
4,young_wedding_both_456,nl,nl,True,9,9_wedding_crows_crow_married
4,young_wedding_both_457,nl,nl,True,15,15_bow_fall_sail_singing
4,young_wedding_both_467,nl,nl,True,15,15_bow_fall_sail_singing
4,young_wedding_both_472,nl,nl,True,12,12_march_thirty_month_june
4,young_wedding_both_476,nl,nl,True,13,13_bake_basket_bells_eggs
4,young_wedding_both_477,nl,uk,False,2,2_beer_beer drink_drank_eating
4,young_wedding_both_480,nl,nl,True,9,9_wedding_crows_crow_married
4,young_wedding_both_482,nl,nl,True,15,15_bow_fall_sail_singing
4,young_wedding_both_484,nl,nl,True,15,15_bow_fall_sail_singing
4,young_wedding_both_492,nl,nl,True,9,9_wedding_crows_crow_married
4,young_wedding_both_494,nl,et,False,13,13_bake_basket_bells_eggs
4,young_wedding_both_501,nl,nl,True,1,1_nicholas_saint_blessed_god
4,Pod_395,uk,et,False,0,0_servant_cat_wreath_horse
4,Pod_1404,uk,nl,False,9,9_wedding_crows_crow_married
4,Pod_1411,uk,nl,False,4,4_servants_thousand_soul_book
4,Pod_1431,uk,cs,False,11,11_apples_tree_sisters_wine
4,Pod_1433,uk,nl,False,9,9_wedding_crows_crow_married
4,Pod_1434,uk,nl,False,15,15_bow_fall_sail_singing
4,Pod_1441,uk,nl,False,9,9_wedding_crows_crow_married
4,Pod_1450,uk,uk,True,9,9_wedding_crows_crow_married
4,Pod_1455,uk,uk,True,2,2_beer_beer drink_drank_eating
4,Pod_1458,uk,uk,True,8,8_june_march_saint_day
4,Pod_1476,uk,nl,False,1,1_nicholas_saint_blessed_god
4,Pod_1486,uk,cs,False,11,11_apples_tree_sisters_wine
4,Pod_1492,uk,uk,True,8,8_june_march_saint_day
4,Pod_1493,uk,cs,False,5,5_matchmaker_vodka_melody_wedding
4,Pod_1497,uk,nl,False,12,12_march_thirty_month_june
4,Pod_1498,uk,et,False,0,0_servant_cat_wreath_horse
4,Pod_1503,uk,nl,False,4,4_servants_thousand_soul_book
4,Pod_1506,uk,uk,True,8,8_june_march_saint_day
4,Pod_1507,uk,uk,True,14,14_herd_dog_tail_turning
4,Pod_1513,uk,et,False,0,0_servant_cat_wreath_horse
4,Pod_1518,uk,uk,True,8,8_june_march_saint_day
4,Pod_1520,uk,et,False,0,0_servant_cat_wreath_horse
4,Pod_1522,uk,et,False,0,0_servant_cat_wreath_horse
4,Pod_1529,uk,et,False,14,14_herd_dog_tail_turning
4,Pod_1536,uk,uk,True,8,8_june_march_saint_day
4,Pod_1549,uk,uk,True,2,2_beer_beer drink_drank_eating
4,Pod_1554,uk,et,False,0,0_servant_cat_wreath_horse
4,Pod_1558,uk,cs,False,18,18_hats_hat_cap_hay
4,Pod_1562,uk,et,False,14,14_herd_dog_tail_turning
4,Pod_1565,uk,cs,False,10,10_wheat_barley_rye_pea
4,Pod_1570,uk,nl,False,9,9_wedding_crows_crow_married
4,Pod_1572,uk,cs,False,5,5_matchmaker_vodka_melody_wedding
4,Pod_1574,uk,uk,True,1,1_nicholas_saint_blessed_god
4,Pod_1576,uk,uk,True,5,5_matchmaker_vodka_melody_wedding
4,Pod_1583,uk,et,False,0,0_servant_cat_wreath_horse
4,Pod_1594,uk,et,False,10,10_wheat_barley_rye_pea
4,Pod_1600,uk,uk,True,13,13_bake_basket_bells_eggs
4,Pod_1606,uk,uk,True,6,6_sparrow_cabbage_pea_chirp
4,Pod_1607,uk,nl,False,9,9_wedding_crows_crow_married
4,Pod_1608,uk,cs,False,18,18_hats_hat_cap_hay
4,Pod_1609,uk,cs,False,5,5_matchmaker_vodka_melody_wedding
4,Pod_1612,uk,uk,True,2,2_beer_beer drink_drank_eating
4,Pod_1613,uk,et,False,0,0_servant_cat_wreath_horse
4,Pod_1639,uk,cs,False,18,18_hats_hat_cap_hay
4,Vol_59,uk,et,False,0,0_servant_cat_wreath_horse
4,Vol_63,uk,uk,True,6,6_sparrow_cabbage_pea_chirp
4,Vol_75,uk,uk,True,5,5_matchmaker_vodka_melody_wedding
4,Vol_79,uk,uk,True,9,9_wedding_crows_crow_married
4,Vol_80,uk,nl,False,4,4_servants_thousand_soul_book
4,Vol_82,uk,et,False,14,14_herd_dog_tail_turning
4,Vol_116,uk,uk,True,1,1_nicholas_saint_blessed_god
5,Erb_1811,cs,et,False,18,18_hats_hat_cap_hay
5,Erb_1817,cs,nl,False,9,9_wedding_crows_crow_married
5,Erb_1819,cs,uk,False,10,10_wheat_barley_rye_pea
5,Erb_1824,cs,uk,False,10,10_wheat_barley_rye_pea
5,Erb_1831,cs,uk,False,6,6_sparrow_cabbage_pea_chirp
5,Erb_1836,cs,uk,False,5,5_matchmaker_vodka_melody_wedding
5,Erb_1844,cs,et,False,14,14_herd_dog_tail_turning
5,Erb_1865,cs,et,False,11,11_apples_tree_sisters_wine
5,Erb_1875,cs,uk,False,5,5_matchmaker_vodka_melody_wedding
5,Erb_1877,cs,uk,False,5,5_matchmaker_vodka_melody_wedding
5,Erb_1883,cs,uk,False,5,5_matchmaker_vodka_melody_wedding
5,Erb_1898,cs,cs,True,11,11_apples_tree_sisters_wine
5,Erb_1910,cs,cs,True,3,3_oxen_gentlemen_peasants_plow
5,Erb_1928,cs,et,False,3,3_oxen_gentlemen_peasants_plow
5,Erb_1932,cs,et,False,12,12_march_thirty_month_june
5,Erb_1942,cs,et,False,0,0_servant_cat_wreath_horse
5,Erb_1951,cs,et,False,17,17_crooked_tavern_trembles_straight
5,Erb_1958,cs,et,False,11,11_apples_tree_sisters_wine
5,Erb_1968,cs,uk,False,1,1_nicholas_saint_blessed_god
5,Erb_2004,cs,et,False,0,0_servant_cat_wreath_horse
5,Erb_2016,cs,et,False,0,0_servant_cat_wreath_horse
5,Erb_2017,cs,et,False,0,0_servant_cat_wreath_horse
5,Erb_2025,cs,et,False,0,0_servant_cat_wreath_horse
5,Erb_2041,cs,cs,True,17,17_crooked_tavern_trembles_straight
5,Erb_2048,cs,nl,False,4,4_servants_thousand_soul_book
5,Erb_2065,cs,cs,True,18,18_hats_hat_cap_hay
5,Erb_2083,cs,et,False,0,0_servant_cat_wreath_horse
5,Erb_2086,cs,uk,False,5,5_matchmaker_vodka_melody_wedding
5,Erb_2097,cs,cs,True,9,9_wedding_crows_crow_married
5,Erb_2099,cs,uk,False,1,1_nicholas_saint_blessed_god
5,Erb_2107,cs,cs,True,9,9_wedding_crows_crow_married
5,Erb_2113,cs,et,False,13,13_bake_basket_bells_eggs
5,Erb_2116,cs,cs,True,8,8_june_march_saint_day
5,Erb_2117,cs,et,False,3,3_oxen_gentlemen_peasants_plow
5,Erb_2126,cs,et,False,16,16_wolf_bear_anne_leg
5,Erb_2127,cs,et,False,16,16_wolf_bear_anne_leg
5,Erb_2128,cs,et,False,9,9_wedding_crows_crow_married
5,Erb_2141,cs,cs,True,9,9_wedding_crows_crow_married
5,Erb_2150,cs,nl,False,13,13_bake_basket_bells_eggs
5,Erb_2177,cs,uk,False,10,10_wheat_barley_rye_pea
5,THB_40,cs,et,False,4,4_servants_thousand_soul_book
5,THB_104,cs,et,False,11,11_apples_tree_sisters_wine
5,h21400660083,et,nl,False,9,9_wedding_crows_crow_married
5,ea00006930012,et,uk,False,8,8_june_march_saint_day
5,era203201730004,et,et,True,18,18_hats_hat_cap_hay
5,eys0506300060,et,nl,False,7,7_legs_calf_reed_nest
5,eys0614660155,et,uk,False,2,2_beer_beer drink_drank_eating
5,eys0614760170,et,cs,False,17,17_crooked_tavern_trembles_straight
5,eys0614860183,et,et,True,16,16_wolf_bear_anne_leg
5,eys0616190047,et,nl,False,4,4_servants_thousand_soul_book
5,eys0706800056,et,cs,False,8,8_june_march_saint_day
5,eys0715960116,et,cs,False,10,10_wheat_barley_rye_pea
5,eys0717540369,et,uk,False,14,14_herd_dog_tail_turning
5,eys0717550372,et,nl,False,12,12_march_thirty_month_june
5,eys0805580059,et,et,True,13,13_bake_basket_bells_eggs
5,eys0811530008,et,et,True,4,4_servants_thousand_soul_book
5,eys1022780086,et,et,True,10,10_wheat_barley_rye_pea
5,h10102020037,et,cs,False,15,15_bow_fall_sail_singing
5,h10700600059,et,uk,False,10,10_wheat_barley_rye_pea
5,h20102850423,et,cs,False,7,7_legs_calf_reed_nest
5,h21304900006,et,nl,False,9,9_wedding_crows_crow_married
5,h21304960009,et,et,True,16,16_wolf_bear_anne_leg
5,young_wedding_both_351,nl,nl,True,9,9_wedding_crows_crow_married
5,young_wedding_both_356,nl,nl,True,7,7_legs_calf_reed_nest
5,young_wedding_both_364,nl,nl,True,9,9_wedding_crows_crow_married
5,young_wedding_both_371,nl,nl,True,9,9_wedding_crows_crow_married
5,young_wedding_both_373,nl,cs,False,8,8_june_march_saint_day
5,young_wedding_both_377,nl,nl,True,1,1_nicholas_saint_blessed_god
5,young_wedding_both_379,nl,nl,True,9,9_wedding_crows_crow_married
5,young_wedding_both_386,nl,nl,True,7,7_legs_calf_reed_nest
5,young_wedding_both_387,nl,et,False,13,13_bake_basket_bells_eggs
5,young_wedding_both_389,nl,cs,False,17,17_crooked_tavern_trembles_straight
5,young_wedding_both_390,nl,cs,False,9,9_wedding_crows_crow_married
5,young_wedding_both_397,nl,nl,True,7,7_legs_calf_reed_nest
5,young_wedding_both_400,nl,nl,True,15,15_bow_fall_sail_singing
5,young_wedding_both_403,nl,et,False,4,4_servants_thousand_soul_book
5,young_wedding_both_408,nl,nl,True,7,7_legs_calf_reed_nest
5,young_wedding_both_413,nl,et,False,0,0_servant_cat_wreath_horse
5,young_wedding_both_420,nl,nl,True,12,12_march_thirty_month_june
5,young_wedding_both_436,nl,nl,True,2,2_beer_beer drink_drank_eating
5,young_wedding_both_440,nl,et,False,12,12_march_thirty_month_june
5,young_wedding_both_441,nl,et,False,13,13_bake_basket_bells_eggs
5,young_wedding_both_444,nl,cs,False,15,15_bow_fall_sail_singing
5,young_wedding_both_449,nl,nl,True,15,15_bow_fall_sail_singing
5,young_wedding_both_450,nl,cs,False,9,9_wedding_crows_crow_married
5,young_wedding_both_451,nl,nl,True,9,9_wedding_crows_crow_married
5,young_wedding_both_468,nl,et,False,6,6_sparrow_cabbage_pea_chirp
5,young_wedding_both_471,nl,nl,True,15,15_bow_fall_sail_singing
5,young_wedding_both_475,nl,nl,True,9,9_wedding_crows_crow_married
5,young_wedding_both_481,nl,uk,False,2,2_beer_beer drink_drank_eating
5,young_wedding_both_497,nl,et,False,12,12_march_thirty_month_june
5,Pod_1405,uk,cs,False,9,9_wedding_crows_crow_married
5,Pod_1408,uk,uk,True,1,1_nicholas_saint_blessed_god
5,Pod_1418,uk,et,False,17,17_crooked_tavern_trembles_straight
5,Pod_1419,uk,cs,False,9,9_wedding_crows_crow_married
5,Pod_1422,uk,uk,True,13,13_bake_basket_bells_eggs
5,Pod_1425,uk,et,False,13,13_bake_basket_bells_eggs
5,Pod_1429,uk,cs,False,15,15_bow_fall_sail_singing
5,Pod_1430,uk,et,False,0,0_servant_cat_wreath_horse
5,Pod_1446,uk,cs,False,11,11_apples_tree_sisters_wine
5,Pod_1449,uk,et,False,0,0_servant_cat_wreath_horse
5,Pod_1451,uk,nl,False,9,9_wedding_crows_crow_married
5,Pod_1459,uk,nl,False,4,4_servants_thousand_soul_book
5,Pod_1468,uk,uk,True,8,8_june_march_saint_day
5,Pod_1470,uk,et,False,10,10_wheat_barley_rye_pea
5,Pod_1471,uk,nl,False,9,9_wedding_crows_crow_married
5,Pod_1478,uk,uk,True,1,1_nicholas_saint_blessed_god
5,Pod_1487,uk,cs,False,11,11_apples_tree_sisters_wine
5,Pod_1491,uk,et,False,3,3_oxen_gentlemen_peasants_plow
5,Pod_1496,uk,nl,False,9,9_wedding_crows_crow_married
5,Pod_1510,uk,nl,False,9,9_wedding_crows_crow_married
5,Pod_1512,uk,cs,False,18,18_hats_hat_cap_hay
5,Pod_1524,uk,uk,True,10,10_wheat_barley_rye_pea
5,Pod_1527,uk,cs,False,18,18_hats_hat_cap_hay
5,Pod_1531,uk,cs,False,9,9_wedding_crows_crow_married
5,Pod_1537,uk,et,False,7,7_legs_calf_reed_nest
5,Pod_1542,uk,nl,False,2,2_beer_beer drink_drank_eating
5,Pod_1546,uk,uk,True,2,2_beer_beer drink_drank_eating
5,Pod_1547,uk,et,False,16,16_wolf_bear_anne_leg
5,Pod_1550,uk,uk,True,2,2_beer_beer drink_drank_eating
5,Pod_1552,uk,uk,True,5,5_matchmaker_vodka_melody_wedding
5,Pod_1557,uk,cs,False,18,18_hats_hat_cap_hay
5,Pod_1559,uk,cs,False,11,11_apples_tree_sisters_wine
5,Pod_1566,uk,uk,True,10,10_wheat_barley_rye_pea
5,Pod_1569,uk,et,False,9,9_wedding_crows_crow_married
5,Pod_1571,uk,nl,False,9,9_wedding_crows_crow_married
5,Pod_1584,uk,et,False,7,7_legs_calf_reed_nest
5,Pod_1596,uk,uk,True,13,13_bake_basket_bells_eggs
5,Pod_1601,uk,nl,False,9,9_wedding_crows_crow_married
5,Pod_1605,uk,nl,False,4,4_servants_thousand_soul_book
5,Pod_1610,uk,cs,False,6,6_sparrow_cabbage_pea_chirp
5,Vol_56,uk,et,False,0,0_servant_cat_wreath_horse
5,Vol_62,uk,et,False,3,3_oxen_gentlemen_peasants_plow
5,Vol_65,uk,et,False,14,14_herd_dog_tail_turning
5,Vol_66,uk,et,False,11,11_apples_tree_sisters_wine
5,Vol_70,uk,nl,False,7,7_legs_calf_reed_nest
5,Vol_76,uk,uk,True,5,5_matchmaker_vodka_melody_wedding
5,Vol_77,uk,uk,True,5,5_matchmaker_vodka_melody_wedding
5,Vol_81,uk,et,False,0,0_servant_cat_wreath_horse
5,Vol_83,uk,et,False,0,0_servant_cat_wreath_horse
5,Vol_85,uk,uk,True,10,10_wheat_barley_rye_pea
5,Vol_89,uk,et,False,7,7_legs_calf_reed_nest
5,Vol_90,uk,nl,False,9,9_wedding_crows_crow_married
