0.0	0.0	0.0	0.0	0.0	0.27022487	0.0	0.0	0.0	0.0	0.3097689	0.1336208	0.044895757	0.24148972	0.0	0.0	0.0	0.0	0.0
0.0	0.0	0.0	0.0	0.06775717	0.0	0.0	0.0	0.0	0.30275398	0.0	0.0	0.0	0.0	0.2498081	0.0	0.0	0.0	0.37968075
0.0	0.0	0.0	0.0	0.0	0.0	0.0	0.0	0.0	0.0	0.0	0.0	0.0	0.0	0.0	0.0	0.0	0.0	0.0
0.0	0.0	0.787395	0.0	0.0	0.0	0.0	0.0	0.0	0.0	0.0	0.0	0.0	0.0	0.0	0.0	0.0	0.21260501	0.0
0.0	0.0	0.0	0.0	0.0	0.0	0.0	0.0	0.0	0.0	0.0	0.0	0.0	0.33490267	0.66509736	0.0	0.0	0.0	0.0
0.0	0.0	0.0	0.0	0.32942942	0.0	0.0	0.0	0.0	0.48282963	0.0	0.0	0.0	0.0	0.0	0.18774094	0.0	0.0	0.0
0.0	0.0	0.0	0.0	0.0	0.0	0.0	0.0	0.0	0.0	0.0	0.0	0.0	0.0	0.0	0.0	0.0	0.0	0.0
0.0	0.0	0.0	0.0	0.0	0.0	0.0	0.0	0.0	0.0	1.0	0.0	0.0	0.0	0.0	0.0	0.0	0.0	0.0
0.0	0.0	0.0	0.0	0.0	0.0	0.0	0.0	0.0	0.0	1.0	0.0	0.0	0.0	0.0	0.0	0.0	0.0	0.0
0.06698965	0.0	0.0	0.0	0.0	0.0	0.0	0.0	0.08560522	0.50465995	0.0	0.34274516	0.0	0.0	0.0	0.0	0.0	0.0	0.0
0.0	0.0	0.0	0.0	0.0	0.0	0.0	0.0	0.0	0.23370239	0.20575418	0.0	0.0	0.2120431	0.0	0.0	0.0	0.0	0.34850034
0.0	0.0	0.0	0.0	0.0	0.0	0.0	0.0	0.0	0.0	1.0	0.0	0.0	0.0	0.0	0.0	0.0	0.0	0.0
0.0	0.0	0.0	0.0	0.0	0.0	0.0	0.0	0.0	0.0	0.0	0.0	0.0	0.0	0.0	0.0	0.0	0.0	0.0
0.0	0.0	0.0	0.0	0.0	0.0	0.0	0.0	0.0	0.0	0.0	0.0	0.0	0.0	0.0	0.0	0.0	0.0	0.0
0.0	0.022459012	0.0	0.2623551	0.0	0.0	0.0	0.0	0.0	0.0	0.10638065	0.0	0.0	0.0	0.5141704	0.0	0.0	0.09463482	0.0
0.0	0.0	0.0	0.0	0.0	0.0	0.64112395	0.0	0.0	0.35887602	0.0	0.0	0.0	0.0	0.0	0.0	0.0	0.0	0.0
0.0	0.0	0.0	0.0	0.14875086	0.0	0.0	0.0	0.0	0.10717636	0.0	0.0	0.29698172	0.0	0.0	0.0	0.0	0.24581024	0.20128083
0.0	0.0	0.0	0.1032907	0.0	0.0	0.0	0.0	0.0	0.0	0.0	0.6254784	0.0	0.0	0.27123094	0.0	0.0	0.0	0.0
0.0	0.0	0.0	0.0	0.0	1.0	0.0	0.0	0.0	0.0	0.0	0.0	0.0	0.0	0.0	0.0	0.0	0.0	0.0
0.0	0.0	0.0	0.0	0.0	0.0	1.0	0.0	0.0	0.0	0.0	0.0	0.0	0.0	0.0	0.0	0.0	0.0	0.0
0.0	0.0	0.0	0.0	0.0	0.0	0.0	0.0	0.0	0.0	0.0	0.0	0.0	0.0	0.0	0.0	0.0	0.0	0.0
0.0	0.0	0.14349687	0.0	0.0	0.0	0.0	0.0	0.0679705	0.55617875	0.0	0.0	0.23235385	0.0	0.0	0.0	0.0	0.0	0.0
0.0	0.0	0.0	0.0	0.0	0.0	0.0	0.0	0.0	0.0	0.0	0.0	0.0	0.0	0.0	0.0	0.0	0.0	0.0
0.0	0.15105851	0.0	0.2087284	0.0	0.11978074	0.0	0.0	0.0	0.22460264	0.0	0.0	0.0	0.0	0.2958297	0.0	0.0	0.0	0.0
0.0	0.0	0.0	0.0	0.0	0.0	0.0	0.0	0.5113189	0.0	0.0	0.0	0.0	0.0	0.0	0.0	0.0	0.48868105	0.0
0.0	0.0	0.0	0.0	0.0	0.0	0.0	0.0	0.0	0.0	0.0	0.0	0.0	0.0	0.0	0.0	0.0	0.0	0.0
0.0	0.0	0.0	0.0	0.0	0.0	0.0	0.0	0.0	1.0	0.0	0.0	0.0	0.0	0.0	0.0	0.0	0.0	0.0
0.0	0.12831268	0.020230874	0.100977644	0.0	0.0	0.0	0.0	0.0	0.0	0.28173155	0.20192924	0.0	0.12370291	0.1431151	0.0	0.0	0.0	0.0
0.0	0.0	0.0	0.0	0.0	0.0	0.0	0.0	0.0	1.0	0.0	0.0	0.0	0.0	0.0	0.0	0.0	0.0	0.0
0.0	0.0	0.0	0.0	0.0	0.0	0.0	0.0	0.0	0.0	0.0	1.0	0.0	0.0	0.0	0.0	0.0	0.0	0.0
0.0	0.42480326	0.0	0.0	0.0	0.0	0.0	0.0	0.0	0.32793915	0.0	0.2472576	0.0	0.0	0.0	0.0	0.0	0.0	0.0
0.0	0.0	0.0	0.0	0.0	0.0	0.0	0.0	0.0	0.0	0.0	0.0	0.0	0.0	0.0	0.0	0.0	0.0	0.0
0.0	0.0	0.0	0.0	0.0	0.0	0.0	0.2313927	0.20966135	0.4087379	0.0	0.0	0.0	0.15020806	0.0	0.0	0.0	0.0	0.0
0.0	0.0	0.0	0.0	0.0	0.0	0.0	0.0	0.0	0.0	0.0	0.0	0.0	0.0	0.0	0.0	0.0	0.0	0.0
0.0	0.0	0.0	0.0	0.0	0.0	0.0	0.0	0.0	0.0	0.0	0.0	0.0	0.0	0.0	0.0	0.0	0.0	0.0
0.0	0.0	0.0	0.0	0.0	0.0	0.0	0.0	0.14618579	0.8538142	0.0	0.0	0.0	0.0	0.0	0.0	0.0	0.0	0.0
0.0	0.0	0.0	0.0	0.0	1.0	0.0	0.0	0.0	0.0	0.0	0.0	0.0	0.0	0.0	0.0	0.0	0.0	0.0
0.0	0.0	0.0	0.5156201	0.0	0.0	0.0	0.0	0.1868288	0.0	0.0	0.0	0.0	0.0	0.0	0.29755107	0.0	0.0	0.0
0.0	0.0	0.0	0.0	0.0	1.0	0.0	0.0	0.0	0.0	0.0	0.0	0.0	0.0	0.0	0.0	0.0	0.0	0.0
0.0	0.0	0.0	0.21923791	0.0	0.0	0.0	0.0	0.0	0.0	0.0	0.0	0.0	0.7807621	0.0	0.0	0.0	0.0	0.0
0.0	0.0	0.12203822	0.0	0.757885	0.0	0.0	0.0	0.0	0.0	0.0	0.0	0.0	0.120076805	0.0	0.0	0.0	0.0	0.0
0.0	0.0	0.0	0.0	0.0	0.0	0.0	0.0	0.0	0.0	0.0	0.0	0.0	0.0	0.0	1.0	0.0	0.0	0.0
0.0	0.0	0.0	0.0	0.0	1.0	0.0	0.0	0.0	0.0	0.0	0.0	0.0	0.0	0.0	0.0	0.0	0.0	0.0
0.0	0.0	0.0	0.27609515	0.0	0.0	0.3189338	0.0	0.0	0.0	0.0	0.0	0.12371495	0.28125608	0.0	0.0	0.0	0.0	0.0
0.0	0.0	0.0	0.0	0.0	1.0	0.0	0.0	0.0	0.0	0.0	0.0	0.0	0.0	0.0	0.0	0.0	0.0	0.0
0.0	0.23925933	0.0	0.0	0.0	0.0	0.0	0.0	0.25683722	0.0	0.0	0.0	0.0	0.0	0.0	0.0	0.0	0.50390345	0.0
0.0	0.0	0.0	0.0	0.0	0.0	0.0	0.0	0.0	0.0	0.0	0.18547142	0.0	0.0	0.0	0.0	0.20305611	0.0	0.6114725
0.0	0.0	0.0	0.0	0.0	0.0	0.0	0.0	0.0	0.20374165	0.0	0.0	0.0	0.0	0.0	0.0	0.0	0.0	0.79625833
0.0	0.52895075	0.0	0.0	0.0	0.47104928	0.0	0.0	0.0	0.0	0.0	0.0	0.0	0.0	0.0	0.0	0.0	0.0	0.0
0.0	0.0	0.0	0.0	0.0	0.0	0.0	0.0	0.0	0.0	0.0	0.0	0.0	0.0	0.0	0.0	0.0	1.0	0.0
0.0	0.0	0.0	0.0	0.0	0.0	0.0	0.0	0.0	0.0	0.0	0.0	0.0	0.0	0.0	0.0	1.0	0.0	0.0
0.0	0.0	0.0	0.0	0.0	0.0	0.0	0.0	0.0	0.0	0.35821682	0.44098327	0.0	0.20079991	0.0	0.0	0.0	0.0	0.0
0.0	0.0	0.0	0.6695461	0.0	0.1075835	0.0	0.0	0.17028134	0.0	0.0	0.0	0.0	0.0	0.0	0.0	0.0	0.05258907	0.0
0.0	0.0	0.0	0.0	0.1556867	0.0	0.08340222	0.0	0.21620283	0.0	0.0	0.038122118	0.0	0.0	0.11582994	0.0	0.07109466	0.31966153	0.0
0.0	0.0	0.0	0.0	1.0	0.0	0.0	0.0	0.0	0.0	0.0	0.0	0.0	0.0	0.0	0.0	0.0	0.0	0.0
0.0	0.0	0.0	0.4408221	0.0	0.16462637	0.0	0.0	0.0	0.0	0.0	0.33135295	0.0	0.0	0.0	0.0	0.0	0.0	0.063198574
0.0	0.0	0.0	0.07512456	0.0	0.0	0.38205728	0.0	0.0	0.0	0.16619648	0.35467997	0.0	0.021941701	0.0	0.0	0.0	0.0	0.0
0.0	0.0	0.0	0.0	0.0	0.2045568	0.0	0.0	0.019490123	0.0	0.0	0.6437674	0.0	0.062417373	0.0	0.0	0.06976831	0.0	0.0
0.0	0.0	0.0	0.0	0.07351123	0.0	0.18300307	0.0	0.0	0.113140576	0.14372037	0.0	0.067495994	0.18152697	0.0	0.0	0.0	0.0	0.23760179
0.0	0.12037121	0.0	0.0	0.18015666	0.07547676	0.0	0.0	0.0	0.37668046	0.0	0.0	0.0	0.037561353	0.0	0.0	0.20975354	0.0	0.0
0.0	0.06774393	0.0	0.33966112	0.0	0.031627804	0.0	0.0	0.0	0.25012684	0.0	0.0	0.0	0.0	0.31084028	0.0	0.0	0.0	0.0
0.0	0.0	0.0	0.0	0.0	0.0	0.0	0.0	0.39294952	0.6070505	0.0	0.0	0.0	0.0	0.0	0.0	0.0	0.0	0.0
0.0	0.0	0.0	0.0	0.0	0.0	0.0	0.34463367	0.0	0.0	0.17113635	0.25749293	0.07329046	0.1534466	0.0	0.0	0.0	0.0	0.0
0.0	0.0	0.0	0.0	0.0	0.0	0.0	0.0	0.0	0.0	0.0	0.0	0.0	0.0	0.0	0.0	0.0	0.0	0.0
0.0	0.0	0.0	0.0	0.0	0.0	0.0	0.0	0.0	0.0	0.0	0.0	1.0	0.0	0.0	0.0	0.0	0.0	0.0
0.0	0.0	0.0	0.0	0.0	0.030016722	0.33611277	0.19944564	0.2596265	0.0	0.12790601	0.024761384	0.0	0.022130975	0.0	0.0	0.0	0.0	0.0
0.0	0.0	0.0	0.0	0.16965868	0.0	0.2896201	0.0	0.41592777	0.0	0.0	0.0	0.052074935	0.07271851	0.0	0.0	0.0	0.0	0.0
0.0	0.0	0.0	0.0	0.0	0.0	0.0	0.0	0.0	0.0	0.0	0.0	0.0	0.0	0.0	0.0	0.0	0.0	0.0
0.0	0.40901706	0.0	0.043609075	0.0	0.0	0.0	0.0	0.03573982	0.0	0.0	0.33117428	0.0	0.0	0.18045977	0.0	0.0	0.0	0.0
0.0	0.0	0.0	0.0	0.0	0.0	0.0	0.0	0.0	0.057655863	0.0	0.0	0.38566133	0.0	0.0	0.5566828	0.0	0.0	0.0
0.0	0.0	0.0	0.0	0.0	0.0	0.0	0.0	0.64014405	0.0	0.0	0.0	0.0	0.35985595	0.0	0.0	0.0	0.0	0.0
0.0	0.0	0.0	0.0	0.0	0.0	0.0	0.0	1.0	0.0	0.0	0.0	0.0	0.0	0.0	0.0	0.0	0.0	0.0
0.0	0.035663847	0.0	0.0	0.0	0.037157044	0.0	0.0	0.19747889	0.0	0.0	0.0	0.0	0.0	0.0	0.5601651	0.0	0.1695351	0.0
0.0	0.0	0.0	0.0	0.0	0.0	0.0	0.0	0.0	0.0	0.0	0.0	0.0	0.0	0.0	0.0	0.0	0.0	0.0
0.0	0.0	0.0	0.0	0.0	0.0	0.0	0.0	0.0	0.20046137	0.0	0.0	0.17560503	0.0	0.0	0.0	0.0	0.6239336	0.0
0.0	0.45384836	0.0	0.0	0.0	0.0	0.13296178	0.0	0.072055906	0.15399173	0.0	0.074467555	0.0	0.047353126	0.06532155	0.0	0.0	0.0	0.0
0.0	0.0	0.0	0.0	0.0	0.0	0.0	0.0	0.0	0.0	0.0	0.0	0.0	0.0	0.0	0.0	0.0	0.0	0.0
0.0	0.0	0.0	0.0	0.0	0.0	0.0	0.0	0.0	0.0	0.0	0.0	0.0	0.0	0.0	1.0	0.0	0.0	0.0
0.0	0.0	0.0	0.0	0.0	0.0	0.0	0.0	0.0	0.0	0.0	0.95869964	0.0	0.041300386	0.0	0.0	0.0	0.0	0.0
0.0	0.0	0.0	0.046640918	0.11383662	0.06674243	0.0	0.25418663	0.0	0.0	0.032447062	0.3739533	0.07135613	0.0084780315	0.0	0.0	0.032358874	0.0	0.0
0.0	0.23391971	0.0	0.110852875	0.0	0.0	0.14570759	0.0	0.0	0.0	0.0	0.29425585	0.0	0.0693663	0.0	0.0	0.0	0.0	0.14589766
0.0	1.0	0.0	0.0	0.0	0.0	0.0	0.0	0.0	0.0	0.0	0.0	0.0	0.0	0.0	0.0	0.0	0.0	0.0
0.0	0.0	0.0	0.0	0.0	0.30717868	0.0	0.0	0.0	0.0	0.0	0.0	0.0	0.6928213	0.0	0.0	0.0	0.0	0.0
0.0	0.0	0.0	0.0	0.0	0.0	0.0	0.0	0.0	0.0	0.0	0.0	0.0	1.0	0.0	0.0	0.0	0.0	0.0
0.0	1.0	0.0	0.0	0.0	0.0	0.0	0.0	0.0	0.0	0.0	0.0	0.0	0.0	0.0	0.0	0.0	0.0	0.0
0.0	0.0	0.0	0.0	0.0	0.0	0.0	0.0	0.0	0.0	0.2902743	0.24110888	0.0992543	0.1519275	0.0	0.21743503	0.0	0.0	0.0
0.0	0.0	0.0	0.0	0.0	0.19583663	0.80416334	0.0	0.0	0.0	0.0	0.0	0.0	0.0	0.0	0.0	0.0	0.0	0.0
0.0	0.104273744	0.0	0.0	0.0	0.0	0.0	0.0	0.0	0.0	0.0	0.0	0.0	0.0	0.0	0.89572626	0.0	0.0	0.0
0.0	0.0	0.0	0.0	0.0	0.0	0.0	0.0	0.0	0.0	0.0	0.0	0.0	0.0	0.0	0.0	0.0	0.0	0.0
0.0	0.0	0.0	0.0	0.0	0.27122304	0.0	0.0	0.0	0.0	0.0	0.0	0.0	0.0	0.728777	0.0	0.0	0.0	0.0
0.0	0.0	0.0	0.0	0.0	0.0	0.0	0.0	0.0	0.0	0.0	0.0	0.0	0.0	0.0	0.0	0.0	0.0	0.0
0.0	0.0	0.0	0.0	0.0	0.0	0.0	0.0	0.0	1.0	0.0	0.0	0.0	0.0	0.0	0.0	0.0	0.0	0.0
0.0	0.08954737	0.0	0.0	0.0	0.1671549	0.0	0.0	0.0	0.0	0.0	0.0	0.0	0.44805235	0.0	0.0	0.0	0.29524538	0.0
0.0	0.0	0.0	0.0	0.0	0.0	0.0	0.0	0.0	0.0	0.0	0.0	0.0	0.0	0.0	0.0	0.0	0.0	1.0
0.0	0.0	0.0	0.0	0.0	0.0	0.0	0.0	0.0	0.0	0.0	0.0	0.0	0.0	0.0	0.0	1.0	0.0	0.0
0.0	0.0	0.0	0.0	0.0	0.0	0.0	0.0	0.0	0.0	0.0	0.0	0.0	0.0	0.0	0.0	0.0	0.0	0.0
0.0	0.0	0.0	0.0	0.0	0.0	0.0	0.0	0.0	0.0	0.0	0.0	0.0	0.0	0.0	0.0	0.0	0.0	0.0
0.0	0.0	0.0	0.0	0.0	0.0	0.0	0.0	0.0	0.0	0.0	0.0	0.0	0.0	0.0	0.0	0.0	0.0	0.0
0.0	0.0	0.0	0.0	0.0	0.0	0.0	0.0	0.0	0.0	0.0	0.0	0.0	1.0	0.0	0.0	0.0	0.0	0.0
0.0	0.0	0.0	0.0	0.0	0.0	0.0	0.0	0.0	0.0	0.0	0.0	0.0	0.0	0.0	0.0	0.0	0.0	0.0
0.0	0.0	0.0	0.0	0.0	0.0	0.6286636	0.0	0.0	0.0	0.0	0.0	0.0	0.0	0.37133643	0.0	0.0	0.0	0.0
0.0	0.0	0.22977908	0.0	0.0	0.0	0.0	0.0	0.0	0.0	0.77022094	0.0	0.0	0.0	0.0	0.0	0.0	0.0	0.0
0.0	0.0	0.0	0.28818634	0.15100011	0.0	0.078433305	0.038056724	0.1763003	0.09908423	0.022378318	0.0	0.0	0.0	0.11853356	0.0	0.028027127	0.0	0.0
0.0	0.0	0.0	1.0	0.0	0.0	0.0	0.0	0.0	0.0	0.0	0.0	0.0	0.0	0.0	0.0	0.0	0.0	0.0
0.0	0.0	0.0	0.0	0.0	0.0	0.0	0.0	0.0	0.0	0.0	0.0	0.0	0.0	0.0	0.0	0.0	0.0	0.0
0.0	0.0	0.05633274	0.028957607	0.0	0.0	0.0	0.0	0.0	0.0	0.0	0.36909306	0.13009593	0.1652695	0.0	0.0	0.25025114	0.0	0.0
0.0	0.0	0.0	0.0	0.0	0.0	0.0	0.0	0.0	0.6466527	0.0	0.35334727	0.0	0.0	0.0	0.0	0.0	0.0	0.0
0.0	0.0	0.0	0.22647099	0.0	0.0	0.0	0.34549147	0.0	0.22487982	0.20315774	0.0	0.0	0.0	0.0	0.0	0.0	0.0	0.0
0.0	0.0	0.0	0.0	0.0	0.0	0.0	0.0	0.0	0.0	0.0	0.0	0.0	0.0	0.0	0.0	0.0	0.0	0.0
0.0	0.0	0.0	0.0	0.0	0.0	0.0	0.0	0.0	0.0	0.0	0.0	0.0	0.0	0.0	0.0	0.0	0.0	0.0
0.0	0.11035197	0.0	0.0	0.0	0.0	0.0	0.0	0.0	0.26291668	0.0	0.0	0.20893776	0.41779357	0.0	0.0	0.0	0.0	0.0
0.0	0.0	0.0	0.0	0.0	0.0	0.0	0.0	0.0	0.40201688	0.0	0.0	0.0	0.0	0.0	0.0	0.0	0.0	0.5979831
0.0	0.0	0.0	0.0	0.0	0.0	0.0	0.0	0.0	0.0	0.0	0.0	0.0	0.0	0.0	0.0	0.0	0.0	0.0
0.0	0.0	0.0	0.0	0.0	0.0	0.0	0.0	0.0	0.0	0.0	0.0	0.0	0.0	0.0	0.0	0.0	0.0	0.0
0.0	0.0	0.0	0.0	0.0	0.0	0.0	0.0	0.0	0.0	0.0	0.0	0.0	0.0	0.0	0.0	0.0	0.0	0.0
0.0	0.0	0.0	0.0	0.0	0.0	0.0	0.0	0.0	0.0	0.0	0.0	0.0	0.0	0.0	0.0	0.0	0.0	0.0
0.0	0.0	0.0	0.0	0.0	0.0	0.0	0.0	0.0	0.0	0.0	0.0	0.0	0.0	0.0	0.0	0.0	0.0	0.0
0.0	0.0	0.0	0.0	0.104192086	0.0	0.22511278	0.0	0.0	0.0	0.0	0.20732284	0.22707008	0.13069592	0.10560629	0.0	0.0	0.0	0.0
0.0	0.0	0.0	0.0	0.0	0.0	0.0	0.0	0.0	0.0	0.0	0.0	0.0	0.0	0.0	0.0	0.0	0.0	1.0
0.0	0.0	0.0	0.0	0.0	0.0	0.0	0.0	0.0	0.0	0.0	0.0	0.58710825	0.20917223	0.0	0.20371953	0.0	0.0	0.0
0.0	0.0	0.0	0.0	0.0	0.0	0.0	0.0	0.0	0.0	0.0	0.0	0.0	0.33705282	0.6629472	0.0	0.0	0.0	0.0
0.0	0.0	0.0	0.0	0.0	0.0	0.0	0.0	0.0	1.0	0.0	0.0	0.0	0.0	0.0	0.0	0.0	0.0	0.0
0.0	0.0	0.0	0.0	0.0	0.0	0.0	0.0	0.0	0.0	0.0	0.0	0.0	0.0	0.0	0.0	0.0	1.0	0.0
0.0	0.0	0.0	0.0	0.37768343	0.0	0.0	0.0	0.0	0.49577266	0.0	0.0	0.0	0.12654391	0.0	0.0	0.0	0.0	0.0
0.0	0.0	0.0	0.0	0.67185694	0.0	0.0	0.0	0.18482096	0.0	0.0	0.0	0.0	0.14332213	0.0	0.0	0.0	0.0	0.0
0.0	0.0	0.0	0.0	1.0	0.0	0.0	0.0	0.0	0.0	0.0	0.0	0.0	0.0	0.0	0.0	0.0	0.0	0.0
0.0	0.0	0.0	0.0	0.1447016	0.0	0.0	0.45133746	0.0	0.0	0.20194297	0.20201798	0.0	0.0	0.0	0.0	0.0	0.0	0.0
0.0	0.0	0.0	0.0	0.053179223	0.22215937	0.0	0.0	0.0	0.0	0.0	0.0	0.67517346	0.04948797	0.0	0.0	0.0	0.0	0.0
0.0	0.0	0.0	1.0	0.0	0.0	0.0	0.0	0.0	0.0	0.0	0.0	0.0	0.0	0.0	0.0	0.0	0.0	0.0
0.0	0.0	0.0	0.0	0.0	0.0	0.0	0.0	0.0	0.0	0.0477036	0.06624093	0.0	0.0	0.0	0.0	0.0	0.0	0.88605547
0.0	0.0	0.0	0.0	0.0	0.0	0.0	0.0	0.0	0.0	0.08328534	0.15934196	0.0	0.0	0.0	0.0	0.0	0.0	0.7573727
0.0	0.0	0.0	0.0	0.0	0.037834957	0.0	0.0	0.0	0.25695035	0.11042153	0.0	0.0	0.046667792	0.0	0.0	0.0	0.042327214	0.50579816
0.0	0.0	0.0	0.0	0.0	0.0	0.0	0.0	0.0	0.0	1.0	0.0	0.0	0.0	0.0	0.0	0.0	0.0	0.0
0.0	0.0	0.0	0.0	0.27795935	0.0	0.0	0.0	0.0	0.0	0.0	0.0	0.0	0.0	0.0	0.0	0.0	0.0	0.72204065
0.0	0.0	0.0	0.0	0.0	0.0	0.0	0.0	0.0	0.0	0.0	1.0	0.0	0.0	0.0	0.0	0.0	0.0	0.0
0.0	0.0	0.0	0.0	0.0	0.0	0.0	0.0	0.0	0.0	1.0	0.0	0.0	0.0	0.0	0.0	0.0	0.0	0.0
0.0	0.0	0.0	0.0	1.0	0.0	0.0	0.0	0.0	0.0	0.0	0.0	0.0	0.0	0.0	0.0	0.0	0.0	0.0
0.0	0.17749879	0.0	0.0	0.0	0.0	0.0	0.0	0.0	0.0	0.25176805	0.10938279	0.0	0.0	0.0	0.0	0.0	0.117866494	0.3434839
0.0	0.0	0.0	0.0	0.0	0.059293196	0.0	0.0	0.0	0.0	0.121656	0.07176563	0.087679446	0.100996695	0.0	0.0	0.0	0.0	0.558609
0.0	0.0	0.0	0.0	0.0	0.0	0.0	0.0	0.0	0.0	0.28236035	0.0	0.0	0.29856893	0.0	0.0	0.41907072	0.0	0.0
0.0	0.0	0.0	0.0	0.0	0.0	0.0	0.0	0.0	0.0	0.0	0.0	0.0	0.0	0.0	0.0	0.0	0.0	0.0
0.0	0.0	0.0	0.0	0.1677968	0.19889948	0.0	0.0	0.0	0.0	0.0	0.0	0.0	0.26817575	0.0	0.0	0.0	0.24323268	0.12189525
0.0	0.0	0.0	0.0	0.0	0.0	0.0	0.0	0.0	0.0	0.0	0.0	0.0	0.0	0.0	0.0	0.0	0.0	1.0
0.0	0.0	0.0	0.0	0.0	0.0	0.0	0.0	0.24777558	0.0	0.0	0.0	0.0	0.2826931	0.0	0.0	0.0	0.25639978	0.21313155
0.0	0.0	0.0	0.0	0.0	0.0	0.0	0.0	0.0	0.0	0.0	0.0	0.0	0.0	0.0	0.0	0.0	0.0	0.0
0.0	0.0	0.0	0.0	0.0	0.0	0.20829438	0.0	0.0	0.0	0.0	0.0	0.0	0.0	0.0	0.7917056	0.0	0.0	0.0
0.0	0.0	0.0	0.0	0.0	0.0	0.0	0.0	0.0	0.0	0.0	0.0	0.0	0.0	0.0	0.0	0.0	0.0	0.0
0.0	0.0	0.0	0.0	0.0	0.0	0.0	0.0	0.0	0.0	0.0	0.0	0.0	0.0	0.0	0.0	0.0	0.0	0.0
0.0	0.0	0.0	0.0	0.0	0.0	0.0	0.0	0.0	0.0	0.0	0.0	0.0	0.0	0.0	0.0	0.0	0.0	0.0
0.0	0.0	0.0	0.0	0.0	0.0	0.0	0.0	0.0	0.0	0.0	0.0	0.0	0.0	0.0	0.0	0.0	0.0	0.0
0.0	0.0	0.0	0.0	0.0	0.5819832	0.0	0.0	0.0	0.0	0.0	0.0	0.4180168	0.0	0.0	0.0	0.0	0.0	0.0
0.0	0.0	0.0	0.0	0.0	1.0	0.0	0.0	0.0	0.0	0.0	0.0	0.0	0.0	0.0	0.0	0.0	0.0	0.0
0.0	0.0	0.0	0.0	0.0	0.0	0.0	0.0	0.0	0.0	0.0	0.0	0.0	0.0	0.0	0.0	0.0	0.0	0.0
0.0	0.0	0.0	0.0	0.0	0.0	0.0	0.0	0.0	0.0	0.0	0.0	0.0	0.0	0.0	0.0	0.0	1.0	0.0
0.0	0.0	0.0	0.0	0.86415285	0.0	0.0	0.0	0.0	0.0	0.0	0.0	0.0	0.0	0.0	0.0	0.13584714	0.0	0.0
0.0	0.0	0.0	0.0	0.0	0.6146758	0.0	0.0	0.0	0.0	0.0	0.0	0.0	0.0	0.38532418	0.0	0.0	0.0	0.0
0.0	0.0	0.0	0.0	0.0	0.0	0.0	0.0	0.0	0.0	0.0	0.0	0.0	0.0	0.0	0.0	0.0	0.0	0.0
0.0	0.0	0.19147123	0.15828033	0.0	0.0	0.23462418	0.0	0.0	0.0	0.0	0.28320223	0.0	0.13242204	0.0	0.0	0.0	0.0	0.0
0.0	0.0	0.0	0.0	0.0	0.1933274	0.0	0.0	0.0	0.8066726	0.0	0.0	0.0	0.0	0.0	0.0	0.0	0.0	0.0
0.0	0.4224113	0.0	0.0	0.0	0.0	0.0	0.0	0.0	0.38599434	0.0	0.0	0.0	0.0	0.0	0.0	0.0	0.0	0.19159436
0.0	0.0	0.0	0.0	0.0	0.35567832	0.0	0.0	0.0	0.6443217	0.0	0.0	0.0	0.0	0.0	0.0	0.0	0.0	0.0
0.0	0.0	0.14189933	0.0	0.0	0.0	0.0	0.0	0.079813495	0.49527135	0.0	0.03876047	0.0	0.052342266	0.0	0.0	0.08929851	0.10261457	0.0
0.0	0.0	0.0	0.0	0.0	0.033713058	0.0	0.0	0.028370386	0.6483293	0.0	0.0	0.047805335	0.091563694	0.052169703	0.09804854	0.0	0.0	0.0
0.0	0.0	0.0	0.0	0.0	0.0	0.0	0.0	0.0	0.31776014	0.0	0.0	0.0	0.13871805	0.54352176	0.0	0.0	0.0	0.0
0.0	0.0	0.0	0.0	0.0	0.0	0.0	0.0	0.0	1.0	0.0	0.0	0.0	0.0	0.0	0.0	0.0	0.0	0.0
0.0	0.0	0.0	0.0	0.0	0.0	0.0	0.0	0.0	1.0	0.0	0.0	0.0	0.0	0.0	0.0	0.0	0.0	0.0
0.0	0.0	0.0	0.0	0.0	0.0	0.0	0.0	0.0	1.0	0.0	0.0	0.0	0.0	0.0	0.0	0.0	0.0	0.0
0.0	0.5102627	0.0	0.0	0.0	0.0	0.0	0.0	0.0	0.0	0.0	0.0	0.0	0.16711994	0.0	0.0	0.0	0.32261732	0.0
0.0	0.0	0.0	0.0	0.0	0.0	0.0	0.0	0.0	0.0	0.0	0.0	0.0	0.0	0.0	0.0	0.0	1.0	0.0
0.0	0.0	0.0	0.0	0.0	0.0	0.0	0.0	0.12129063	0.0	0.0	0.0	0.0	0.46078345	0.0	0.0	0.0	0.41792592	0.0
0.0	0.0	0.0	0.0	1.0	0.0	0.0	0.0	0.0	0.0	0.0	0.0	0.0	0.0	0.0	0.0	0.0	0.0	0.0
0.0	0.0	0.0	0.0	0.22924899	0.0	0.0	0.0	0.33028135	0.0	0.0	0.0	0.0	0.23097642	0.0	0.0	0.0	0.20949326	0.0
0.0	0.0	0.0	0.45179033	0.0	0.16154343	0.0	0.0	0.0	0.0	0.0	0.0	0.13674127	0.0	0.24992497	0.0	0.0	0.0	0.0
0.0	0.0	0.0	0.0	0.0	0.0	0.0	0.0	0.0	0.0	0.0	0.0	0.0	0.0	0.0	0.0	1.0	0.0	0.0
0.0	0.0	0.0	0.0	0.0	0.0	0.0	0.0	0.0	0.0	0.0	0.053970285	0.1051998	0.11506202	0.0	0.20238999	0.41901782	0.10436008	0.0
0.0	0.015100271	0.0	0.25916395	0.0	0.08023725	0.118252054	0.0	0.016858475	0.10429115	0.15800495	0.0	0.0	0.05142294	0.0	0.0	0.19666894	0.0	0.0
0.0	0.0	0.0	0.0	0.0	0.4132057	0.0	0.0	0.0	0.0	0.0	0.0	0.0	0.0	0.0	0.0	0.5867943	0.0	0.0
0.0	0.0	0.0	0.0	0.0	0.0	0.0	0.0	0.0	0.4619406	0.0	0.0	0.0	0.0	0.0	0.0	0.5380594	0.0	0.0
0.0	0.0	0.0	0.0	0.0	0.0	0.0	0.0	0.0	0.0	0.0	0.0	0.0	0.1174552	0.0	0.23190674	0.5441074	0.106530674	0.0
0.0	0.0	0.0	0.0	0.0	0.0	0.0	0.0	0.0	0.562169	0.0	0.0	0.0	0.27153057	0.0	0.0	0.16630045	0.0	0.0
0.0	0.052939944	0.0	0.0	0.30559304	0.0	0.0	0.0	0.17074363	0.26925611	0.0	0.0	0.0	0.0	0.0	0.099595495	0.10187179	0.0	0.0
0.0	0.0	0.0	0.0	0.0	0.0	0.0	0.0	0.0	0.0	0.0	0.0	0.0	0.38445956	0.37343752	0.2421029	0.0	0.0	0.0
0.0	0.0	0.0	0.0	0.0	0.0	0.0	0.0	0.0	0.0	0.5101694	0.0	0.0	0.0	0.48983064	0.0	0.0	0.0	0.0
0.0	0.0	0.0	0.0	0.0	0.0	0.0	0.0	0.0	0.0	0.0	0.0	0.124388225	0.49710256	0.313758	0.0	0.06475121	0.0	0.0
0.0	0.17855243	0.0	0.0	0.28682396	0.53462356	0.0	0.0	0.0	0.0	0.0	0.0	0.0	0.0	0.0	0.0	0.0	0.0	0.0
0.0	0.0	0.0	0.0	0.0	0.0	0.0	0.0	0.0	0.0	0.0	0.0	0.0	0.0	0.0	0.0	0.0	0.0	0.0
0.0	0.0	0.0	0.0	0.0	0.0	0.0	0.0	0.0	1.0	0.0	0.0	0.0	0.0	0.0	0.0	0.0	0.0	0.0
0.0	0.0	0.0	0.0	0.0	0.0	0.0	0.0	0.0	1.0	0.0	0.0	0.0	0.0	0.0	0.0	0.0	0.0	0.0
0.0	0.0	0.0	0.0	0.0	0.0	0.0	0.0	0.0	1.0	0.0	0.0	0.0	0.0	0.0	0.0	0.0	0.0	0.0
0.0	0.115599215	0.0	0.0	0.0	0.5047372	0.0	0.0	0.0	0.0	0.0	0.0	0.0	0.0	0.30538926	0.07427431	0.0	0.0	0.0
0.0	0.08566375	0.0	0.115409136	0.24968114	0.0	0.0	0.0	0.252761	0.0	0.0	0.0	0.0	0.29648498	0.0	0.0	0.0	0.0	0.0
0.0	0.0	0.0	0.48843634	0.0	0.12502131	0.0	0.0	0.0	0.21035084	0.0	0.0	0.0	0.1761915	0.0	0.0	0.0	0.0	0.0
0.0	0.0	0.0	0.0	0.34990203	0.65009797	0.0	0.0	0.0	0.0	0.0	0.0	0.0	0.0	0.0	0.0	0.0	0.0	0.0
0.0	0.0	0.0	0.0	0.0	0.13961864	0.0	0.5417932	0.0	0.0	0.31858814	0.0	0.0	0.0	0.0	0.0	0.0	0.0	0.0
0.0	0.0	0.0	0.0	0.0	0.0	0.0	0.0	0.0	0.0	0.0	0.0	0.0	0.52438664	0.0	0.0	0.0	0.47561336	0.0
0.0	0.0	0.0	0.0	0.0789776	0.0	0.0	0.0	0.0	0.09504836	0.0	0.0	0.0	0.5460587	0.0	0.0	0.0	0.27991533	0.0
0.0	0.0	0.0	0.0	0.05525288	0.31718683	0.0	0.0	0.22785574	0.0	0.0	0.0	0.0	0.0	0.2250321	0.0	0.17467244	0.0	0.0
0.0	0.046731766	0.0	0.0	0.09167979	0.0	0.3260454	0.0	0.0	0.0	0.0	0.0	0.0	0.22990625	0.0	0.0	0.0	0.3056368	0.0
0.0	0.0	0.0	0.0	0.0	0.47209072	0.0	0.0	0.08273838	0.0	0.0	0.36647165	0.0	0.0	0.07869925	0.0	0.0	0.0	0.0
0.0	0.22060737	0.0	0.0	0.0	0.0	0.0	0.0	0.590003	0.10393907	0.0	0.0	0.0	0.08545053	0.0	0.0	0.0	0.0	0.0
0.0	0.0	0.0	0.0	0.0	0.0	0.0	0.0	0.0	1.0	0.0	0.0	0.0	0.0	0.0	0.0	0.0	0.0	0.0
0.0	0.0	0.0	0.0	0.0	0.0	0.3525073	0.0	0.33218977	0.0	0.15979421	0.0	0.13812621	0.017382521	0.0	0.0	0.0	0.0	0.0
0.0	0.26496604	0.0	0.0	0.0	0.2319154	0.0	0.0	0.06101992	0.0	0.44209862	0.0	0.0	0.0	0.0	0.0	0.0	0.0	0.0
0.0	0.0	0.0	0.0	0.0	0.0	0.0	0.28798345	0.0	0.0	0.0	0.0	0.0	0.0	0.17639044	0.0	0.0	0.5356261	0.0
0.0	0.0	0.0	0.0	0.21723594	0.21197431	0.0	0.0	0.0	0.0	0.0	0.07759725	0.0	0.080117606	0.15790693	0.050451875	0.0	0.20471609	0.0
0.0	0.0	0.0	0.0	0.0	0.0	0.0	0.0	0.0	0.0	0.0	0.0	0.0	0.0	0.0	0.0	0.0	0.0	0.0
0.0	0.0	0.0	0.0	0.15263961	0.0	0.0	0.0	0.69734144	0.0	0.0	0.0	0.0	0.15001898	0.0	0.0	0.0	0.0	0.0
0.0	0.0	0.0	0.0	0.0	0.0	0.0	0.0	0.0	0.0	0.0	0.0	0.0	0.52438664	0.0	0.0	0.0	0.47561336	0.0
0.0	0.0	0.0	0.017579406	0.065643735	0.0	0.13036498	0.1338721	0.0	0.0	0.2802192	0.3030734	0.06924717	0.0	0.0	0.0	0.0	0.0	0.0
0.0	0.0	0.0	0.0	0.0	0.0	0.0	0.0	0.0	0.0	0.0	1.0	0.0	0.0	0.0	0.0	0.0	0.0	0.0
0.0	0.0	0.0	0.22949699	0.0	0.0	0.0	0.0	0.0	0.19184797	0.0	0.0	0.0	0.2024532	0.2604722	0.0	0.0	0.11572963	0.0
0.012911148	0.0	0.007686038	0.119625114	0.08439769	0.0	0.0	0.14843552	0.07914162	0.062265135	0.029696917	0.0	0.12574603	0.15669875	0.031355564	0.008386159	0.046139386	0.031145614	0.056369316
0.0	0.0	0.0	0.0	0.0	0.0	0.0	0.12837145	0.0	0.0	0.17890498	0.0	0.18266016	0.25027183	0.0	0.0	0.0	0.25979155	0.0
0.0095726475	0.0	0.07873977	0.13241307	0.05867755	0.021275451	0.02498079	0.0	0.018811135	0.1460653	0.033772003	0.0	0.0	0.0	0.19350545	0.04885105	0.14480859	0.07732954	0.011197649
0.0	0.0	0.032919105	0.10929406	0.1138915	0.10398822	0.0	0.0	0.12039035	0.15884839	0.048799634	0.030180419	0.10677972	0.033255935	0.0	0.0	0.11447985	0.013137024	0.014035812
0.0	0.019300254	0.03547637	0.0	0.047285497	0.022407977	0.1196365	0.034043003	0.030351	0.2172152	0.0064566163	0.0	0.0	0.037948206	0.0	0.14025615	0.037795015	0.22122525	0.030602954
0.0	0.035041038	0.0	0.101652846	0.0	0.066377304	0.18699445	0.0	0.0	0.0	0.2250921	0.0	0.0942713	0.079778425	0.08574612	0.020962706	0.10408371	0.0	0.0
0.0	0.021518944	0.0	0.1466648	0.15078013	0.032037854	0.019104946	0.0	0.106109805	0.0893255	0.0	0.009183282	0.051853728	0.08153661	0.16079403	0.0	0.03957	0.0	0.09152038
0.0	0.0	0.0	0.10436236	0.04494561	0.040392816	0.062003035	0.18882914	0.0	0.0	0.014407787	0.054312512	0.09143873	0.16604666	0.0	0.0	0.0	0.094979234	0.13828212
0.0	0.012526057	0.04593775	0.06760314	0.058617093	0.18272938	0.0	0.0	0.0	0.008438838	0.0	0.04363379	0.11256254	0.06457171	0.0	0.06453304	0.006528154	0.079113856	0.25320464
0.0	0.0	0.0	0.0	0.08567865	0.0	0.107289985	0.0	0.049085688	0.089852646	0.05473255	0.059471034	0.0	0.08945433	0.28424117	0.02753495	0.070777185	0.081881806	0.0
0.01719676	0.0	0.0	0.10952132	0.063849606	0.0	0.037229348	0.0	0.028040266	0.069674924	0.040297884	0.009041379	0.24245007	0.16072972	0.07815618	0.0	0.039425615	0.104386926	0.0
0.0	0.0	0.0	0.013597373	0.04279591	0.0	0.0	0.038540844	0.18718179	0.099354096	0.014718587	0.21277556	0.074107364	0.12568316	0.0	0.0	0.057548366	0.0	0.13369694
0.0	0.28944445	0.0	0.0	0.0	0.0	0.0	0.0	0.0	0.71055555	0.0	0.0	0.0	0.0	0.0	0.0	0.0	0.0	0.0
0.0	0.0	0.011100945	0.12492696	0.057711594	0.06469836	0.0	0.110058576	0.21808559	0.045058366	0.0	0.0	0.0	0.083683014	0.24957025	0.0	0.0	0.0	0.035106342
0.0	0.092823304	0.0	0.0	0.0	0.0	0.0	0.0	0.0	0.0	0.0	0.0	0.0	0.39325538	0.5139213	0.0	0.0	0.0	0.0
0.0	0.0	0.0	0.0	0.38413042	0.10659699	0.0	0.07820252	0.0	0.16708586	0.029312758	0.0	0.09531054	0.1393609	0.0	0.0	0.0	0.0	0.0
0.0	0.0	0.0	0.013525556	0.022980997	0.0	0.0	0.10195979	0.0	0.0884327	0.16351524	0.0	0.05109501	0.24799795	0.0	0.0	0.23956546	0.070927285	0.0
0.0	0.0	0.0	0.09694176	0.0	0.0	0.17268467	0.0	0.0	0.11506924	0.0	0.0	0.0	0.03906445	0.0	0.04169085	0.0	0.34001648	0.19453256
0.0	0.0	0.0	0.0	0.0	0.0	0.277493	0.0	0.0	0.0	0.0	0.0	0.0	0.0	0.722507	0.0	0.0	0.0	0.0
0.0	0.0	0.09654169	0.0	0.0	0.22649206	0.0	0.0	0.25250965	0.13757758	0.10096981	0.0	0.0	0.05932306	0.0	0.0	0.12658617	0.0	0.0
0.0	0.277237	0.0	0.0	0.0	0.0	0.0	0.0	0.0	0.722763	0.0	0.0	0.0	0.0	0.0	0.0	0.0	0.0	0.0
0.0	0.0	0.0	0.0	0.0	0.0	0.0	0.0	0.0	0.0	0.0	1.0	0.0	0.0	0.0	0.0	0.0	0.0	0.0
0.0	0.0	0.0	0.0	0.16412126	0.0	0.0	0.4431253	0.0	0.0	0.18207707	0.0	0.0	0.0	0.0	0.0	0.21067634	0.0	0.0
0.0	0.0	0.0	0.0	0.0	0.0	0.0	0.0	0.0	0.0	0.0	0.0	0.0	0.0	0.0	0.0	0.0	0.0	0.0
0.0	0.0	0.0	0.0	0.0	0.0	0.0	0.1458472	0.1698987	0.25875607	0.06977207	0.35572594	0.0	0.0	0.0	0.0	0.0	0.0	0.0
0.0	0.0	0.0	0.0	0.0	0.0	0.0	0.0	0.0	0.5207491	0.0	0.0	0.0	0.4792509	0.0	0.0	0.0	0.0	0.0
0.0	0.0	0.0	0.0	0.0	0.0	0.0	0.0	0.0	0.0	0.0	0.0	0.0	1.0	0.0	0.0	0.0	0.0	0.0
0.0	0.0	0.14189506	0.1557951	0.0	0.0	0.2566595	0.0	0.0	0.0	0.0	0.19655046	0.0	0.24909988	0.0	0.0	0.0	0.0	0.0
0.0	0.0	0.0556674	0.09088385	0.0	0.0	0.0	0.12748267	0.0	0.04153435	0.042106602	0.0	0.0	0.19131175	0.0	0.0	0.12361198	0.3074438	0.019957613
0.0	0.0	0.15717009	0.0	0.0	0.0	0.0	0.0	0.0	0.0	0.0	0.0	0.0	0.2674282	0.0	0.5754017	0.0	0.0	0.0
0.0	0.0	0.021587888	0.053366665	0.021804212	0.0	0.0	0.21656531	0.028483689	0.0	0.11429324	0.0	0.102512024	0.19067922	0.0	0.0	0.0	0.0	0.25070775
0.0	0.0	0.0	0.05489289	0.1198609	0.0	0.0	0.0	0.0	0.0	0.0	0.0	0.26804566	0.33064398	0.0	0.0	0.22655655	0.0	0.0
0.0	0.0	0.0	0.092113264	0.1260096	0.0	0.050573424	0.0	0.059932303	0.079893656	0.0	0.085936084	0.04250009	0.067679815	0.17871141	0.14250562	0.0	0.0	0.07414474
0.0	0.0	0.0	0.0	0.0	0.0	0.0	0.35503358	0.041768946	0.18566737	0.0	0.0	0.2691375	0.0	0.0	0.0	0.0	0.0	0.14839259
0.0	0.0	0.0	0.19103894	0.07879384	0.051417425	0.0	0.0	0.061509028	0.0	0.0685699	0.0	0.1193515	0.05756257	0.12283654	0.15718184	0.09173842	0.0	0.0
0.0	0.0	0.0	0.0	0.0	0.0	0.0	0.0	0.0	0.34895742	0.0	0.0	0.0	0.6510426	0.0	0.0	0.0	0.0	0.0
0.0	0.0	0.5636275	0.0	0.0	0.1876258	0.0	0.0	0.0	0.0	0.0	0.0	0.0	0.0	0.0	0.0	0.0	0.24874674	0.0
0.0	0.0	0.0	0.0	0.0	0.13718332	0.0	0.0	0.0	0.0	0.0	0.0	0.0	0.0	0.22266766	0.0	0.0	0.640149	0.0
0.037691783	0.0	0.0	0.0	0.0	0.0	0.0	0.0	0.0	0.23701997	0.0	0.0	0.11133972	0.040689513	0.0	0.0	0.4219847	0.0	0.15127431
0.0	0.0	0.0	0.089966856	0.09886108	0.040984463	0.25219655	0.0	0.07731082	0.0	0.08399099	0.0	0.22086178	0.113061175	0.0	0.0	0.0	0.02276629	0.0
0.0	0.0	0.0	0.0	0.5464542	0.0	0.0	0.17828	0.0	0.0	0.104833156	0.0	0.17043269	0.0	0.0	0.0	0.0	0.0	0.0
0.0	0.26868477	0.0	0.0	0.0	0.0	0.053976584	0.0	0.0	0.16367166	0.23946431	0.0	0.0	0.22012673	0.0	0.0	0.0	0.05407594	0.0
0.0	0.0	0.0	0.030662727	0.0	0.0	0.08229394	0.0	0.25935945	0.0	0.06841089	0.2267025	0.07450712	0.11624481	0.0	0.14181857	0.0	0.0	0.0
0.0	0.0	0.0	0.0	0.0	0.0	0.0	0.0	0.47173032	0.0	0.0	0.0	0.52826965	0.0	0.0	0.0	0.0	0.0	0.0
0.0	0.0	0.51228434	0.0	0.0	0.0	0.0	0.0	0.0	0.0	0.0	0.0	0.0	0.0	0.0	0.0	0.48771566	0.0	0.0
0.0	0.0	0.0	0.0	0.0	0.0	0.18674311	0.0	0.0	0.19029409	0.0	0.0	0.0	0.20720989	0.0	0.0	0.41575292	0.0	0.0
0.0	0.07155218	0.016826825	0.0	0.07375392	0.0	0.0	0.16543254	0.17541273	0.0	0.20914298	0.11967303	0.0	0.0	0.0	0.0	0.15050253	0.0	0.01770326
0.0	0.0	0.0	0.0	0.08902736	0.0	0.26219356	0.0	0.0	0.31374404	0.0	0.0	0.0	0.22428048	0.0	0.0	0.0	0.0	0.110754564
0.0	0.0	0.024762947	0.0	0.0	0.0	0.0	0.0	0.0	0.26989198	0.0	0.0	0.23704109	0.0	0.0	0.0	0.468304	0.0	0.0
0.0	0.0	0.0	0.0	0.1843519	0.0	0.16799839	0.0	0.0	0.0	0.0	0.0	0.0	0.0	0.0	0.6476497	0.0	0.0	0.0
0.0	0.0	0.0	0.0	0.0	0.0	0.0	0.0	0.0	0.0	0.07440326	0.0	0.0	0.0	0.9255967	0.0	0.0	0.0	0.0
0.0	0.0	0.0	0.0	0.49881706	0.0	0.0	0.0	0.0	0.0	0.0	0.0	0.5011829	0.0	0.0	0.0	0.0	0.0	0.0
0.0	0.1205196	0.0	0.0	0.0	0.0	0.22828299	0.41006738	0.0	0.0	0.24113002	0.0	0.0	0.0	0.0	0.0	0.0	0.0	0.0
0.0	0.14364693	0.0	0.0	0.06440535	0.0	0.0	0.0	0.08413521	0.0	0.20158274	0.0	0.0	0.18530422	0.32092553	0.0	0.0	0.0	0.0
0.0	0.0	0.0	0.0	0.0	0.0	0.0	0.0	0.0	0.0	0.0	0.0	1.0	0.0	0.0	0.0	0.0	0.0	0.0
0.0	0.0	0.0	0.0	0.0	0.18594307	0.0	0.0	0.0	0.2361256	0.0	0.0	0.0	0.30340248	0.0	0.0	0.0	0.27452886	0.0
0.0	0.0	0.0	0.0	0.0	0.0	0.0	0.0	0.0	0.0	0.0	0.0	0.0	0.0	0.0	0.0	0.0	0.0	0.0
0.0	0.0	0.0	0.0	0.0	0.0	0.0	0.0	0.0	0.0	0.0	0.0	0.0	0.52438664	0.0	0.0	0.0	0.47561336	0.0
0.0	0.0	0.0	0.0	0.1457249	0.0	0.0	0.0	0.0	0.3387532	0.0	0.04231972	0.0	0.0	0.26863033	0.0	0.0	0.0	0.20457187
0.0	0.0	0.0	0.0	0.0	0.0	0.0	0.0	0.0	0.0	0.0	0.0	0.0	0.4943936	0.0	0.0	0.0	0.5056064	0.0
0.0	0.0	0.0	0.0	0.094377466	0.0	0.4800786	0.0	0.0	0.0	0.0	0.0	0.0	0.0	0.0	0.09526467	0.0	0.0	0.33027923
0.15127626	0.0	0.0	0.0	0.0	0.26673958	0.0	0.0	0.0	0.0	0.0	0.0	0.0	0.24924286	0.0	0.0	0.3327413	0.0	0.0
0.0	0.0	0.0	0.0	0.096779674	0.0	0.0	0.0	0.01935459	0.0	0.18484452	0.0	0.04926952	0.0	0.0	0.64975166	0.0	0.0	0.0
0.0	0.0	0.0	0.3211895	0.10882762	0.42781717	0.0	0.0	0.14216575	0.0	0.0	0.0	0.0	0.0	0.0	0.0	0.0	0.0	0.0
0.0	0.0	0.0	0.0	0.20979483	0.0	0.0	0.0	0.0	0.0	0.0	0.0	0.0	0.0	0.46737894	0.0	0.32282624	0.0	0.0
0.0	0.0	0.0	0.0	0.45351216	0.0	0.0	0.0	0.0	0.0	0.54648787	0.0	0.0	0.0	0.0	0.0	0.0	0.0	0.0
0.0	0.0	0.0	0.0	0.3963318	0.0	0.0	0.0	0.0	0.0	0.0	0.0	0.0	0.0	0.0	0.2935346	0.3101336	0.0	0.0
0.0	0.0	0.0	0.41225818	0.22826783	0.0	0.0	0.0	0.0	0.0	0.0	0.0	0.23682751	0.0	0.0	0.0	0.030871361	0.0	0.091775134
0.0	0.0	0.013418661	0.065139905	0.0	0.0	0.0	0.104291715	0.0	0.0	0.33647174	0.0	0.17448021	0.16503642	0.05872401	0.0	0.06833845	0.0	0.014098901
0.0	0.0	0.0	0.21521902	0.030003859	0.025475578	0.0	0.0	0.0	0.0	0.0	0.15240948	0.25989482	0.0	0.18258393	0.0	0.052500796	0.0	0.0819125
0.0	0.0	0.22161028	0.0	0.10585572	0.07587044	0.0	0.0	0.0258665	0.18680939	0.06093536	0.07160592	0.008225832	0.05480774	0.057623092	0.021220315	0.017873965	0.09169544	0.0
0.0	0.0	0.0	0.0	0.0	0.0	0.0	0.0	0.0	0.0	0.0	0.0	0.0	0.0	0.0	0.0	0.0	0.0	0.0
0.0	0.0	0.0	0.52041626	0.30392882	0.0	0.17565492	0.0	0.0	0.0	0.0	0.0	0.0	0.0	0.0	0.0	0.0	0.0	0.0
0.0	0.0	0.0	0.110573985	0.07649293	0.047511622	0.13302146	0.16449533	0.0	0.031970054	0.32977462	0.0	0.0	0.02693586	0.06600138	0.0	0.013222748	0.0	0.0
0.0	0.0	0.0	0.020119105	0.024128996	0.0	0.10877264	0.0	0.18609634	0.0	0.0	0.0	0.27950755	0.0	0.0	0.0	0.07295062	0.24347427	0.06495046
0.0	0.15464991	0.5010124	0.0	0.0	0.0	0.0	0.0	0.3443377	0.0	0.0	0.0	0.0	0.0	0.0	0.0	0.0	0.0	0.0
0.0	0.0	0.24829961	0.0	0.10991579	0.0	0.0	0.29677126	0.13330835	0.0	0.12194121	0.0	0.0	0.0	0.0	0.0	0.0	0.0	0.08976378
0.0	0.0	0.0	0.037662704	0.2304358	0.010921301	0.04277206	0.0	0.0	0.07856083	0.040298738	0.0	0.05305959	0.0	0.120611235	0.37482792	0.0	0.0	0.010849822
0.0	0.0	0.0	0.0	0.0	0.0	0.0	0.17730607	0.0	0.0	0.034281377	0.22250327	0.0	0.0	0.0	0.43592027	0.0	0.0	0.129989
0.0	0.025576266	0.0	0.2119624	0.26991266	0.22499162	0.0	0.0	0.0514347	0.0	0.0	0.0	0.04934905	0.11578422	0.0	0.0	0.0125386985	0.025155308	0.013295091
0.0	0.0	0.0	0.0	0.0	0.0	0.0	0.0	0.0	0.24719124	0.0	0.0	0.0	0.0	0.2899761	0.0	0.26073134	0.20210132	0.0
0.0	0.0	0.0	0.0	0.0	0.0	0.27635124	0.0	0.0	0.0	0.7236487	0.0	0.0	0.0	0.0	0.0	0.0	0.0	0.0
0.0	0.0	0.0	0.014274748	0.0	0.054594584	0.0	0.30469328	0.043267958	0.0	0.07865419	0.15355271	0.08147322	0.02876378	0.09153173	0.0	0.0	0.1491938	0.0
0.0	0.0	0.0	0.0	0.0	0.059093498	0.0	0.0	0.0	0.0	0.0	0.0	0.0	0.0	0.0	0.9409065	0.0	0.0	0.0
0.0	0.0	0.42839494	0.17849956	0.0	0.0	0.0	0.0	0.0	0.0	0.0	0.19620305	0.0	0.0	0.19690242	0.0	0.0	0.0	0.0
0.0	0.0	0.0	0.0	0.0	0.0	0.0	0.0	0.0	0.30112246	0.0	0.0	0.0	0.07891181	0.5197741	0.0	0.0	0.0	0.10019166
0.0	0.18138048	0.0	0.14709806	0.06183266	0.23854122	0.0	0.0	0.080774404	0.0	0.0	0.0	0.0	0.29037318	0.0	0.0	0.0	0.0	0.0
0.0	0.0	0.15232566	0.0	0.25086677	0.0	0.0	0.066464335	0.0	0.34859422	0.030871635	0.0	0.031087432	0.0	0.0	0.017415196	0.013800002	0.088574745	0.0
0.0	0.0	0.0	0.0	0.26427785	0.15181717	0.0	0.0	0.18213686	0.0	0.0	0.0	0.0	0.116117574	0.0	0.0	0.28565055	0.0	0.0
0.0	0.0	0.0	0.0	0.24715069	0.30304176	0.0	0.0	0.0	0.0	0.0	0.0	0.0	0.0	0.0	0.0	0.22868899	0.22111858	0.0
0.0	0.0	0.0	0.0	0.45213264	0.0	0.0	0.07551173	0.0	0.118538305	0.044402815	0.0	0.1443759	0.043210976	0.0	0.0	0.12182761	0.0	0.0
0.0	0.04012471	0.0566137	0.10834247	0.030189859	0.26812324	0.14364846	0.0	0.094656624	0.0	0.0	0.0	0.0	0.0	0.0	0.0	0.0	0.21507847	0.04322247
0.0	0.025473334	0.0	0.052667197	0.08523971	0.093297176	0.0	0.0	0.026375823	0.0	0.1323342	0.18751878	0.23363855	0.029227125	0.0	0.0	0.10292476	0.031303335	0.0
0.0	0.0	0.14703956	0.0	0.05571675	0.09328249	0.0	0.07860654	0.13449018	0.09606609	0.0	0.0	0.020429144	0.045976505	0.0	0.0	0.19693638	0.0	0.13145635
0.0	0.0	0.0	0.0	0.0	1.0	0.0	0.0	0.0	0.0	0.0	0.0	0.0	0.0	0.0	0.0	0.0	0.0	0.0
0.0	0.0	0.0	0.0	0.0	0.54888606	0.0	0.0	0.0	0.0	0.0	0.0	0.0	0.0	0.0	0.0	0.0	0.45111397	0.0
0.0	0.19375756	0.0	0.0	0.0	0.0	0.0	0.0	0.23395437	0.0	0.0	0.0	0.0	0.0	0.0	0.0	0.36280864	0.0	0.2094794
0.0039515477	0.0039215465	0.09285655	0.05735986	0.09876753	0.083411895	0.04704275	0.023259582	0.06806738	0.16069488	0.094338275	0.040735994	0.032985076	0.040462844	0.06339271	0.025124086	0.0	0.04724496	0.016382528
0.0	0.0	0.0	0.0	0.0	0.22491357	0.19684555	0.0	0.0	0.0	0.35427108	0.0	0.0	0.17381269	0.0	0.0	0.0	0.050157133	0.0
0.0	0.0	0.0	0.0	0.0	0.0	0.0	0.0	0.0	0.0	0.19347304	0.0	0.0	0.0	0.0	0.80652696	0.0	0.0	0.0
0.0	0.08913969	0.0	0.0	0.10614016	0.082974836	0.0	0.14372316	0.0	0.0	0.0	0.0	0.031053107	0.0	0.0	0.54696906	0.0	0.0	0.0
0.0	0.091441676	0.0	0.1328894	0.03111825	0.14482239	0.0	0.0	0.118210934	0.13166746	0.0	0.119466834	0.10463506	0.12574798	0.0	0.0	0.0	0.0	0.0
0.0	0.026396431	0.0	0.0	0.12793563	0.0	0.0	0.15917099	0.18609159	0.37108013	0.0	0.0	0.102286644	0.027038574	0.0	0.0	0.0	0.0	0.0
0.0	0.0	0.0	0.0	0.5151707	0.0	0.0	0.0	0.0	0.0	0.0	0.0	0.0	0.4848293	0.0	0.0	0.0	0.0	0.0
0.0	0.0	0.0	0.0	0.0	0.0	0.0	0.0	0.0	0.0	1.0	0.0	0.0	0.0	0.0	0.0	0.0	0.0	0.0
0.0	0.0	0.0	0.0	0.0	0.0	0.0	0.0	0.8185553	0.0	0.0	0.0	0.0	0.18144467	0.0	0.0	0.0	0.0	0.0
0.0	0.0	0.0	0.0	1.0	0.0	0.0	0.0	0.0	0.0	0.0	0.0	0.0	0.0	0.0	0.0	0.0	0.0	0.0
0.0	0.0	0.0	0.0	0.0	0.0	0.0	0.4004738	0.0	0.38730395	0.0	0.0	0.21222226	0.0	0.0	0.0	0.0	0.0	0.0
0.0	0.0	0.0	0.0	0.0	0.0	0.0	0.0	0.15496425	0.0	0.110811666	0.0	0.36567464	0.0	0.0	0.33720183	0.0	0.031347606	0.0
0.0	0.0	0.0	0.0	0.26514828	0.0	0.2518293	0.0	0.0	0.0	0.0	0.0	0.0	0.0	0.2699184	0.0	0.0	0.21310398	0.0
0.0	0.106568374	0.0	0.12047507	0.0	0.0	0.0	0.0	0.13535474	0.0	0.12192262	0.0	0.21318941	0.15862161	0.0	0.0	0.0	0.14386818	0.0
0.0	0.049511984	0.0	0.07606018	0.13701978	0.0	0.0	0.06159588	0.22546846	0.101930544	0.0	0.0	0.0	0.01726566	0.10130685	0.22984067	0.0	0.0	0.0
0.0	0.025602499	0.0	0.0	0.0135554215	0.0	0.17531672	0.114064276	0.05755138	0.19662268	0.0	0.058328666	0.073300116	0.0	0.06774803	0.13567363	0.08223657	0.0	0.0
0.0	0.0	0.0	0.0	0.0	0.0	0.0	0.0	0.0	0.0	0.0	0.0	0.0	0.0	0.0	1.0	0.0	0.0	0.0
0.0	0.0	0.0	0.0	0.0	0.0	0.0	0.41990608	0.0	0.0	0.18553661	0.06630016	0.020401191	0.075482495	0.0	0.23237348	0.0	0.0	0.0
0.0	0.07516067	0.0	0.078286536	0.08005146	0.0	0.0	0.0	0.0	0.5938836	0.0	0.0	0.0	0.0	0.0	0.17261775	0.0	0.0	0.0
0.0	0.07499349	0.0	0.0	0.5961107	0.0	0.0	0.045097806	0.0	0.23484126	0.0	0.0	0.0	0.023116205	0.0	0.0	0.025840547	0.0	0.0
0.0	0.0	0.0	0.0	0.0	0.0	0.0	0.0	0.0	1.0	0.0	0.0	0.0	0.0	0.0	0.0	0.0	0.0	0.0
0.0	0.06173513	0.0	0.0	0.0	0.0	0.0	0.0	0.0	0.8691308	0.0	0.0	0.06913407	0.0	0.0	0.0	0.0	0.0	0.0
0.0	0.0	0.0	0.0	0.0	0.108137265	0.0	0.32126692	0.11719504	0.12903	0.0	0.0	0.19656558	0.0	0.0	0.0	0.1278052	0.0	0.0
0.0	0.1666768	0.0	0.0	0.0	0.0	0.0	0.0	0.0	0.8333232	0.0	0.0	0.0	0.0	0.0	0.0	0.0	0.0	0.0
0.0	0.051193845	0.0	0.0	0.0	0.0	0.0	0.0	0.4011427	0.31872568	0.05143701	0.0	0.0	0.07882595	0.0	0.0	0.09867482	0.0	0.0
0.0	0.09630636	0.13747613	0.0	0.15060052	0.0	0.0	0.19938368	0.031252265	0.2888413	0.06289486	0.0	0.0	0.033244886	0.0	0.0	0.0	0.0	0.0
0.0	0.0	0.3522932	0.047255576	0.16638213	0.0	0.0	0.0	0.0	0.38596532	0.0	0.0	0.0	0.0	0.0	0.0	0.0	0.048103776	0.0
0.0	0.0	0.0	0.061242774	0.0	0.0	0.0	0.0	0.5006532	0.0	0.0	0.0	0.0	0.0	0.438104	0.0	0.0	0.0	0.0
0.0	0.23055373	0.0	0.0	0.0	0.0	0.0	0.0	0.76944625	0.0	0.0	0.0	0.0	0.0	0.0	0.0	0.0	0.0	0.0
0.0	0.0	0.0	0.0	0.0	0.0	0.0	0.0	0.0	0.0	0.29890293	0.3678631	0.15352416	0.0	0.0	0.0	0.0	0.091240965	0.08846886
0.0	0.0	0.0	0.0	0.0	0.0	0.0	0.0	0.0	0.42683768	0.37785694	0.0	0.0	0.10241553	0.0	0.0	0.0	0.092889845	0.0
0.0	0.4631601	0.0	0.0	0.0	0.0	0.0	0.0	0.1203345	0.4165054	0.0	0.0	0.0	0.0	0.0	0.0	0.0	0.0	0.0
0.0	0.0	0.0	0.0	0.13072395	0.0	0.0	0.0	0.0	0.0	0.0	0.0	0.0	0.0	0.0	0.86927605	0.0	0.0	0.0
0.0	0.08702772	0.15498392	0.18746918	0.0	0.0	0.0	0.0	0.23469503	0.33582416	0.0	0.0	0.0	0.0	0.0	0.0	0.0	0.0	0.0
0.0	0.018295763	0.14511222	0.042297684	0.0	0.026224703	0.055289567	0.17475994	0.0	0.20201325	0.018327082	0.0	0.15013628	0.14489284	0.0	0.0	0.022650661	0.0	0.0
0.0	0.0	0.058931276	0.13252251	0.11971283	0.0	0.0	0.097120814	0.0	0.33567464	0.0	0.0	0.062411893	0.04318011	0.068425946	0.0	0.0	0.08201999	0.0
0.0	0.0	0.0	0.0	1.0	0.0	0.0	0.0	0.0	0.0	0.0	0.0	0.0	0.0	0.0	0.0	0.0	0.0	0.0
0.0	0.040886976	0.0	0.0	0.09355488	0.0	0.0	0.0	0.2131567	0.21831764	0.0	0.0	0.0	0.0	0.0	0.0	0.4340838	0.0	0.0
0.0	0.040886976	0.0	0.0	0.09355488	0.0	0.0	0.0	0.2131567	0.21831764	0.0	0.0	0.0	0.0	0.0	0.0	0.4340838	0.0	0.0
0.0	0.0	0.0	0.14494568	0.0	0.0	0.0	0.0	0.07227674	0.0	0.0	0.0	0.0	0.0	0.179389	0.45094195	0.0	0.038682237	0.11376438
0.0	0.0	0.0	0.0	0.0	0.0	0.0	0.68232685	0.0	0.0	0.31767312	0.0	0.0	0.0	0.0	0.0	0.0	0.0	0.0
0.0	0.0	0.12264202	0.0	0.0	0.0	0.08365297	0.19491027	0.0	0.0	0.0	0.08103008	0.05011452	0.22686584	0.07731631	0.16346799	0.0	0.0	0.0
0.0	0.0	0.0	0.0	0.0	0.0	0.0	0.0	0.0	0.40306178	0.0	0.0	0.0	0.0	0.0	0.5969382	0.0	0.0	0.0
0.0	0.0	0.0	0.0	0.0	0.0	0.0	0.0	0.0	0.0	0.0	0.0	0.0	0.0	0.0	0.0	0.0	1.0	0.0
0.0	0.0	0.0	0.0	0.0	0.0	0.0	0.0	0.0	1.0	0.0	0.0	0.0	0.0	0.0	0.0	0.0	0.0	0.0
0.0	1.0	0.0	0.0	0.0	0.0	0.0	0.0	0.0	0.0	0.0	0.0	0.0	0.0	0.0	0.0	0.0	0.0	0.0
0.0	0.0	0.0	0.0	0.0	0.0	0.0	0.0	0.0	0.0	0.0	0.0	0.26176172	0.36552945	0.3727088	0.0	0.0	0.0	0.0
0.0	0.19420677	0.0	0.038841583	0.16084358	0.0	0.0	0.0	0.0	0.38663977	0.0	0.0	0.0	0.0	0.0	0.0	0.21946828	0.0	0.0
0.0	0.0	0.0	0.0	0.0	0.0649943	0.0	0.09366241	0.027367033	0.07019968	0.055075876	0.0	0.070760004	0.098810725	0.0	0.51913	0.0	0.0	0.0
0.0	0.0	0.0	0.0	0.4690042	0.0	0.0	0.30881676	0.0	0.0	0.18159208	0.0	0.0	0.0	0.0	0.0	0.040586952	0.0	0.0
0.0	0.174972	0.0	0.0	0.15610188	0.0	0.0	0.22997946	0.0	0.0	0.0	0.0	0.10778483	0.0	0.0	0.33116183	0.0	0.0	0.0
0.0	0.0	0.0	0.0	0.0	0.0	0.0	0.47471452	0.0	0.053246405	0.0	0.0	0.3297542	0.08353488	0.0	0.0	0.0	0.058749992	0.0
0.0	0.0	0.0	0.0	0.0	0.0	0.0	0.0	0.0	1.0	0.0	0.0	0.0	0.0	0.0	0.0	0.0	0.0	0.0
0.0	0.073172666	0.0	0.0946385	0.123491056	0.0	0.0	0.0	0.0	0.6247851	0.0	0.0	0.058781914	0.0	0.0	0.025130743	0.0	0.0	0.0
0.0	0.0	0.0	0.0	0.0	0.0	0.0	0.0	0.0	0.17984387	0.0	0.0	0.08375201	0.16134752	0.0	0.5750566	0.0	0.0	0.0
0.0	0.15848897	0.0	0.0	0.0	0.0	0.0	0.0	0.2746855	0.0	0.1419115	0.17346038	0.05092768	0.14051536	0.0	0.0	0.0	0.06001061	0.0
0.0	0.0	0.0	0.10640542	0.102192394	0.09290189	0.0	0.136112	0.1040193	0.101725146	0.16595763	0.0	0.095800385	0.0	0.0	0.0	0.0	0.094885826	0.0
0.0	0.035837863	0.0	0.102952085	0.27908766	0.0	0.21522193	0.0	0.0	0.1987855	0.0	0.0	0.0	0.0	0.0	0.16811495	0.0	0.0	0.0
0.0	0.06519943	0.08697968	0.194774	0.21726036	0.0	0.0	0.12394731	0.0	0.0	0.04495449	0.0	0.0	0.020135503	0.15514499	0.09160425	0.0	0.0	0.0
0.0	0.19394463	0.0	0.0	0.0	0.0	0.0	0.0	0.0	0.0	0.0	0.0	0.0	0.0	0.0	0.80605537	0.0	0.0	0.0
0.0	0.0	0.0	0.0	0.0	0.0	0.0	0.0	0.0	0.0	0.0	0.0	0.0	0.0	0.0	0.0	0.0	0.0	0.0
0.0	0.0	0.0	0.0	0.26238096	0.0	0.0	0.0	0.34275845	0.2754276	0.0	0.0	0.0	0.0	0.0	0.0	0.0	0.11943301	0.0
0.0	0.0	0.01443807	0.0	0.0	0.0	0.0	0.5399988	0.0	0.0	0.0	0.0	0.28178647	0.0	0.0	0.1637766	0.0	0.0	0.0
0.0	0.12598781	0.0	0.0	0.12638986	0.075538985	0.0	0.13243936	0.0	0.15713386	0.028192844	0.0	0.0	0.0	0.0	0.35431728	0.0	0.0	0.0
0.0	0.09553403	0.0	0.45330635	0.0	0.0	0.0	0.0	0.0	0.0	0.0	0.0	0.0	0.45115963	0.0	0.0	0.0	0.0	0.0
0.0	0.0	0.0	0.16169015	0.0	0.0	0.0	0.0	0.0	0.0	0.15056922	0.0	0.0	0.0	0.22916263	0.35477906	0.032947097	0.07085183	0.0
0.0	0.43561116	0.0	0.1854271	0.0	0.0	0.0	0.0	0.37896174	0.0	0.0	0.0	0.0	0.0	0.0	0.0	0.0	0.0	0.0
0.0	0.0	0.0	0.0	0.0	0.0	0.0	0.0	0.0	0.0	0.0	0.0	0.0	0.0	0.0	0.0	0.0	0.0	0.0
0.0	0.39689508	0.0	0.41717342	0.0	0.0	0.0	0.0	0.0	0.0	0.0	0.0	0.104397625	0.0	0.081533864	0.0	0.0	0.0	0.0
0.0	0.0	0.0	0.0	0.0	0.0	0.0	0.0	0.0	1.0	0.0	0.0	0.0	0.0	0.0	0.0	0.0	0.0	0.0
0.0	0.0	0.0	0.0	0.21266094	0.26511002	0.0	0.0	0.0	0.0	0.0	0.0	0.522229	0.0	0.0	0.0	0.0	0.0	0.0
0.0	0.0	0.27522746	0.0	0.14320952	0.0	0.0	0.0	0.0	0.47001246	0.0	0.111550555	0.0	0.0	0.0	0.0	0.0	0.0	0.0
0.0	0.0408126	0.0	0.0	0.112473436	0.12195808	0.085387975	0.0	0.122816205	0.12992515	0.0	0.12240464	0.1486798	0.11554213	0.0	0.0	0.0	0.0	0.0
0.0	0.0	0.0	0.0	0.0	0.0	0.0	0.0	0.0	0.0	0.0	0.0	0.0	0.0	0.0	1.0	0.0	0.0	0.0
0.0	0.0	0.0	0.0	0.34127203	0.0	0.0	0.0	0.0	0.0	0.0	0.0	0.658728	0.0	0.0	0.0	0.0	0.0	0.0
0.0	0.0	0.0	0.0	0.0	0.0	0.0	0.0	0.0	1.0	0.0	0.0	0.0	0.0	0.0	0.0	0.0	0.0	0.0
0.0	0.47433224	0.0	0.0	0.0	0.0	0.0	0.0	0.0	0.0	0.0	0.42238563	0.0	0.10328212	0.0	0.0	0.0	0.0	0.0
0.0	0.0	0.0	0.0	0.019080473	0.0	0.1673476	0.1605557	0.0	0.27676407	0.0	0.08210283	0.1031765	0.0	0.0	0.19097282	0.0	0.0	0.0
0.0	0.0	0.0	0.0	0.0	0.0	0.0	0.0	0.0	0.0	0.0	1.0	0.0	0.0	0.0	0.0	0.0	0.0	0.0
0.0	0.0	0.0	0.5004113	0.0	0.49958873	0.0	0.0	0.0	0.0	0.0	0.0	0.0	0.0	0.0	0.0	0.0	0.0	0.0
0.0	0.11744913	0.0	0.0	0.0	0.0	0.0	0.0	0.8825509	0.0	0.0	0.0	0.0	0.0	0.0	0.0	0.0	0.0	0.0
0.0	0.31040424	0.0	0.68959576	0.0	0.0	0.0	0.0	0.0	0.0	0.0	0.0	0.0	0.0	0.0	0.0	0.0	0.0	0.0
0.0	0.0145704085	0.29653355	0.0	0.08200651	0.0	0.0	0.10287546	0.20504744	0.25757754	0.0	0.0	0.04138908	0.0	0.0	0.0	0.0	0.0	0.0
0.0	0.048326604	0.0	0.100487754	0.0	0.0	0.0	0.0	0.0	0.64821696	0.069768935	0.023092674	0.0	0.0	0.0	0.0	0.0	0.1101071	0.0
0.0	0.19709267	0.0	0.14754881	0.0	0.0	0.0	0.0	0.0	0.31517544	0.19810176	0.0	0.0	0.0	0.0	0.0	0.0	0.14208135	0.0
0.0	0.0	0.0	0.0	0.42200327	0.41148958	0.0	0.0	0.0	0.0	0.0	0.0	0.0	0.0	0.0	0.16650715	0.0	0.0	0.0
0.0	0.030216163	0.0	0.021299044	0.0	0.0	0.0	0.50523347	0.0	0.020617677	0.0	0.0	0.30338478	0.016182428	0.039055053	0.048094727	0.0	0.015916675	0.0
0.0	0.0	0.0	0.29230943	0.0	0.0	0.4903288	0.0	0.0	0.0	0.0	0.0	0.0	0.0	0.0	0.0	0.0	0.2173618	0.0
0.0	0.17032333	0.0	0.0	0.21791968	0.0	0.0	0.0	0.0	0.42090032	0.0	0.0	0.0	0.0	0.0	0.0	0.0	0.19085668	0.0
0.0	0.0	0.21459787	0.0	0.04415124	0.0	0.0	0.067660764	0.07401856	0.20144062	0.0	0.055270016	0.074145615	0.13494132	0.0	0.0	0.13377401	0.0	0.0
0.0	0.1414567	0.0	0.21122989	0.0	0.0	0.0	0.0	0.0	0.16101189	0.0	0.0	0.0	0.0	0.0	0.4863015	0.0	0.0	0.0
0.0	0.12479283	0.0	0.13038038	0.0	0.0	0.0	0.0	0.0	0.0	0.0	0.0	0.0	0.10302265	0.0	0.64180416	0.0	0.0	0.0
0.0	0.0	0.103980936	0.06614465	0.06008955	0.0	0.0	0.0	0.07849732	0.12778744	0.016766079	0.0	0.18779792	0.13338138	0.117982216	0.0	0.07688754	0.030684974	0.0
0.0	0.039885644	0.06653421	0.025108375	0.05927403	0.0	0.0	0.12903859	0.0	0.24516846	0.022890888	0.0	0.0	0.31816074	0.059375893	0.0	0.034563165	0.0	0.0
0.0	0.0	0.0	0.0	0.0	0.0	0.0	0.3499595	0.0	0.47254577	0.0	0.0	0.17749475	0.0	0.0	0.0	0.0	0.0	0.0
0.0	0.027244246	0.20394556	0.0	0.0	0.0	0.0	0.0	0.11715172	0.07703386	0.0	0.0	0.0	0.061381284	0.0	0.5132433	0.0	0.0	0.0
0.0	0.10905237	0.0	0.10836016	0.09749955	0.0	0.0	0.110932685	0.05000082	0.0	0.0	0.0	0.0	0.051041957	0.0	0.21506919	0.10205076	0.15599252	0.0
0.0	0.0	0.21598132	0.0	0.0	0.0	0.0	0.24778564	0.0	0.0	0.0	0.0	0.2242722	0.1573792	0.0	0.035875946	0.0	0.11870569	0.0
0.0	0.09555569	0.051687393	0.0	0.024665492	0.0	0.0	0.0	0.052513137	0.20313399	0.014138651	0.0	0.14523634	0.05694521	0.0	0.3297868	0.0	0.026337286	0.0
0.0	0.041473478	0.0	0.0	0.031756394	0.0	0.05694939	0.08907309	0.079664476	0.20497784	0.0	0.06093879	0.14733686	0.16653723	0.0	0.0	0.121292464	0.0	0.0
0.0	0.0	0.0	0.0	0.0	0.0	0.0	0.0	0.13006222	0.0	0.11715531	0.0	0.23626631	0.15024565	0.0	0.17549528	0.19077522	0.0	0.0
0.0	0.0	0.112054616	0.04604809	0.053342942	0.0	0.0	0.07009492	0.0	0.0	0.04121759	0.0	0.0	0.048919294	0.0	0.5778547	0.018424772	0.032043055	0.0
0.0	0.0	0.0	0.0	0.0	0.0	0.0	0.0	0.0	1.0	0.0	0.0	0.0	0.0	0.0	0.0	0.0	0.0	0.0
0.0	0.3521549	0.0	0.0	0.0	0.0	0.0	0.0	0.0	0.3967852	0.0	0.0	0.0	0.2510599	0.0	0.0	0.0	0.0	0.0
0.0	0.06779556	0.0	0.0	0.08340231	0.0	0.0	0.25252828	0.11169804	0.0	0.14849304	0.0	0.06531185	0.037495177	0.0	0.23327573	0.0	0.0	0.0
0.0	0.0	0.0	0.0	0.0	0.0	0.0	0.0	0.260754	0.29675135	0.0	0.0	0.0	0.0	0.0	0.44249466	0.0	0.0	0.0
0.0	0.035559487	0.0	0.05266964	0.08359412	0.0	0.0	0.094154924	0.0	0.09033866	0.019375488	0.0	0.049786214	0.23680341	0.0	0.0607692	0.27694887	0.0	0.0
0.0	0.014146071	0.05450482	0.0	0.0	0.0	0.0073998002	0.146082	0.090324104	0.17072214	0.10998464	0.0	0.1603847	0.055678762	0.0	0.14819822	0.042574752	0.0	0.0
0.0	0.0	0.0	0.0	0.0	0.0	0.0	0.0	0.0	0.0	0.0	0.0	0.0	0.0	0.0	1.0	0.0	0.0	0.0
0.0	0.0	0.17049848	0.0	0.11124045	0.0	0.0	0.0	0.0	0.40182433	0.0	0.0	0.0	0.16437012	0.0	0.0	0.0	0.050314426	0.1017522
0.0	0.037521206	0.09336024	0.06027183	0.0	0.060562015	0.0	0.0	0.0	0.12661165	0.0	0.0	0.0	0.0	0.07966584	0.5420072	0.0	0.0	0.0
0.0	0.041131783	0.07833622	0.0	0.09645457	0.0	0.0936734	0.089871615	0.045344923	0.17274435	0.0	0.046713818	0.16447112	0.0	0.07282421	0.09843399	0.0	0.0	0.0
0.0	0.18259454	0.0	0.14578722	0.0	0.0	0.0	0.0	0.17544644	0.17475165	0.0	0.0	0.0	0.0	0.0	0.32142016	0.0	0.0	0.0
0.0	0.0	0.055933584	0.09936126	0.0	0.0	0.0	0.4870067	0.0	0.0	0.35769844	0.0	0.0	0.0	0.0	0.0	0.0	0.0	0.0
0.0	0.0	0.8913939	0.0	0.10860609	0.0	0.0	0.0	0.0	0.0	0.0	0.0	0.0	0.0	0.0	0.0	0.0	0.0	0.0
0.0	0.22537723	0.0	0.0	0.08025384	0.0	0.0	0.0	0.0	0.26841313	0.0	0.0	0.0	0.2137734	0.0	0.15256083	0.0	0.059621558	0.0
0.0	0.0	0.0	0.0	1.0	0.0	0.0	0.0	0.0	0.0	0.0	0.0	0.0	0.0	0.0	0.0	0.0	0.0	0.0
0.0	0.034935635	0.015740111	0.0	0.0	0.0	0.0	0.0	0.03829637	0.3017247	0.0	0.0	0.0	0.0	0.0	0.5577607	0.0	0.051542446	0.0
0.0	0.0	0.0	0.20053789	0.15808803	0.11513383	0.20652762	0.0	0.0	0.0808173	0.0	0.087457895	0.018645003	0.06983951	0.0	0.0	0.0	0.062952936	0.0
0.0	0.31050405	0.0	0.0	0.0	0.0	0.0	0.0	0.0	0.0	0.0	0.0	0.0	0.689496	0.0	0.0	0.0	0.0	0.0
0.0	0.0	0.0	0.0	0.0	0.0	0.0	0.0	0.0	0.0	0.45219564	0.0	0.0	0.0	0.0	0.47957343	0.06823091	0.0	0.0
0.0	0.0	0.0	0.1971433	0.0	0.0	0.0	0.0	0.23098435	0.0	0.20806229	0.0	0.36381006	0.0	0.0	0.0	0.0	0.0	0.0
0.0	0.0	0.0	0.0	0.0	0.0	0.0	0.0	0.0	0.0	0.0	0.0	0.0	0.0	0.0	0.0	0.0	0.0	0.0
0.0	0.0	0.0	0.0	0.0	0.0	0.0	0.28800586	0.0	0.5081346	0.123481385	0.0	0.0	0.080378175	0.0	0.0	0.0	0.0	0.0
0.0	0.08227648	0.0	0.0874172	0.0	0.0	0.0	0.19384666	0.1786566	0.0	0.08854553	0.0	0.04928432	0.31997323	0.0	0.0	0.0	0.0	0.0
0.0	0.23968203	0.48330793	0.0	0.0	0.0	0.0	0.0	0.0	0.0	0.0	0.0	0.0	0.0	0.0	0.0	0.27701002	0.0	0.0
0.0	0.28134713	0.0	0.0	0.0	0.0	0.0	0.113450184	0.17938468	0.0	0.21952215	0.0	0.13841565	0.06788021	0.0	0.0	0.0	0.0	0.0
0.0	0.0	0.19711907	0.14817053	0.02968595	0.0	0.0	0.104726404	0.0	0.22088006	0.030994141	0.0	0.0	0.17205739	0.096366435	0.0	0.0	0.0	0.0
0.0	0.23942564	0.0	0.0	0.21779567	0.0	0.0	0.0	0.0	0.32564247	0.0	0.0	0.0	0.21713622	0.0	0.0	0.0	0.0	0.0
0.0	0.038934674	0.5169367	0.0	0.12198679	0.08035854	0.0	0.0	0.0	0.0	0.0	0.097922884	0.0	0.075438455	0.0	0.0	0.0	0.06842191	0.0
0.0	0.058064662	0.0	0.0	0.054231647	0.0	0.011268426	0.108461715	0.048031196	0.1294798	0.044823073	0.0	0.061645865	0.054807097	0.0	0.42918652	0.0	0.0	0.0
0.0	0.0	0.15210836	0.0	0.095941365	0.033294067	0.0	0.0	0.087230265	0.6056156	0.0	0.0	0.0	0.0	0.0	0.0	0.025810316	0.0	0.0
0.0	0.052075528	0.0	0.0	0.124516815	0.09734075	0.0	0.22675575	0.0	0.0	0.0	0.0	0.14571804	0.0	0.0	0.3535931	0.0	0.0	0.0
0.0	0.4224724	0.0	0.0	0.26589274	0.0	0.0	0.0	0.0	0.31163487	0.0	0.0	0.0	0.0	0.0	0.0	0.0	0.0	0.0
0.0	0.13610594	0.0	0.08327266	0.0	0.0	0.0	0.0	0.21235463	0.19368069	0.0	0.251692	0.0	0.12289408	0.0	0.0	0.0	0.0	0.0
0.0	0.0	0.0	0.0	0.27927035	0.0	0.0	0.45385274	0.0	0.0	0.2668769	0.0	0.0	0.0	0.0	0.0	0.0	0.0	0.0
0.0	0.20772472	0.079542935	0.0	0.15791026	0.09121457	0.0	0.0	0.03265856	0.06764523	0.0	0.024676487	0.012455135	0.025419923	0.0	0.2756246	0.0	0.025127575	0.0
0.0	0.0	0.28566393	0.0	0.14863995	0.0	0.0	0.0	0.0	0.5656961	0.0	0.0	0.0	0.0	0.0	0.0	0.0	0.0	0.0
0.0	0.0	0.0	0.0	0.0	0.0	0.0	0.18961105	0.0	0.16455668	0.111496106	0.16662595	0.29025936	0.07745086	0.0	0.0	0.0	0.0	0.0
0.0	0.22520395	0.0	0.0	0.0	0.0	0.0	0.0	0.0	0.0	0.0	0.0	0.0	0.32654244	0.44825363	0.0	0.0	0.0	0.0
0.0	0.0	0.0	0.091285385	0.0	0.0	0.0	0.14899313	0.0	0.38498414	0.05712576	0.0	0.013582134	0.0	0.0	0.21930331	0.08472612	0.0	0.0
0.0	0.0	0.0	0.0	0.0	0.0	0.0	0.15225197	0.0	0.19895257	0.018710176	0.0	0.084139444	0.0	0.0	0.36178878	0.18415704	0.0	0.0
0.0	0.0	0.0	0.0	0.0	0.15149073	0.111348316	0.0	0.0	0.0	0.0	0.0	0.2663534	0.361919	0.0	0.0	0.0	0.10888857	0.0
0.0	0.0	0.0	0.0	0.0	0.0	0.0	0.0	0.0	0.0	0.5525231	0.0	0.0	0.06943049	0.37804645	0.0	0.0	0.0	0.0
0.0	0.15448333	0.0	0.0	0.0	0.0	0.0	0.26659793	0.0	0.20726411	0.08780209	0.0	0.077236176	0.20661637	0.0	0.0	0.0	0.0	0.0
0.0	0.0	0.0	0.0	0.0	0.0	0.0	0.12842143	0.10894169	0.08622829	0.08123711	0.0	0.3365753	0.0	0.0	0.0	0.25859618	0.0	0.0
0.0	0.0	0.0	0.0	0.0	0.0	0.0	0.0	0.0	0.0	0.0	0.0	0.0	0.0	0.0	1.0	0.0	0.0	0.0
0.0	0.0	0.0	0.0	0.0	0.0	0.0	0.0	0.0	0.0	0.0	0.0	1.0	0.0	0.0	0.0	0.0	0.0	0.0
0.0	0.0	0.0	0.0	1.0	0.0	0.0	0.0	0.0	0.0	0.0	0.0	0.0	0.0	0.0	0.0	0.0	0.0	0.0
0.0	0.49273562	0.22963238	0.0	0.0	0.0	0.0	0.0	0.0	0.0	0.0	0.277632	0.0	0.0	0.0	0.0	0.0	0.0	0.0
0.0	0.49069425	0.0	0.0	0.0	0.0	0.0	0.0	0.0	0.20860937	0.0	0.13743372	0.0	0.11524617	0.0	0.0	0.048016466	0.0	0.0
0.0	0.0	0.0	0.0	0.0	0.0	0.0	0.0	0.0	0.0	0.0	0.0	0.0	0.0	0.0	0.0	0.0	0.0	0.0
0.0	0.12539534	0.0	0.0	0.0	0.0	0.27982855	0.0	0.0	0.0	0.0	0.0	0.0	0.5947761	0.0	0.0	0.0	0.0	0.0
0.0	0.10616712	0.0	0.0	0.0	0.0	0.0	0.0	0.0	0.7775461	0.0	0.0	0.11628677	0.0	0.0	0.0	0.0	0.0	0.0
0.0	0.0	0.0	0.0	0.0	0.0	0.0	0.0	0.0	1.0	0.0	0.0	0.0	0.0	0.0	0.0	0.0	0.0	0.0
0.0	0.506734	0.0	0.0	0.0	0.0	0.0	0.0	0.33086476	0.0	0.0	0.0	0.0	0.0	0.0	0.0	0.1624012	0.0	0.0
0.0	0.38952395	0.0	0.0	0.0	0.0	0.0	0.0	0.39472395	0.0	0.0	0.0	0.0	0.0	0.0	0.0	0.21575208	0.0	0.0
0.0	0.47779337	0.0	0.0	0.0	0.0	0.0	0.0	0.3810662	0.0	0.0	0.0	0.0	0.076470405	0.0	0.0	0.06467005	0.0	0.0
0.0	0.0689821	0.0	0.0	0.0	0.0	0.0	0.0	0.0	0.0	0.0	0.0	0.0	0.0	0.51677805	0.0	0.13274156	0.0	0.28149828
0.0	0.0	0.0	0.0	0.0	0.075766526	0.0	0.0	0.0	0.0	0.37921038	0.17105347	0.0	0.12433404	0.24963559	0.0	0.0	0.0	0.0
0.0	0.0	0.0	0.0	1.0	0.0	0.0	0.0	0.0	0.0	0.0	0.0	0.0	0.0	0.0	0.0	0.0	0.0	0.0
0.0	0.0	0.0	0.0	0.0	0.0	0.54234636	0.0	0.0	0.0	0.0	0.0	0.1816379	0.0	0.0	0.0	0.2760158	0.0	0.0
0.0	0.0	0.0	0.0	0.0	0.0	0.0	0.0	0.0	0.0	0.0	0.0	0.0	0.0	0.0	0.0	0.0	0.0	0.0
0.0	0.0	0.0	0.0	0.0	0.0	0.0	0.41051656	0.5102716	0.0	0.07921187	0.0	0.0	0.0	0.0	0.0	0.0	0.0	0.0
0.0	0.47166693	0.0	0.20015515	0.0	0.0	0.0	0.0	0.0	0.20293063	0.0	0.0	0.0	0.12524728	0.0	0.0	0.0	0.0	0.0
0.0	0.0	0.0	0.0	0.16902144	0.0	0.21134825	0.0	0.0	0.44762304	0.0	0.0	0.0	0.0	0.17200726	0.0	0.0	0.0	0.0
0.0	0.0	0.30401617	0.0	0.0	0.0	0.0	0.0	0.0	0.2755402	0.22999768	0.0	0.0	0.0	0.0	0.0	0.0	0.19044593	0.0
0.0	0.0	0.27768314	0.0	0.0	0.26498792	0.0	0.0	0.0	0.048453867	0.0	0.0	0.0	0.0	0.0	0.0	0.0	0.40887508	0.0
0.0	0.0	0.0	0.0	0.0	0.0	0.11967904	0.0	0.0	0.5788832	0.0	0.24155423	0.0	0.0	0.0	0.0	0.0	0.0	0.05988359
0.0	0.0	0.0	0.0	0.0952942	0.0	0.5921122	0.0	0.31259358	0.0	0.0	0.0	0.0	0.0	0.0	0.0	0.0	0.0	0.0
0.0	0.0	0.21454905	0.18650478	0.0	0.0	0.20576271	0.0	0.0	0.15384209	0.0	0.117863104	0.0	0.018332021	0.0	0.0	0.0	0.10314625	0.0
0.0	0.0	0.0	0.0	0.0	0.0	0.0	0.0	0.0	0.0	0.0	0.0	0.0	1.0	0.0	0.0	0.0	0.0	0.0
0.0	0.17889431	0.0	0.14319322	0.16842288	0.0	0.0	0.0	0.0	0.30462563	0.0	0.038750958	0.0	0.03962674	0.0	0.0	0.0	0.12648626	0.0
0.0	0.0	0.0	0.0	0.0	0.0	0.0	0.0	0.0	0.0	0.0	0.0	0.0	1.0	0.0	0.0	0.0	0.0	0.0
0.0	0.0	0.0	0.0	0.0	0.054652117	0.0	0.0	0.0	0.2952955	0.0	0.1338323	0.0	0.44977817	0.0	0.0	0.0	0.066441886	0.0
0.0	0.0	0.0	0.6587756	0.0	0.0	0.0	0.0	0.0	0.34122437	0.0	0.0	0.0	0.0	0.0	0.0	0.0	0.0	0.0
0.0	0.0	0.0	0.0	0.0	0.2706863	0.0	0.0	0.37778455	0.0	0.0	0.0	0.35152915	0.0	0.0	0.0	0.0	0.0	0.0
0.0	0.0	0.0	0.0	0.0	1.0	0.0	0.0	0.0	0.0	0.0	0.0	0.0	0.0	0.0	0.0	0.0	0.0	0.0
0.0	0.05560959	0.024794795	0.068805285	0.050547604	0.18904899	0.06689194	0.0	0.12423941	0.06757892	0.0	0.0	0.0	0.015132186	0.0	0.27864254	0.058708742	0.0	0.0
0.0	0.0	0.0	0.0	0.0	0.0	0.0	0.0	0.0	0.0	0.0	0.0	0.0	0.0	0.0	0.0	0.0	0.0	0.0
0.0	0.0	0.3068231	0.0	0.0	0.0	0.0	0.0	0.0	0.0	0.0	0.54174936	0.0	0.0	0.0	0.0	0.15142754	0.0	0.0
0.0	0.3202121	0.0	0.0	0.0	0.0	0.67978793	0.0	0.0	0.0	0.0	0.0	0.0	0.0	0.0	0.0	0.0	0.0	0.0
0.0	0.18944909	0.0	0.0	0.0	0.033002924	0.0	0.0	0.0	0.5044624	0.24012597	0.0	0.0	0.032959614	0.0	0.0	0.0	0.0	0.0
0.0	0.0	0.0	0.0	0.0	0.0	0.0	0.0	0.0	0.0	0.36203024	0.0	0.0	0.07055834	0.0	0.5674114	0.0	0.0	0.0
0.0	0.0	0.0	0.0	0.0	0.0	0.0	0.0	0.0	0.0	1.0	0.0	0.0	0.0	0.0	0.0	0.0	0.0	0.0
0.0	0.0	0.0	0.0	0.0	0.0	0.0	0.0	0.0	0.44580054	0.0	0.0	0.0	0.29061478	0.0	0.0	0.0	0.26358467	0.0
0.0	0.0	0.0	0.0	0.0	0.0	0.0	0.0	0.0	0.0	0.0	0.0	0.0	0.0	0.0	0.0	0.0	0.0	0.0
0.0	0.0	0.0	0.0	0.0	0.0	0.0	0.0	0.0	0.0	0.0	0.0	0.0	0.0	1.0	0.0	0.0	0.0	0.0
0.0	0.0	0.0	0.0	0.06912637	0.0	0.0	0.0	0.09030247	0.18138894	0.2001907	0.16159791	0.0	0.034488417	0.10704431	0.11216068	0.04370021	0.0	0.0
0.0	0.0	0.0	0.0	0.0	0.0	0.0	0.3021183	0.0	0.20968257	0.17765322	0.18680447	0.0	0.0	0.123741426	0.0	0.0	0.0	0.0
0.0	0.0	0.0	0.0	0.0	0.0	0.0	0.0	0.0	1.0	0.0	0.0	0.0	0.0	0.0	0.0	0.0	0.0	0.0
0.0	0.0	0.0	0.0	0.0	0.0	0.0	0.0	0.0	0.0	0.0	0.0	0.0	0.0	0.0	0.0	0.0	0.0	0.0
0.0	0.0	0.0	0.0	0.0	0.0	0.0	0.0	0.0	0.0	0.0	0.0	0.0	0.0	0.0	0.0	0.0	0.0	0.0
0.0	0.0	0.0	0.0	0.0	0.0	0.0	0.0	0.0	0.0	0.0	0.0	0.0	1.0	0.0	0.0	0.0	0.0	0.0
0.0	0.26524493	0.0	0.0	0.0	0.0	0.0	0.0	0.0	0.5072115	0.0	0.0	0.0	0.0	0.0	0.0	0.07291545	0.0	0.15462808
0.0	0.0	0.0	0.0	0.0	0.14856896	0.0	0.0	0.0	0.22792754	0.15075408	0.4727494	0.0	0.0	0.0	0.0	0.0	0.0	0.0
0.0	0.0	0.0	0.0	0.0	0.13953549	0.0	0.0	0.13252643	0.29584116	0.0	0.0	0.0	0.0	0.0	0.43209693	0.0	0.0	0.0
0.0	0.0	0.0	0.0	0.0	0.0	0.0	0.0	1.0	0.0	0.0	0.0	0.0	0.0	0.0	0.0	0.0	0.0	0.0
0.0	0.0	0.0	0.0	0.0	0.0	0.0	0.0	0.0	0.0	0.0	0.0	0.0	0.0	0.0	0.0	0.0	0.0	0.0
0.0	0.0	0.0	0.0	0.0	0.0	0.0	0.0	0.0	0.59359616	0.0	0.40640384	0.0	0.0	0.0	0.0	0.0	0.0	0.0
0.0	0.0	0.0	0.0	0.0	0.0	0.0	0.0	0.0	0.9000509	0.09994909	0.0	0.0	0.0	0.0	0.0	0.0	0.0	0.0
0.0	0.0	0.5282213	0.0	0.23218909	0.0	0.0	0.0	0.0	0.0	0.0	0.2395896	0.0	0.0	0.0	0.0	0.0	0.0	0.0
0.0	0.0	0.0	0.0	0.0	0.0	0.47040826	0.0	0.16785654	0.16682774	0.19490746	0.0	0.0	0.0	0.0	0.0	0.0	0.0	0.0
0.0	0.0	0.0	0.0	0.0	0.0	0.0	0.0	0.0	0.0	0.0	0.0	0.0	0.0	0.0	0.0	0.0	0.0	0.0
0.0	0.0	0.40166214	0.0	0.0	0.38329878	0.0	0.0	0.0	0.0	0.0	0.0	0.0	0.21503907	0.0	0.0	0.0	0.0	0.0
0.0	0.0	0.229269	0.0	0.3264226	0.14225604	0.30205235	0.0	0.0	0.0	0.0	0.0	0.0	0.0	0.0	0.0	0.0	0.0	0.0
0.0	0.0	0.0	0.0	0.25446472	0.0	0.0	0.28536162	0.04005995	0.22796375	0.10064593	0.0	0.0	0.0	0.060449492	0.0	0.031054566	0.0	0.0
0.0	0.09974953	0.0	0.0	0.0	0.0	0.0	0.0	0.6034886	0.0	0.0	0.0	0.0	0.29676187	0.0	0.0	0.0	0.0	0.0
0.0	0.0	0.0	0.0	1.0	0.0	0.0	0.0	0.0	0.0	0.0	0.0	0.0	0.0	0.0	0.0	0.0	0.0	0.0
0.0	0.0	0.0	0.0	0.0	0.0	1.0	0.0	0.0	0.0	0.0	0.0	0.0	0.0	0.0	0.0	0.0	0.0	0.0
0.0	0.0	0.0	0.0	0.0	0.0	0.0	0.0	0.0	0.0	0.0	0.0	0.0	0.0	0.0	0.0	0.0	0.0	0.0
0.0	0.0	0.5209352	0.0	0.3992694	0.0	0.0	0.0	0.0	0.0	0.0	0.0	0.0797954	0.0	0.0	0.0	0.0	0.0	0.0
0.0	0.0	0.0	0.0	0.0	0.0	0.0	0.0	1.0	0.0	0.0	0.0	0.0	0.0	0.0	0.0	0.0	0.0	0.0
0.0	0.0	0.0	0.0	0.0	0.0	0.0	0.0	0.0	1.0	0.0	0.0	0.0	0.0	0.0	0.0	0.0	0.0	0.0
0.0	0.0	0.0	0.0	0.16199398	0.0	0.0	0.0	0.0	0.0	0.0	0.0	0.0	0.54282194	0.0	0.0	0.0	0.29518408	0.0
0.0	0.0	0.0	0.0	0.0	0.18056816	0.0	0.0	0.0	0.0	0.0	0.0	0.0	0.7561332	0.0	0.0	0.0	0.063298605	0.0
0.0	0.28171164	0.0	0.44181943	0.0	0.0	0.0	0.0	0.0	0.0	0.0	0.0	0.0	0.27646893	0.0	0.0	0.0	0.0	0.0
0.0	0.0	0.08077475	0.0	0.0	0.0	0.0	0.0	0.8377224	0.0	0.0	0.0	0.0	0.08150281	0.0	0.0	0.0	0.0	0.0
0.0	0.0	0.0	0.0	0.0	0.0	0.0	0.1565492	0.22780454	0.08937913	0.23094182	0.0	0.0	0.0	0.0	0.0	0.14624949	0.1490758	0.0
0.0	0.0	0.0	0.24432202	0.0	0.0	0.0	0.0	0.0	0.6027932	0.0	0.0	0.0	0.15288475	0.0	0.0	0.0	0.0	0.0
0.0	0.0	0.0	0.0	0.0	0.0	0.0	0.0	0.0	0.0	0.0	0.0	0.0	0.0	0.0	1.0	0.0	0.0	0.0
0.0	0.08162583	0.0	0.0	0.036488254	0.0	0.0	0.0	0.0	0.6270119	0.0	0.25487402	0.0	0.0	0.0	0.0	0.0	0.0	0.0
0.0	0.30998	0.0	0.0	0.69001997	0.0	0.0	0.0	0.0	0.0	0.0	0.0	0.0	0.0	0.0	0.0	0.0	0.0	0.0
0.0	0.21406536	0.0	0.0	0.4203826	0.0	0.0	0.0	0.0	0.0	0.0	0.0	0.0	0.0	0.36555207	0.0	0.0	0.0	0.0
0.0	0.3007173	0.0	0.22128223	0.068473436	0.05352896	0.0	0.15268703	0.0	0.018261386	0.0	0.0	0.0	0.09283114	0.0	0.092218526	0.0	0.0	0.0
0.0	0.19587965	0.0	0.17261396	0.37025526	0.26125115	0.0	0.0	0.0	0.0	0.0	0.0	0.0	0.0	0.0	0.0	0.0	0.0	0.0
0.0	0.27841172	0.0	0.014233168	0.27276337	0.0	0.0	0.14539778	0.029491149	0.0	0.0	0.0	0.0	0.0	0.11767274	0.0	0.0	0.0	0.14203008
0.0	0.26117393	0.0	0.0	0.0	0.0	0.0	0.0	0.0	0.73882604	0.0	0.0	0.0	0.0	0.0	0.0	0.0	0.0	0.0
0.0	0.0	0.0	0.0	0.0	0.0	0.0	0.0	0.0	1.0	0.0	0.0	0.0	0.0	0.0	0.0	0.0	0.0	0.0
0.0	0.26748708	0.0	0.0	0.0	0.0	0.0	0.0	0.34905463	0.21212882	0.0	0.0	0.0	0.0	0.0	0.0	0.17132947	0.0	0.0
0.0	0.0	0.0	0.0	0.0	0.0	0.0	0.0	0.0	0.0	0.0	0.0	0.28423926	0.49444735	0.077331945	0.0	0.14398146	0.0	0.0
0.0	0.0	0.0	0.0	0.0	0.0	0.0	0.0	0.0	0.32739505	0.0	0.0	0.0	0.0	0.0	0.27375987	0.39884508	0.0	0.0
0.0	0.0	0.0	0.0	0.38757506	0.0	0.43772307	0.0	0.0	0.17470185	0.0	0.0	0.0	0.0	0.0	0.0	0.0	0.0	0.0
0.0	0.0	0.06367235	0.0	0.09706898	0.0	0.0	0.17789833	0.0	0.0	0.15740357	0.29853904	0.0	0.072125256	0.0	0.0	0.0	0.06541688	0.067875594
0.0	0.0	0.0	0.0	0.083262645	0.0	0.0	0.19432154	0.0	0.0	0.17193477	0.32609957	0.0	0.07878372	0.0	0.0	0.0	0.07145603	0.07414173
0.0	0.0	0.0	0.0	0.0	0.0	0.0	0.0	0.0	0.0	0.0	0.82308066	0.0	0.0	0.0	0.0	0.0	0.0	0.17691934
0.0	0.0	0.0	0.0	0.0	0.0	0.0	0.0	0.0	0.0	1.0	0.0	0.0	0.0	0.0	0.0	0.0	0.0	0.0
0.0	0.46719262	0.0	0.19609016	0.0	0.0	0.0	0.0	0.0	0.0	0.0	0.0	0.0	0.12270362	0.0	0.0	0.0	0.0	0.21401359
0.0	0.0	0.0	0.0	0.0	0.0	0.0	0.0	0.0	0.39221492	0.0	0.50600815	0.10177696	0.0	0.0	0.0	0.0	0.0	0.0
0.0	0.0	0.0	0.5749282	0.4250718	0.0	0.0	0.0	0.0	0.0	0.0	0.0	0.0	0.0	0.0	0.0	0.0	0.0	0.0
0.0	0.0	0.0	0.0	0.0	0.0	0.0	0.0	1.0	0.0	0.0	0.0	0.0	0.0	0.0	0.0	0.0	0.0	0.0
0.0	0.0	0.0	0.0	0.0	1.0	0.0	0.0	0.0	0.0	0.0	0.0	0.0	0.0	0.0	0.0	0.0	0.0	0.0
0.0	0.0	0.0	0.0	0.0	0.0	0.0	0.0	0.0	0.0	0.0	0.0	0.0	1.0	0.0	0.0	0.0	0.0	0.0
0.0	0.0	0.0	0.0	0.0	0.0	0.0	0.0	0.0	0.0	0.0	0.0	0.0	1.0	0.0	0.0	0.0	0.0	0.0
0.0	0.0	0.0	0.0	0.0	0.0	0.0	0.0	0.0	0.67114055	0.0	0.0	0.0	0.32885945	0.0	0.0	0.0	0.0	0.0
0.0	0.0	0.0	0.0	0.24167447	0.0	0.0	0.0	0.0	0.0	0.0	0.0	0.53524405	0.22308148	0.0	0.0	0.0	0.0	0.0
0.0	0.0	0.0	0.0	0.0	0.0	0.0	0.0	0.0	0.0	0.0	0.0	0.0	0.0	0.0	0.0	0.0	0.0	0.0
0.0	0.3005008	0.0	0.0	0.0	0.0	0.0	0.0	0.0	0.0	0.6994992	0.0	0.0	0.0	0.0	0.0	0.0	0.0	0.0
0.0	0.0	0.0	0.0	0.122552834	0.0	0.38074213	0.0	0.28105283	0.0	0.21565221	0.0	0.0	0.0	0.0	0.0	0.0	0.0	0.0
0.0	0.0	0.0	0.0	0.17090607	0.0	0.0	0.0	0.22326125	0.350588	0.0	0.0	0.0	0.25524467	0.0	0.0	0.0	0.0	0.0
0.0	0.0	0.0	0.0	0.8120822	0.18791783	0.0	0.0	0.0	0.0	0.0	0.0	0.0	0.0	0.0	0.0	0.0	0.0	0.0
0.0	0.0	0.0	0.0	0.0	0.0	0.0	0.0	0.0	1.0	0.0	0.0	0.0	0.0	0.0	0.0	0.0	0.0	0.0
0.0	0.0	0.0	0.0	0.4335876	0.0	0.0	0.0	0.5664124	0.0	0.0	0.0	0.0	0.0	0.0	0.0	0.0	0.0	0.0
0.0	0.0	0.0	0.0	0.4335876	0.0	0.0	0.0	0.5664124	0.0	0.0	0.0	0.0	0.0	0.0	0.0	0.0	0.0	0.0
0.0	0.0	0.35399228	0.0	0.0	0.0	0.0	0.0	0.0	0.0	0.0	0.0	0.0	0.0	0.42425507	0.0	0.0	0.22175264	0.0
0.0	0.0	0.0	0.0	0.0	0.0	0.0	0.0	0.0	0.0	0.0	0.0	0.0	0.0	0.0	1.0	0.0	0.0	0.0
0.0	0.47534263	0.0	0.0	0.0	0.0	0.0	0.0	0.0	0.0	0.0	0.0	0.35083583	0.0	0.0	0.0	0.0	0.0	0.17382152
0.0	0.0	0.0	0.0	0.0	0.0	0.0	0.0	0.0	0.40745533	0.0	0.0	0.23175265	0.36079204	0.0	0.0	0.0	0.0	0.0
0.0	0.0	0.0	0.0	0.0	0.0	0.0	0.0	0.0	0.6782593	0.0	0.0	0.0	0.32174066	0.0	0.0	0.0	0.0	0.0
0.0	0.0	0.0	0.0	0.0	0.0	0.0	0.0	0.0	0.0	0.0	0.0	0.0	0.0	0.0	0.0	0.0	0.0	1.0
0.0	0.0	0.0	0.0	0.0	0.0	0.0	0.0	0.0	0.0	0.0	0.0	0.0	0.0	0.0	0.0	0.0	0.0	0.0
0.0	0.0	0.0	0.0	0.0	0.0	0.0	0.0	0.0	0.0	0.0	0.0	0.0	0.0	0.0	0.0	0.0	0.0	0.0
0.0	0.0	0.0	0.18846501	0.0	0.0	0.0	0.0	0.0	0.19748542	0.0	0.0	0.0	0.3019222	0.0	0.0	0.03828699	0.27384037	0.0
0.0	0.37497512	0.0	0.2061959	0.0	0.0	0.0	0.0	0.0	0.0	0.26479688	0.0	0.0	0.12902729	0.0	0.0	0.0	0.0	0.025004782
0.0	0.5100293	0.0	0.28046116	0.0	0.0	0.0	0.0	0.0	0.0	0.0	0.0	0.0	0.17549884	0.0	0.0	0.0	0.0	0.034010712
0.0	0.23480637	0.0	0.0	0.0	0.0	0.0	0.0	0.76519364	0.0	0.0	0.0	0.0	0.0	0.0	0.0	0.0	0.0	0.0
0.0	0.34267372	0.0	0.0	0.0	0.0	0.0	0.0	0.6573263	0.0	0.0	0.0	0.0	0.0	0.0	0.0	0.0	0.0	0.0
0.0	0.0	0.0	0.0	0.0	0.0	0.0	0.0	0.0	0.0	0.0	0.0	0.0	0.0	0.0	0.0	0.0	0.0	0.0
0.0	0.0	0.0	0.0	0.0	0.0	0.0	0.0	0.0	0.0	0.0	0.0	0.0	0.0	0.0	0.0	0.0	0.0	0.0
0.0	0.0	0.0	0.0	0.0	0.0	0.0	0.0	0.0	0.0	0.0	0.0	0.0	0.0	0.0	0.0	0.0	0.0	0.0
0.0	0.0	0.0	0.0	0.0	0.0	0.36210603	0.0	0.0	0.0	0.637894	0.0	0.0	0.0	0.0	0.0	0.0	0.0	0.0
0.0	0.0	0.0	0.0	0.0	0.0	0.27736545	0.0	0.0	0.0	0.72263455	0.0	0.0	0.0	0.0	0.0	0.0	0.0	0.0
0.0	0.0	0.0	0.0	0.0	0.0	1.0	0.0	0.0	0.0	0.0	0.0	0.0	0.0	0.0	0.0	0.0	0.0	0.0
0.0	0.0	0.06490754	0.0	0.0	0.0	0.0	0.0	0.0	0.020954955	0.23443308	0.11001244	0.0	0.0	0.52953243	0.0	0.040159553	0.0	0.0
0.0	0.0	0.0	0.0	0.0	0.0	0.0	0.0	0.0	0.0	0.21401906	0.33870426	0.0	0.0	0.0	0.0	0.0	0.0	0.44727668
0.0	0.0	0.0	0.0	0.0	0.0	0.0	0.0	0.0	0.0	0.0	0.0	0.0	1.0	0.0	0.0	0.0	0.0	0.0
0.0	0.08777524	0.0	0.0	0.11915733	0.0	0.0	0.0	0.0	0.0	0.0	0.0	0.0	0.28895962	0.34155092	0.0	0.0	0.1625569	0.0
0.0	0.11807562	0.0	0.0	0.12525515	0.0	0.0	0.0	0.0	0.0	0.0	0.0	0.0	0.3526189	0.20568128	0.0	0.0	0.19836904	0.0
0.0	0.0	0.0	0.0	0.0	0.0	0.0	0.0	0.0	0.8142871	0.0	0.18571287	0.0	0.0	0.0	0.0	0.0	0.0	0.0
0.0	0.0	0.0	0.0	0.0	0.0	0.0	0.0	0.0	0.50243324	0.0	0.49756676	0.0	0.0	0.0	0.0	0.0	0.0	0.0
0.0	0.0	0.0	0.0	0.3444961	0.0	0.0	0.0	0.45002866	0.115142316	0.0	0.0	0.0	0.0	0.0	0.09033295	0.0	0.0	0.0
0.0	0.08058695	0.0	0.0	0.0	0.0	0.0	0.20484656	0.63578093	0.0	0.07878556	0.0	0.0	0.0	0.0	0.0	0.0	0.0	0.0
0.0	0.0	0.0	0.0	0.0	0.0	0.0	0.0	1.0	0.0	0.0	0.0	0.0	0.0	0.0	0.0	0.0	0.0	0.0
0.0	0.0	0.0	0.0	0.0	0.0	0.0	0.0	1.0	0.0	0.0	0.0	0.0	0.0	0.0	0.0	0.0	0.0	0.0
0.0	0.0	0.0	0.0	0.47920138	0.0	0.0	0.5207986	0.0	0.0	0.0	0.0	0.0	0.0	0.0	0.0	0.0	0.0	0.0
0.0	0.0	0.0	0.0	1.0	0.0	0.0	0.0	0.0	0.0	0.0	0.0	0.0	0.0	0.0	0.0	0.0	0.0	0.0
0.0	0.0	0.6388168	0.0	0.30957273	0.0	0.0	0.0	0.0	0.0	0.0	0.0	0.0	0.0	0.0	0.0	0.0	0.0	0.051610474
0.0	0.468391	0.0	0.0	0.0	0.0	0.0	0.0	0.0	0.3727466	0.0	0.0	0.0	0.0	0.0	0.0	0.0	0.0	0.15886244
0.0	0.0	0.0	0.0	1.0	0.0	0.0	0.0	0.0	0.0	0.0	0.0	0.0	0.0	0.0	0.0	0.0	0.0	0.0
0.0	0.0	0.49308166	0.0	0.10979128	0.0	0.0	0.0	0.14297523	0.25415182	0.0	0.0	0.0	0.0	0.0	0.0	0.0	0.0	0.0
0.0	0.0	0.2543196	0.0	0.6376372	0.0	0.0	0.0	0.0	0.0	0.0	0.0	0.0	0.10804321	0.0	0.0	0.0	0.0	0.0
0.0	0.0	0.04659334	0.0	0.11187779	0.73127085	0.0	0.0	0.0	0.0	0.0	0.0	0.0	0.0	0.0	0.0	0.110258035	0.0	0.0
0.0	0.0	0.36892584	0.0	0.0	0.18087667	0.0	0.11702819	0.0	0.0	0.05650145	0.016741356	0.0	0.0	0.22539227	0.0	0.0	0.034534212	0.0
0.0	0.0	0.38894132	0.0	0.0	0.13950334	0.0	0.13175243	0.0	0.0	0.063610345	0.0	0.0	0.0	0.25375065	0.0	0.0	0.02244191	0.0
0.0	0.0	0.45956877	0.0	0.0	0.0	0.0	0.0	0.0	0.0	0.0	0.0	0.0	0.0	0.0	0.0	0.54043126	0.0	0.0
0.0	0.0	0.43077594	0.0	0.0	0.40753463	0.0	0.0	0.0	0.0	0.0	0.0	0.0	0.0	0.0	0.0	0.0	0.16168945	0.0
0.0	0.0	0.55030686	0.0	0.0	0.4496931	0.0	0.0	0.0	0.0	0.0	0.0	0.0	0.0	0.0	0.0	0.0	0.0	0.0
0.0	0.0	0.55030686	0.0	0.0	0.4496931	0.0	0.0	0.0	0.0	0.0	0.0	0.0	0.0	0.0	0.0	0.0	0.0	0.0
0.0	0.0	0.41554686	0.08689634	0.0	0.37439907	0.0	0.0	0.0	0.0	0.0	0.0	0.0	0.0	0.12315774	0.0	0.0	0.0	0.0
0.0	0.0	0.22240797	0.0	0.0	0.6229915	0.0	0.0	0.0	0.059000116	0.0	0.0	0.0	0.018946515	0.0	0.0	0.07665388	0.0	0.0
0.0	0.0	0.511697	0.0	0.0	0.48830304	0.0	0.0	0.0	0.0	0.0	0.0	0.0	0.0	0.0	0.0	0.0	0.0	0.0
0.0	0.0	0.0	0.0	0.0	0.0	0.0	0.0	0.0	0.0	0.0	0.0	0.0	0.0	0.0	0.0	0.0	0.0	0.0
0.0	0.0	0.0	0.0	0.0	0.0	0.0	0.0	0.0	0.0	0.0	0.0	0.0	0.0	0.0	0.0	0.0	0.0	0.0
0.0	0.0	0.0	0.0	0.0	0.0	0.0	0.0	0.0	0.0	0.0	0.0	0.0	0.0	0.0	0.0	0.0	1.0	0.0
0.0	0.0	0.0	0.0	0.0	0.0	0.0	0.0	0.0	0.0	0.0	0.0	0.0	0.0	0.0	0.0	0.0	0.0	1.0
0.0	0.0	0.0	0.0	0.0	0.0	0.0	0.0	0.0	0.0	0.0	0.0	0.0	0.0	0.0	0.0	0.0	0.0	1.0
0.0	0.0	0.0	0.0	0.0	0.0	0.0	0.0	0.0	0.0	0.0	0.616846	0.0	0.06630399	0.0	0.0	0.0	0.0	0.31685
0.0	0.0	0.0	0.0	0.0	0.0	0.0	0.0	0.0	0.0	0.0	0.0	0.0	0.0	0.0	0.0	0.0	0.0	0.0
0.0	0.0	0.0	0.0	0.0	0.0	0.0	0.0	0.0	0.0	0.0	0.04919111	0.13138936	0.0	0.81941956	0.0	0.0	0.0	0.0
0.0	0.0	0.0	0.0	0.0	0.0	0.0	0.0	0.0	0.0	0.0	0.04919111	0.13138936	0.0	0.81941956	0.0	0.0	0.0	0.0
0.0	0.0	0.0	0.0	0.0	0.0	0.0	0.0	0.0	0.0	0.0	0.0	0.0	0.0	0.0	0.0	0.0	0.0	0.0
0.0	0.0	0.0	0.0	0.0	0.0	0.0	0.0	0.0	0.0	1.0	0.0	0.0	0.0	0.0	0.0	0.0	0.0	0.0
0.0	0.0	0.0	0.0	0.0	0.0	0.0	0.0	0.0	0.0	1.0	0.0	0.0	0.0	0.0	0.0	0.0	0.0	0.0
0.0	0.0	0.0	0.0	0.0	0.0	0.0	0.0	0.0	0.0	0.8255631	0.0	0.0	0.17443694	0.0	0.0	0.0	0.0	0.0
0.0	0.0	0.031163787	0.0	0.0	0.6224843	0.0	0.0	0.0	0.050164443	0.037352346	0.022365114	0.024647055	0.14001065	0.0	0.0	0.07181229	0.0	0.0
0.0	0.0	0.0	0.0	0.0	0.6927793	0.0	0.0	0.0	0.0	0.0	0.0	0.0	0.14003178	0.0	0.049050964	0.101017766	0.0	0.017120156
0.0	0.0	0.0	0.0	0.0	0.0	0.0945471	0.0	0.0	0.5091663	0.0	0.0	0.0	0.39628658	0.0	0.0	0.0	0.0	0.0
0.0	0.0	0.0	0.0	0.0	0.0	0.0	0.0	0.0	1.0	0.0	0.0	0.0	0.0	0.0	0.0	0.0	0.0	0.0
0.0	0.0	0.0	0.12409102	0.0	0.0	0.0	0.0	0.0	0.875909	0.0	0.0	0.0	0.0	0.0	0.0	0.0	0.0	0.0
0.0	0.0	0.0	0.0	0.0	0.45162004	0.0	0.0	0.0	0.0	0.0	0.0	0.0	0.0	0.3173356	0.0	0.23104437	0.0	0.0
0.0	0.0	0.0	0.0	0.0	0.19685155	0.0	0.20293976	0.0	0.19604836	0.11933373	0.10225752	0.07320561	0.0	0.0	0.10936345	0.0	0.0	0.0
0.0	0.66254145	0.0	0.0	0.0	0.0	0.0	0.0	0.0	0.0	0.0	0.0	0.0	0.0	0.0	0.0	0.33745852	0.0	0.0
0.0	0.0	0.0	0.0	0.0	0.4252422	0.0	0.0	0.0	0.0	0.0	0.0	0.5045606	0.0	0.0	0.0	0.0701972	0.0	0.0
0.0	0.0	0.0	0.0	0.0	0.49353066	0.0	0.0	0.0	0.0	0.0	0.0	0.4017362	0.0	0.0	0.0	0.10473315	0.0	0.0
0.0	0.1647549	0.0	0.0	0.0	0.0	0.0	0.0	0.0	0.0	0.0	0.0	0.83524513	0.0	0.0	0.0	0.0	0.0	0.0
0.0	0.0	0.44054767	0.0	0.0	0.38863647	0.0	0.0	0.0	0.0	0.0	0.0	0.0	0.0	0.0	0.0	0.0	0.17081584	0.0
0.0	0.0	0.0	0.0	0.0	0.0	0.0	0.0	0.0	0.0	0.0	0.0	0.0	0.0	0.0	0.0	0.0	0.0	0.0
0.0	0.0	0.0	0.0	0.0	0.0	0.0	0.0	0.0	1.0	0.0	0.0	0.0	0.0	0.0	0.0	0.0	0.0	0.0
0.0	0.0	0.0	0.0	0.18914871	0.0	0.0	0.0	0.0	0.0	0.50768363	0.0	0.0	0.30316764	0.0	0.0	0.0	0.0	0.0
0.0	0.0	0.0	0.0	0.0	0.0	0.0	0.0	0.0	0.8582667	0.14173327	0.0	0.0	0.0	0.0	0.0	0.0	0.0	0.0
0.0	0.0	0.0	0.0	0.0	0.0	0.0	0.0	0.0	0.0	0.0	0.0	0.0	0.0	0.0	0.0	0.0	0.0	0.0
0.0	0.0	0.0	0.0	0.0	0.0	0.0	1.0	0.0	0.0	0.0	0.0	0.0	0.0	0.0	0.0	0.0	0.0	0.0
0.0	0.0	0.0	0.0	0.0	0.0	0.0	0.0	0.0	0.0	0.0	0.0	0.0	1.0	0.0	0.0	0.0	0.0	0.0
0.0	0.0	0.0	0.0	0.0	0.0	0.0	0.0	0.0	0.0	0.0	0.0	0.0	1.0	0.0	0.0	0.0	0.0	0.0
0.0	0.0	0.0	0.0	0.0	0.0	0.0	0.0	0.0	0.0	0.0	0.0	0.0	1.0	0.0	0.0	0.0	0.0	0.0
0.0	0.13743563	0.0	0.0	0.0	0.0	0.0	0.0	0.0	0.5079012	0.0	0.0	0.0	0.0	0.0	0.3546632	0.0	0.0	0.0
0.0	0.016899224	0.1061515	0.0	0.114071384	0.0	0.13716318	0.16712636	0.09567827	0.24451104	0.0	0.0	0.0	0.014596335	0.0877581	0.0	0.0	0.016044624	0.0
0.0	0.0	0.0	0.0	0.0	0.15949292	0.0	0.1891595	0.0	0.0472736	0.1760957	0.1808387	0.17120357	0.0	0.0	0.0	0.0	0.0	0.075936005
0.0	0.0	0.0	0.0	0.0	0.0	0.0	0.0	0.0	0.0	0.0	0.0	0.18132405	0.0	0.0	0.81867594	0.0	0.0	0.0
0.0	0.0	0.0	0.0	0.8132682	0.0	0.0	0.0	0.0	0.0	0.0	0.0	0.18673183	0.0	0.0	0.0	0.0	0.0	0.0
0.0	0.0	0.03617748	0.0	0.0	0.34701303	0.14377682	0.0	0.0	0.26221427	0.0	0.0	0.0	0.13399942	0.0	0.07681897	0.0	0.0	0.0
0.0	0.0	0.0	0.0	0.0	0.17178203	0.042947028	0.0	0.06740693	0.17355236	0.34461972	0.0	0.0	0.0	0.0	0.19969192	0.0	0.0	0.0
0.0	0.0	0.0	0.46629047	0.0	0.0	0.0	0.0	0.0	0.0	0.0	0.0	0.0	0.0	0.0	0.5337095	0.0	0.0	0.0
0.0	0.0	0.0	0.0	0.0	0.0	0.0	0.0	0.0	0.0	0.0	0.0	0.0	0.82075727	0.0	0.0	0.0	0.0	0.17924272
0.0	0.0	0.0	0.0	0.0	0.0	0.0	0.0	0.0	0.0	0.0	0.0	0.0	0.0	0.0	0.0	0.0	0.0	0.0
0.0	0.0	0.0	0.0	0.0	0.0	0.0	0.0	0.0	0.0	0.0	0.0	0.0	0.0	0.0	0.0	0.0	0.0	0.0
0.0	0.0	0.0	0.0	0.0	0.0	0.0	0.0	0.0	0.0	0.0	0.0	0.0	1.0	0.0	0.0	0.0	0.0	0.0
0.0	0.0	0.0	0.0	0.0	0.0	0.0	0.0	0.0	0.0	0.0	0.0	0.0	1.0	0.0	0.0	0.0	0.0	0.0
0.0	0.0	0.0	0.0	0.0	0.0	0.0	0.218934	0.0	0.32408983	0.18351504	0.0	0.11716874	0.0	0.0	0.08719671	0.06909568	0.0	0.0
0.0	0.1347328	0.0	0.044738036	0.0	0.0	0.058804717	0.1509212	0.0	0.20880444	0.031057028	0.0	0.0	0.12907517	0.0	0.2418666	0.0	0.0	0.0
0.0	0.058932092	0.0	0.0	0.0	0.078401566	0.0	0.0	0.7194293	0.0	0.0	0.0	0.0	0.14323701	0.0	0.0	0.0	0.0	0.0
0.0	0.0	0.0	0.0	0.0	0.0	0.0	0.0	0.0	0.0	0.0	0.0	0.0	0.0	0.0	0.0	0.0	0.0	0.0
0.0	0.0	0.0	0.0	0.43681842	0.0	0.0	0.0	0.0	0.0	0.0	0.0	0.110425316	0.029550958	0.07535428	0.34785104	0.0	0.0	0.0
0.0	0.15791646	0.0	0.0	0.0	0.0	0.5603983	0.0	0.0	0.28168526	0.0	0.0	0.0	0.0	0.0	0.0	0.0	0.0	0.0
0.0	0.093432374	0.0	0.0	0.0	0.0	0.0	0.0	0.0	0.7071118	0.0	0.0	0.0	0.0	0.0	0.0	0.0	0.19945586	0.0
0.0	0.0	0.0	0.0	0.0	0.0	0.0	0.0	0.0	0.0	0.0	0.39792344	0.0	0.0	0.0	0.0	0.0	0.0	0.6020766
0.0	0.0	0.0	0.0	0.0	0.29721314	0.23027077	0.0	0.23589507	0.0	0.0	0.11500705	0.0	0.0	0.0	0.0	0.09085565	0.03075833	0.0
0.0	0.0	0.0	0.0	0.0	0.0	0.47417155	0.0	0.0	0.0	0.0	0.0	0.3981607	0.0	0.0	0.12766775	0.0	0.0	0.0
0.0	0.0	0.0	0.0	0.0	0.0	0.0	0.0	0.0	0.0	0.0	0.0	0.0	0.0	0.0	0.0	0.0	1.0	0.0
0.0	0.0	0.5991316	0.0	0.0	0.40086842	0.0	0.0	0.0	0.0	0.0	0.0	0.0	0.0	0.0	0.0	0.0	0.0	0.0
0.0	0.0	0.0	0.0	0.0	0.0	0.0	0.0	0.0	0.0	0.0	0.0	0.0	0.0	0.0	0.0	0.0	0.0	0.0
0.0	0.0	0.0	0.0	0.0	0.773652	0.0	0.0	0.0	0.0	0.0	0.0	0.0	0.0	0.0	0.0	0.22634797	0.0	0.0
0.0	0.0	0.4526343	0.15678315	0.14509717	0.24548538	0.0	0.0	0.0	0.0	0.0	0.0	0.0	0.0	0.0	0.0	0.0	0.0	0.0
0.0	0.0	0.0	0.0	0.0	0.76180345	0.0	0.0	0.0	0.07943582	0.0	0.0	0.0	0.0	0.0	0.0	0.15876076	0.0	0.0
0.0	0.0	0.0	0.0	0.0	0.0	0.0	0.0	0.0	0.0	0.0	0.39792344	0.0	0.0	0.0	0.0	0.0	0.0	0.6020766
0.0	0.03019475	0.0	0.0	0.097078085	0.0	0.12794133	0.0	0.0	0.40234372	0.13803753	0.0	0.0	0.05964932	0.0	0.0	0.14475527	0.0	0.0
0.0	0.0	0.0	0.0	0.0	0.09002221	0.0	0.0	0.43186942	0.31123173	0.0	0.0	0.16687667	0.0	0.0	0.0	0.0	0.0	0.0
0.0	0.0	0.0	0.0	0.0	0.0	0.0	0.0	0.0	0.0	0.0	0.19547567	0.0	0.8045243	0.0	0.0	0.0	0.0	0.0
0.0	0.0	0.0	0.0	0.14936788	0.0	0.0	0.0	0.19512506	0.0	0.0	0.0	0.0	0.655507	0.0	0.0	0.0	0.0	0.0
0.0	0.0	0.0	0.0	0.13968349	0.0	0.0	0.0	0.18168262	0.0	0.0	0.0	0.0	0.0	0.0	0.0	0.0	0.6786339	0.0
0.0	0.0	0.0	0.0	0.0	0.0	0.0	0.0	0.0	0.0	0.0	0.0	0.0	1.0	0.0	0.0	0.0	0.0	0.0
0.0	0.0	0.0	0.0	0.0	0.0	0.0	0.0	0.0	0.0	0.0	0.0	0.0	0.0	0.0	0.0	0.0	0.0	0.0
0.0	0.0	0.0	0.0	1.0	0.0	0.0	0.0	0.0	0.0	0.0	0.0	0.0	0.0	0.0	0.0	0.0	0.0	0.0
0.0	1.0	0.0	0.0	0.0	0.0	0.0	0.0	0.0	0.0	0.0	0.0	0.0	0.0	0.0	0.0	0.0	0.0	0.0
0.0	0.0	0.0	0.0	0.0	0.0	0.0	0.0	0.0	0.0	0.0	0.0	0.0	0.0	0.0	0.0	0.0	0.0	0.0
0.0	0.0	0.0	0.0	0.0	0.0	0.0	0.0	0.0	1.0	0.0	0.0	0.0	0.0	0.0	0.0	0.0	0.0	0.0
0.0	0.0	0.0	0.0	0.0	1.0	0.0	0.0	0.0	0.0	0.0	0.0	0.0	0.0	0.0	0.0	0.0	0.0	0.0
0.0	0.0	0.0	0.31584504	0.0	0.216109	0.0	0.0	0.0	0.0	0.2704056	0.0	0.0	0.19764036	0.0	0.0	0.0	0.0	0.0
0.0	0.0	0.0	0.0	0.0	0.0	1.0	0.0	0.0	0.0	0.0	0.0	0.0	0.0	0.0	0.0	0.0	0.0	0.0
0.0	0.0	0.0	0.0	0.0	0.0	1.0	0.0	0.0	0.0	0.0	0.0	0.0	0.0	0.0	0.0	0.0	0.0	0.0
0.0	0.0	0.0	0.0	0.0	0.0	0.10124557	0.0	0.0	0.1691833	0.19583458	0.0	0.0	0.0	0.5337365	0.0	0.0	0.0	0.0
0.0	0.0	0.0	0.0	0.0	0.0	0.0	0.0	0.0	0.0	0.0	1.0	0.0	0.0	0.0	0.0	0.0	0.0	0.0
0.0	0.0	0.0	0.0	0.0	0.0	1.0	0.0	0.0	0.0	0.0	0.0	0.0	0.0	0.0	0.0	0.0	0.0	0.0
0.0	0.14464957	0.0	0.0	0.0	0.314285	0.0	0.0	0.0	0.0	0.0	0.0	0.0	0.4334235	0.0	0.0	0.0	0.10764192	0.0
0.0	0.0	0.0	0.0	0.0	0.0	0.0	0.23034714	0.0	0.0	0.0	0.0	0.53769547	0.23195739	0.0	0.0	0.0	0.0	0.0
0.0	0.0	0.0	0.0	0.0	0.0	0.0	0.80009174	0.0	0.0	0.046424575	0.0	0.10979612	0.043687563	0.0	0.0	0.0	0.0	0.0
0.0	0.0	0.0	0.0	0.0	0.0	0.0	0.0	0.0	0.15468474	0.0	0.5271887	0.31812653	0.0	0.0	0.0	0.0	0.0	0.0
0.0	0.0	0.4672953	0.0	0.0	0.0	0.5327047	0.0	0.0	0.0	0.0	0.0	0.0	0.0	0.0	0.0	0.0	0.0	0.0
0.0	0.0	0.25213146	0.0	0.74786854	0.0	0.0	0.0	0.0	0.0	0.0	0.0	0.0	0.0	0.0	0.0	0.0	0.0	0.0
0.0	0.0	0.6837952	0.08731893	0.0	0.0	0.0	0.0	0.0	0.0	0.0	0.0	0.0	0.0	0.0	0.0	0.0	0.22888583	0.0
0.0	0.0	0.06637508	0.0	0.0	0.7738461	0.0	0.0	0.0	0.0	0.0	0.0	0.0	0.0	0.0	0.0	0.15977882	0.0	0.0
0.0	0.0	0.0	0.0	0.0	0.7774006	0.0	0.0	0.0	0.0	0.0	0.0	0.10560406	0.0	0.0	0.0	0.116995305	0.0	0.0
0.0	0.0	0.0	0.0	0.0	0.6062965	0.0	0.0	0.0	0.0	0.0	0.0	0.0	0.20541954	0.0	0.0	0.18828401	0.0	0.0
0.0	0.0	0.0	0.0	0.0	0.44884124	0.4117721	0.0	0.0	0.0	0.0	0.0	0.0	0.0	0.0	0.0	0.13938665	0.0	0.0
0.0	0.0	0.0	0.0	0.0	0.0	0.0	0.0	0.0	0.8090249	0.0	0.0	0.0	0.0	0.0	0.0	0.0	0.0	0.19097513
0.0	0.0	0.0	0.0	1.0	0.0	0.0	0.0	0.0	0.0	0.0	0.0	0.0	0.0	0.0	0.0	0.0	0.0	0.0
0.0	0.0	0.0	0.0	0.0	0.0	0.0	0.0	0.0	0.0	0.0	0.0	0.0	0.0	0.0	0.0	0.0	0.0	0.0
0.0	0.0	0.0	0.0	0.0	0.0	0.0	0.0	0.0	0.39552763	0.0	0.0	0.0	0.095015645	0.46470952	0.0	0.0	0.04474721	0.0
0.0	0.0	0.0	0.0	0.0	0.0	0.0	0.0	0.0	0.0	0.0	0.0	0.0	0.0	0.0	0.0	0.0	0.0	0.0
0.0	0.0	0.0	0.0	0.0	0.0	0.0	0.0	0.0	0.0	0.0	0.0	0.0	0.0	0.0	0.0	0.0	0.0	0.0
0.0	0.0	0.0	0.0	0.0	0.0	0.36495522	0.0	0.064466275	0.0	0.5093586	0.0	0.0	0.061219946	0.0	0.0	0.0	0.0	0.0
0.0	0.0	0.16897592	0.0	0.0	0.3150811	0.0	0.0	0.0	0.0	0.0	0.0	0.515943	0.0	0.0	0.0	0.0	0.0	0.0
0.0	0.0	0.0	0.0	0.0	0.0	0.0	0.0	0.0	0.0	0.069770195	0.21044832	0.0	0.0	0.6568021	0.0	0.0	0.06297933	0.0
0.0	0.0	0.0	0.0	0.0	0.1655096	0.0	0.2669459	0.0	0.0	0.18499991	0.09816537	0.0	0.0	0.0	0.0	0.18068388	0.10369533	0.0
0.0	0.0	0.0	0.0	0.09642599	0.0	0.0	0.0	0.0	0.6533006	0.0	0.0	0.25027344	0.0	0.0	0.0	0.0	0.0	0.0
0.0	1.0	0.0	0.0	0.0	0.0	0.0	0.0	0.0	0.0	0.0	0.0	0.0	0.0	0.0	0.0	0.0	0.0	0.0
0.0	0.56402147	0.06571504	0.0	0.0	0.0	0.21297145	0.0	0.0	0.0	0.0	0.0	0.0	0.15729202	0.0	0.0	0.0	0.0	0.0
0.0	0.0	0.0	0.0	0.0	0.0	0.47153628	0.0	0.0	0.0	0.0	0.5284637	0.0	0.0	0.0	0.0	0.0	0.0	0.0
